student name,student id,student sis,course,course id,course sis,section,section id,section sis,term,term id,term sis,current score,final score,enrollment state,unposted current score,unposted final score,override score,current grade,final grade,unposted current grade,unposted final grade,override grade
Trevor H. Vincent,10091,SYN-JHS-000100,Grade 7 Araling Panlipunan,20001,SYN-JHS-COURSE-000009,Grade 7 Araling Panlipunan,20076,,INST JHS MLA_AY 2023-2024_Annual_Official,20001,SY_2023_JHS_OFFICIAL,72.73,72.73,active,72.73,72.73,,82,82,82,82,
James V. Reed,10087,SYN-JHS-000097,Grade 7 Araling Panlipunan,20001,SYN-JHS-COURSE-000009,Grade 7 Araling Panlipunan,20076,,INST JHS MLA_AY 2023-2024_Annual_Official,20001,SY_2023_JHS_OFFICIAL,90.07,90.07,active,90.07,90.07,,93,93,93,93,
Rebecca K. Barry,10058,SYN-JHS-000073,Grade 7 Araling Panlipunan,20001,SYN-JHS-COURSE-000009,Grade 7 Araling Panlipunan,20076,,INST JHS MLA_AY 2023-2024_Annual_Official,20001,SY_2023_JHS_OFFICIAL,75.86,75.86,active,75.86,75.86,,84,84,84,84,
David H. Kent,10038,SYN-JHS-000048,Grade 7 Araling Panlipunan,20001,SYN-JHS-COURSE-000009,Grade 7 Araling Panlipunan,20076,,INST JHS MLA_AY 2023-2024_Annual_Official,20001,SY_2023_JHS_OFFICIAL,73.7,73.7,active,73.7,73.7,,83,83,83,83,
Adam P. Davis,10071,SYN-JHS-000085,Grade 7 Araling Panlipunan,20001,SYN-JHS-COURSE-000009,Grade 7 Araling Panlipunan,20076,,INST JHS MLA_AY 2023-2024_Annual_Official,20001,SY_2023_JHS_OFFICIAL,0.0,0.0,active,0.0,0.0,,60,60,60,60,
Amber C. Hall,10050,SYN-JHS-000060,Grade 7 Araling Panlipunan,20001,SYN-JHS-COURSE-000009,Grade 7 Araling Panlipunan,20076,,INST JHS MLA_AY 2023-2024_Annual_Official,20001,SY_2023_JHS_OFFICIAL,67.49,67.49,active,67.49,67.49,,79,79,79,79,
Angela J. Flores,10095,SYN-JHS-000104,Grade 7 Araling Panlipunan,20001,SYN-JHS-COURSE-000009,Grade 7 Araling Panlipunan,20076,,INST JHS MLA_AY 2023-2024_Annual_Official,20001,SY_2023_JHS_OFFICIAL,89.27,89.27,active,89.27,89.27,,93,93,93,93,
Paul K. Green,10062,SYN-JHS-000080,Grade 7 Araling Panlipunan,20001,SYN-JHS-COURSE-000009,Grade 7 Araling Panlipunan,20076,,INST JHS MLA_AY 2023-2024_Annual_Official,20001,SY_2023_JHS_OFFICIAL,71.12,71.12,active,71.12,71.12,,81,81,81,81,
Shawn S. Wall,10090,SYN-JHS-000099,Grade 7 Araling Panlipunan,20001,SYN-JHS-COURSE-000009,Grade 7 Araling Panlipunan,20076,,INST JHS MLA_AY 2023-2024_Annual_Official,20001,SY_2023_JHS_OFFICIAL,71.53,71.53,active,71.53,71.53,,82,82,82,82,
Michelle B. Graham,10083,SYN-JHS-000064,Grade 7 Araling Panlipunan,20001,SYN-JHS-COURSE-000009,Grade 7 Araling Panlipunan,20076,,INST JHS MLA_AY 2023-2024_Annual_Official,20001,SY_2023_JHS_OFFICIAL,80.92,80.92,active,80.92,80.92,,88,88,88,88,
Paul M. Walker,10088,SYN-JHS-000098,Grade 7 Araling Panlipunan,20001,SYN-JHS-COURSE-000009,Grade 7 Araling Panlipunan,20076,,INST JHS MLA_AY 2023-2024_Annual_Official,20001,SY_2023_JHS_OFFICIAL,73.85,73.85,active,73.85,73.85,,83,83,83,83,
Stephanie S. Cameron,10064,SYN-JHS-000082,Grade 7 Araling Panlipunan,20001,SYN-JHS-COURSE-000009,Grade 7 Araling Panlipunan,20076,,INST JHS MLA_AY 2023-2024_Annual_Official,20001,SY_2023_JHS_OFFICIAL,73.35,73.35,active,73.35,73.35,,83,83,83,83,
Lauren C. Gibson,10041,SYN-JHS-000051,Grade 7 Araling Panlipunan,20001,SYN-JHS-COURSE-000009,Grade 7 Araling Panlipunan,20076,,INST JHS MLA_AY 2023-2024_Annual_Official,20001,SY_2023_JHS_OFFICIAL,62.35,62.35,active,62.35,62.35,,76,76,76,76,
Megan D. Cameron,10033,SYN-JHS-000043,Grade 7 Araling Panlipunan,20001,SYN-JHS-COURSE-000009,Grade 7 Araling Panlipunan,20076,,INST JHS MLA_AY 2023-2024_Annual_Official,20001,SY_2023_JHS_OFFICIAL,74.49,74.49,active,74.49,74.49,,84,84,84,84,
Thomas J. Young,10084,SYN-JHS-000077,Grade 7 Araling Panlipunan,20001,SYN-JHS-COURSE-000009,Grade 7 Araling Panlipunan,20076,,INST JHS MLA_AY 2023-2024_Annual_Official,20001,SY_2023_JHS_OFFICIAL,82.24,82.24,active,82.24,82.24,,88,88,88,88,
Gregory R. Carpenter,10052,SYN-JHS-000067,Grade 7 Araling Panlipunan,20001,SYN-JHS-COURSE-000009,Grade 7 Araling Panlipunan,20076,,INST JHS MLA_AY 2023-2024_Annual_Official,20001,SY_2023_JHS_OFFICIAL,64.09,64.09,active,64.09,64.09,,77,77,77,77,
Maria M. Swanson,10067,SYN-JHS-000086,Grade 7 Araling Panlipunan,20001,SYN-JHS-COURSE-000009,Grade 7 Araling Panlipunan,20076,,INST JHS MLA_AY 2023-2024_Annual_Official,20001,SY_2023_JHS_OFFICIAL,83.27,83.27,active,83.27,83.27,,89,89,89,89,
Kari T. Porter,10085,SYN-JHS-000078,Grade 7 Araling Panlipunan,20001,SYN-JHS-COURSE-000009,Grade 7 Araling Panlipunan,20076,,INST JHS MLA_AY 2023-2024_Annual_Official,20001,SY_2023_JHS_OFFICIAL,74.93,74.93,active,74.93,74.93,,84,84,84,84,
Virginia K. Peterson,10078,SYN-JHS-000095,Grade 7 Araling Panlipunan,20001,SYN-JHS-COURSE-000009,Grade 7 Araling Panlipunan,20076,,INST JHS MLA_AY 2023-2024_Annual_Official,20001,SY_2023_JHS_OFFICIAL,93.43,93.43,active,93.43,93.43,,95,95,95,95,
Kevin A. Campbell,10040,SYN-JHS-000049,Grade 7 Araling Panlipunan,20001,SYN-JHS-COURSE-000009,Grade 7 Araling Panlipunan,20076,,INST JHS MLA_AY 2023-2024_Annual_Official,20001,SY_2023_JHS_OFFICIAL,84.68,84.68,active,84.68,84.68,,90,90,90,90,
Bradley M. Turner,10072,SYN-JHS-000088,Grade 7 Araling Panlipunan,20001,SYN-JHS-COURSE-000009,Grade 7 Araling Panlipunan,20076,,INST JHS MLA_AY 2023-2024_Annual_Official,20001,SY_2023_JHS_OFFICIAL,0.0,0.0,active,0.0,0.0,,60,60,60,60,
Maria M. Swanson,10067,SYN-JHS-000086,Grade 7 English,20002,SYN-JHS-COURSE-000010,Grade 7 English,20077,,INST JHS MLA_AY 2023-2024_Annual_Official,20001,SY_2023_JHS_OFFICIAL,79.35,79.35,active,79.35,79.35,,87,87,87,87,
Kari T. Porter,10085,SYN-JHS-000078,Grade 7 English,20002,SYN-JHS-COURSE-000010,Grade 7 English,20077,,INST JHS MLA_AY 2023-2024_Annual_Official,20001,SY_2023_JHS_OFFICIAL,50.05,50.05,active,50.05,50.05,,72,72,72,72,
Virginia K. Peterson,10078,SYN-JHS-000095,Grade 7 English,20002,SYN-JHS-COURSE-000010,Grade 7 English,20077,,INST JHS MLA_AY 2023-2024_Annual_Official,20001,SY_2023_JHS_OFFICIAL,93.2,93.2,active,93.2,93.2,,95,95,95,95,
Kevin A. Campbell,10040,SYN-JHS-000049,Grade 7 English,20002,SYN-JHS-COURSE-000010,Grade 7 English,20077,,INST JHS MLA_AY 2023-2024_Annual_Official,20001,SY_2023_JHS_OFFICIAL,80.26,80.26,active,80.26,80.26,,87,87,87,87,
Trevor H. Vincent,10091,SYN-JHS-000100,Grade 7 English,20002,SYN-JHS-COURSE-000010,Grade 7 English,20077,,INST JHS MLA_AY 2023-2024_Annual_Official,20001,SY_2023_JHS_OFFICIAL,72.37,72.37,active,72.37,72.37,,82,82,82,82,
James V. Reed,10087,SYN-JHS-000097,Grade 7 English,20002,SYN-JHS-COURSE-000010,Grade 7 English,20077,,INST JHS MLA_AY 2023-2024_Annual_Official,20001,SY_2023_JHS_OFFICIAL,90.0,90.0,active,90.0,90.0,,93,93,93,93,
Rebecca K. Barry,10058,SYN-JHS-000073,Grade 7 English,20002,SYN-JHS-COURSE-000010,Grade 7 English,20077,,INST JHS MLA_AY 2023-2024_Annual_Official,20001,SY_2023_JHS_OFFICIAL,86.25,86.25,active,86.25,86.25,,91,91,91,91,
David H. Kent,10038,SYN-JHS-000048,Grade 7 English,20002,SYN-JHS-COURSE-000010,Grade 7 English,20077,,INST JHS MLA_AY 2023-2024_Annual_Official,20001,SY_2023_JHS_OFFICIAL,70.85,70.85,active,70.85,70.85,,81,81,81,81,
Adam P. Davis,10071,SYN-JHS-000085,Grade 7 English,20002,SYN-JHS-COURSE-000010,Grade 7 English,20077,,INST JHS MLA_AY 2023-2024_Annual_Official,20001,SY_2023_JHS_OFFICIAL,0.0,0.0,active,0.0,0.0,,60,60,60,60,
Amber C. Hall,10050,SYN-JHS-000060,Grade 7 English,20002,SYN-JHS-COURSE-000010,Grade 7 English,20077,,INST JHS MLA_AY 2023-2024_Annual_Official,20001,SY_2023_JHS_OFFICIAL,71.11,71.11,active,71.11,71.11,,81,81,81,81,
Angela J. Flores,10095,SYN-JHS-000104,Grade 7 English,20002,SYN-JHS-COURSE-000010,Grade 7 English,20077,,INST JHS MLA_AY 2023-2024_Annual_Official,20001,SY_2023_JHS_OFFICIAL,81.96,81.96,active,81.96,81.96,,88,88,88,88,
Paul K. Green,10062,SYN-JHS-000080,Grade 7 English,20002,SYN-JHS-COURSE-000010,Grade 7 English,20077,,INST JHS MLA_AY 2023-2024_Annual_Official,20001,SY_2023_JHS_OFFICIAL,56.25,56.25,active,56.25,56.25,,74,74,74,74,
Shawn S. Wall,10090,SYN-JHS-000099,Grade 7 English,20002,SYN-JHS-COURSE-000010,Grade 7 English,20077,,INST JHS MLA_AY 2023-2024_Annual_Official,20001,SY_2023_JHS_OFFICIAL,56.76,56.76,active,56.76,56.76,,74,74,74,74,
Michelle B. Graham,10083,SYN-JHS-000064,Grade 7 English,20002,SYN-JHS-COURSE-000010,Grade 7 English,20077,,INST JHS MLA_AY 2023-2024_Annual_Official,20001,SY_2023_JHS_OFFICIAL,77.94,77.94,active,77.94,77.94,,86,86,86,86,
Paul M. Walker,10088,SYN-JHS-000098,Grade 7 English,20002,SYN-JHS-COURSE-000010,Grade 7 English,20077,,INST JHS MLA_AY 2023-2024_Annual_Official,20001,SY_2023_JHS_OFFICIAL,71.65,71.65,active,71.65,71.65,,82,82,82,82,
Stephanie S. Cameron,10064,SYN-JHS-000082,Grade 7 English,20002,SYN-JHS-COURSE-000010,Grade 7 English,20077,,INST JHS MLA_AY 2023-2024_Annual_Official,20001,SY_2023_JHS_OFFICIAL,66.74,66.74,active,66.74,66.74,,79,79,79,79,
Lauren C. Gibson,10041,SYN-JHS-000051,Grade 7 English,20002,SYN-JHS-COURSE-000010,Grade 7 English,20077,,INST JHS MLA_AY 2023-2024_Annual_Official,20001,SY_2023_JHS_OFFICIAL,62.47,62.47,active,62.47,62.47,,76,76,76,76,
Megan D. Cameron,10033,SYN-JHS-000043,Grade 7 English,20002,SYN-JHS-COURSE-000010,Grade 7 English,20077,,INST JHS MLA_AY 2023-2024_Annual_Official,20001,SY_2023_JHS_OFFICIAL,76.47,76.47,active,76.47,76.47,,85,85,85,85,
Thomas J. Young,10084,SYN-JHS-000077,Grade 7 English,20002,SYN-JHS-COURSE-000010,Grade 7 English,20077,,INST JHS MLA_AY 2023-2024_Annual_Official,20001,SY_2023_JHS_OFFICIAL,94.5,94.5,active,94.5,94.5,,96,96,96,96,
Gregory R. Carpenter,10052,SYN-JHS-000067,Grade 7 English,20002,SYN-JHS-COURSE-000010,Grade 7 English,20077,,INST JHS MLA_AY 2023-2024_Annual_Official,20001,SY_2023_JHS_OFFICIAL,41.21,41.21,active,41.21,41.21,,70,70,70,70,
Bradley M. Turner,10072,SYN-JHS-000088,Grade 7 English,20002,SYN-JHS-COURSE-000010,Grade 7 English,20077,,INST JHS MLA_AY 2023-2024_Annual_Official,20001,SY_2023_JHS_OFFICIAL,0.0,0.0,active,0.0,0.0,,60,60,60,60,
Shawn S. Wall,10090,SYN-JHS-000099,Grade 7 Edukasyon sa Pagpapakatao,20003,SYN-JHS-COURSE-000011,Grade 7 Edukasyon sa Pagpapakatao,20078,,INST JHS MLA_AY 2023-2024_Annual_Official,20001,SY_2023_JHS_OFFICIAL,75.75,75.75,active,75.75,75.75,,84,84,84,84,
Michelle B. Graham,10083,SYN-JHS-000064,Grade 7 Edukasyon sa Pagpapakatao,20003,SYN-JHS-COURSE-000011,Grade 7 Edukasyon sa Pagpapakatao,20078,,INST JHS MLA_AY 2023-2024_Annual_Official,20001,SY_2023_JHS_OFFICIAL,73.5,73.5,active,73.5,73.5,,83,83,83,83,
Paul M. Walker,10088,SYN-JHS-000098,Grade 7 Edukasyon sa Pagpapakatao,20003,SYN-JHS-COURSE-000011,Grade 7 Edukasyon sa Pagpapakatao,20078,,INST JHS MLA_AY 2023-2024_Annual_Official,20001,SY_2023_JHS_OFFICIAL,69.75,69.75,active,69.75,69.75,,81,81,81,81,
Stephanie S. Cameron,10064,SYN-JHS-000082,Grade 7 Edukasyon sa Pagpapakatao,20003,SYN-JHS-COURSE-000011,Grade 7 Edukasyon sa Pagpapakatao,20078,,INST JHS MLA_AY 2023-2024_Annual_Official,20001,SY_2023_JHS_OFFICIAL,60.0,60.0,active,60.0,60.0,,75,75,75,75,
Lauren C. Gibson,10041,SYN-JHS-000051,Grade 7 Edukasyon sa Pagpapakatao,20003,SYN-JHS-COURSE-000011,Grade 7 Edukasyon sa Pagpapakatao,20078,,INST JHS MLA_AY 2023-2024_Annual_Official,20001,SY_2023_JHS_OFFICIAL,72.0,72.0,active,72.0,72.0,,82,82,82,82,
Megan D. Cameron,10033,SYN-JHS-000043,Grade 7 Edukasyon sa Pagpapakatao,20003,SYN-JHS-COURSE-000011,Grade 7 Edukasyon sa Pagpapakatao,20078,,INST JHS MLA_AY 2023-2024_Annual_Official,20001,SY_2023_JHS_OFFICIAL,86.0,86.0,active,86.0,86.0,,91,91,91,91,
Thomas J. Young,10084,SYN-JHS-000077,Grade 7 Edukasyon sa Pagpapakatao,20003,SYN-JHS-COURSE-000011,Grade 7 Edukasyon sa Pagpapakatao,20078,,INST JHS MLA_AY 2023-2024_Annual_Official,20001,SY_2023_JHS_OFFICIAL,99.0,99.0,active,99.0,99.0,,99,99,99,99,
Gregory R. Carpenter,10052,SYN-JHS-000067,Grade 7 Edukasyon sa Pagpapakatao,20003,SYN-JHS-COURSE-000011,Grade 7 Edukasyon sa Pagpapakatao,20078,,INST JHS MLA_AY 2023-2024_Annual_Official,20001,SY_2023_JHS_OFFICIAL,70.5,70.5,active,70.5,70.5,,81,81,81,81,
Maria M. Swanson,10067,SYN-JHS-000086,Grade 7 Edukasyon sa Pagpapakatao,20003,SYN-JHS-COURSE-000011,Grade 7 Edukasyon sa Pagpapakatao,20078,,INST JHS MLA_AY 2023-2024_Annual_Official,20001,SY_2023_JHS_OFFICIAL,93.75,93.75,active,93.75,93.75,,96,96,96,96,
Kari T. Porter,10085,SYN-JHS-000078,Grade 7 Edukasyon sa Pagpapakatao,20003,SYN-JHS-COURSE-000011,Grade 7 Edukasyon sa Pagpapakatao,20078,,INST JHS MLA_AY 2023-2024_Annual_Official,20001,SY_2023_JHS_OFFICIAL,69.25,69.25,active,69.25,69.25,,80,80,80,80,
Virginia K. Peterson,10078,SYN-JHS-000095,Grade 7 Edukasyon sa Pagpapakatao,20003,SYN-JHS-COURSE-000011,Grade 7 Edukasyon sa Pagpapakatao,20078,,INST JHS MLA_AY 2023-2024_Annual_Official,20001,SY_2023_JHS_OFFICIAL,97.0,97.0,active,97.0,97.0,,98,98,98,98,
Kevin A. Campbell,10040,SYN-JHS-000049,Grade 7 Edukasyon sa Pagpapakatao,20003,SYN-JHS-COURSE-000011,Grade 7 Edukasyon sa Pagpapakatao,20078,,INST JHS MLA_AY 2023-2024_Annual_Official,20001,SY_2023_JHS_OFFICIAL,90.0,90.0,active,90.0,90.0,,93,93,93,93,
Trevor H. Vincent,10091,SYN-JHS-000100,Grade 7 Edukasyon sa Pagpapakatao,20003,SYN-JHS-COURSE-000011,Grade 7 Edukasyon sa Pagpapakatao,20078,,INST JHS MLA_AY 2023-2024_Annual_Official,20001,SY_2023_JHS_OFFICIAL,91.25,91.25,active,91.25,91.25,,94,94,94,94,
James V. Reed,10087,SYN-JHS-000097,Grade 7 Edukasyon sa Pagpapakatao,20003,SYN-JHS-COURSE-000011,Grade 7 Edukasyon sa Pagpapakatao,20078,,INST JHS MLA_AY 2023-2024_Annual_Official,20001,SY_2023_JHS_OFFICIAL,94.75,94.75,active,94.75,94.75,,96,96,96,96,
Rebecca K. Barry,10058,SYN-JHS-000073,Grade 7 Edukasyon sa Pagpapakatao,20003,SYN-JHS-COURSE-000011,Grade 7 Edukasyon sa Pagpapakatao,20078,,INST JHS MLA_AY 2023-2024_Annual_Official,20001,SY_2023_JHS_OFFICIAL,88.0,88.0,active,88.0,88.0,,92,92,92,92,
David H. Kent,10038,SYN-JHS-000048,Grade 7 Edukasyon sa Pagpapakatao,20003,SYN-JHS-COURSE-000011,Grade 7 Edukasyon sa Pagpapakatao,20078,,INST JHS MLA_AY 2023-2024_Annual_Official,20001,SY_2023_JHS_OFFICIAL,90.75,90.75,active,90.75,90.75,,94,94,94,94,
Adam P. Davis,10071,SYN-JHS-000085,Grade 7 Edukasyon sa Pagpapakatao,20003,SYN-JHS-COURSE-000011,Grade 7 Edukasyon sa Pagpapakatao,20078,,INST JHS MLA_AY 2023-2024_Annual_Official,20001,SY_2023_JHS_OFFICIAL,0.0,0.0,active,0.0,0.0,,60,60,60,60,
Amber C. Hall,10050,SYN-JHS-000060,Grade 7 Edukasyon sa Pagpapakatao,20003,SYN-JHS-COURSE-000011,Grade 7 Edukasyon sa Pagpapakatao,20078,,INST JHS MLA_AY 2023-2024_Annual_Official,20001,SY_2023_JHS_OFFICIAL,71.0,71.0,active,71.0,71.0,,81,81,81,81,
Angela J. Flores,10095,SYN-JHS-000104,Grade 7 Edukasyon sa Pagpapakatao,20003,SYN-JHS-COURSE-000011,Grade 7 Edukasyon sa Pagpapakatao,20078,,INST JHS MLA_AY 2023-2024_Annual_Official,20001,SY_2023_JHS_OFFICIAL,91.0,91.0,active,91.0,91.0,,94,94,94,94,
Paul K. Green,10062,SYN-JHS-000080,Grade 7 Edukasyon sa Pagpapakatao,20003,SYN-JHS-COURSE-000011,Grade 7 Edukasyon sa Pagpapakatao,20078,,INST JHS MLA_AY 2023-2024_Annual_Official,20001,SY_2023_JHS_OFFICIAL,74.75,74.75,active,74.75,74.75,,84,84,84,84,
Bradley M. Turner,10072,SYN-JHS-000088,Grade 7 Edukasyon sa Pagpapakatao,20003,SYN-JHS-COURSE-000011,Grade 7 Edukasyon sa Pagpapakatao,20078,,INST JHS MLA_AY 2023-2024_Annual_Official,20001,SY_2023_JHS_OFFICIAL,0.0,0.0,active,0.0,0.0,,60,60,60,60,
Trevor H. Vincent,10091,SYN-JHS-000100,Grade 7 Filipino,20004,SYN-JHS-COURSE-000012,Grade 7 Filipino,20079,,INST JHS MLA_AY 2023-2024_Annual_Official,20001,SY_2023_JHS_OFFICIAL,76.4,76.4,active,76.4,76.4,,85,85,85,85,
James V. Reed,10087,SYN-JHS-000097,Grade 7 Filipino,20004,SYN-JHS-COURSE-000012,Grade 7 Filipino,20079,,INST JHS MLA_AY 2023-2024_Annual_Official,20001,SY_2023_JHS_OFFICIAL,91.0,91.0,active,91.0,91.0,,94,94,94,94,
Rebecca K. Barry,10058,SYN-JHS-000073,Grade 7 Filipino,20004,SYN-JHS-COURSE-000012,Grade 7 Filipino,20079,,INST JHS MLA_AY 2023-2024_Annual_Official,20001,SY_2023_JHS_OFFICIAL,91.25,91.25,active,91.25,91.25,,94,94,94,94,
David H. Kent,10038,SYN-JHS-000048,Grade 7 Filipino,20004,SYN-JHS-COURSE-000012,Grade 7 Filipino,20079,,INST JHS MLA_AY 2023-2024_Annual_Official,20001,SY_2023_JHS_OFFICIAL,84.8,84.8,active,84.8,84.8,,90,90,90,90,
Adam P. Davis,10071,SYN-JHS-000085,Grade 7 Filipino,20004,SYN-JHS-COURSE-000012,Grade 7 Filipino,20079,,INST JHS MLA_AY 2023-2024_Annual_Official,20001,SY_2023_JHS_OFFICIAL,0.0,0.0,active,0.0,0.0,,60,60,60,60,
Amber C. Hall,10050,SYN-JHS-000060,Grade 7 Filipino,20004,SYN-JHS-COURSE-000012,Grade 7 Filipino,20079,,INST JHS MLA_AY 2023-2024_Annual_Official,20001,SY_2023_JHS_OFFICIAL,74.8,74.8,active,74.8,74.8,,84,84,84,84,
Angela J. Flores,10095,SYN-JHS-000104,Grade 7 Filipino,20004,SYN-JHS-COURSE-000012,Grade 7 Filipino,20079,,INST JHS MLA_AY 2023-2024_Annual_Official,20001,SY_2023_JHS_OFFICIAL,88.75,88.75,active,88.75,88.75,,92,92,92,92,
Paul K. Green,10062,SYN-JHS-000080,Grade 7 Filipino,20004,SYN-JHS-COURSE-000012,Grade 7 Filipino,20079,,INST JHS MLA_AY 2023-2024_Annual_Official,20001,SY_2023_JHS_OFFICIAL,71.65,71.65,active,71.65,71.65,,82,82,82,82,
Shawn S. Wall,10090,SYN-JHS-000099,Grade 7 Filipino,20004,SYN-JHS-COURSE-000012,Grade 7 Filipino,20079,,INST JHS MLA_AY 2023-2024_Annual_Official,20001,SY_2023_JHS_OFFICIAL,64.35,64.35,active,64.35,64.35,,77,77,77,77,
Michelle B. Graham,10083,SYN-JHS-000064,Grade 7 Filipino,20004,SYN-JHS-COURSE-000012,Grade 7 Filipino,20079,,INST JHS MLA_AY 2023-2024_Annual_Official,20001,SY_2023_JHS_OFFICIAL,84.05,84.05,active,84.05,84.05,,90,90,90,90,
Paul M. Walker,10088,SYN-JHS-000098,Grade 7 Filipino,20004,SYN-JHS-COURSE-000012,Grade 7 Filipino,20079,,INST JHS MLA_AY 2023-2024_Annual_Official,20001,SY_2023_JHS_OFFICIAL,89.85,89.85,active,89.85,89.85,,93,93,93,93,
Stephanie S. Cameron,10064,SYN-JHS-000082,Grade 7 Filipino,20004,SYN-JHS-COURSE-000012,Grade 7 Filipino,20079,,INST JHS MLA_AY 2023-2024_Annual_Official,20001,SY_2023_JHS_OFFICIAL,77.05,77.05,active,77.05,77.05,,85,85,85,85,
Lauren C. Gibson,10041,SYN-JHS-000051,Grade 7 Filipino,20004,SYN-JHS-COURSE-000012,Grade 7 Filipino,20079,,INST JHS MLA_AY 2023-2024_Annual_Official,20001,SY_2023_JHS_OFFICIAL,70.8,70.8,active,70.8,70.8,,81,81,81,81,
Megan D. Cameron,10033,SYN-JHS-000043,Grade 7 Filipino,20004,SYN-JHS-COURSE-000012,Grade 7 Filipino,20079,,INST JHS MLA_AY 2023-2024_Annual_Official,20001,SY_2023_JHS_OFFICIAL,85.45,85.45,active,85.45,85.45,,90,90,90,90,
Thomas J. Young,10084,SYN-JHS-000077,Grade 7 Filipino,20004,SYN-JHS-COURSE-000012,Grade 7 Filipino,20079,,INST JHS MLA_AY 2023-2024_Annual_Official,20001,SY_2023_JHS_OFFICIAL,92.2,92.2,active,92.2,92.2,,95,95,95,95,
Gregory R. Carpenter,10052,SYN-JHS-000067,Grade 7 Filipino,20004,SYN-JHS-COURSE-000012,Grade 7 Filipino,20079,,INST JHS MLA_AY 2023-2024_Annual_Official,20001,SY_2023_JHS_OFFICIAL,62.65,62.65,active,62.65,62.65,,76,76,76,76,
Maria M. Swanson,10067,SYN-JHS-000086,Grade 7 Filipino,20004,SYN-JHS-COURSE-000012,Grade 7 Filipino,20079,,INST JHS MLA_AY 2023-2024_Annual_Official,20001,SY_2023_JHS_OFFICIAL,86.75,86.75,active,86.75,86.75,,91,91,91,91,
Kari T. Porter,10085,SYN-JHS-000078,Grade 7 Filipino,20004,SYN-JHS-COURSE-000012,Grade 7 Filipino,20079,,INST JHS MLA_AY 2023-2024_Annual_Official,20001,SY_2023_JHS_OFFICIAL,69.4,69.4,active,69.4,69.4,,80,80,80,80,
Virginia K. Peterson,10078,SYN-JHS-000095,Grade 7 Filipino,20004,SYN-JHS-COURSE-000012,Grade 7 Filipino,20079,,INST JHS MLA_AY 2023-2024_Annual_Official,20001,SY_2023_JHS_OFFICIAL,93.7,93.7,active,93.7,93.7,,96,96,96,96,
Kevin A. Campbell,10040,SYN-JHS-000049,Grade 7 Filipino,20004,SYN-JHS-COURSE-000012,Grade 7 Filipino,20079,,INST JHS MLA_AY 2023-2024_Annual_Official,20001,SY_2023_JHS_OFFICIAL,85.5,85.5,active,85.5,85.5,,90,90,90,90,
Bradley M. Turner,10072,SYN-JHS-000088,Grade 7 Filipino,20004,SYN-JHS-COURSE-000012,Grade 7 Filipino,20079,,INST JHS MLA_AY 2023-2024_Annual_Official,20001,SY_2023_JHS_OFFICIAL,0.0,0.0,active,0.0,0.0,,60,60,60,60,
Trevor H. Vincent,10091,SYN-JHS-000100,Grade 7 Mathematics,20005,SYN-JHS-COURSE-000014,Grade 7 Mathematics,20067,,INST JHS MLA_AY 2023-2024_Annual_Official,20001,SY_2023_JHS_OFFICIAL,68.34,68.34,active,68.34,68.34,,80,80,80,80,
James V. Reed,10087,SYN-JHS-000097,Grade 7 Mathematics,20005,SYN-JHS-COURSE-000014,Grade 7 Mathematics,20067,,INST JHS MLA_AY 2023-2024_Annual_Official,20001,SY_2023_JHS_OFFICIAL,87.12,87.12,active,87.12,87.12,,91,91,91,91,
Rebecca K. Barry,10058,SYN-JHS-000073,Grade 7 Mathematics,20005,SYN-JHS-COURSE-000014,Grade 7 Mathematics,20067,,INST JHS MLA_AY 2023-2024_Annual_Official,20001,SY_2023_JHS_OFFICIAL,90.6,90.6,active,90.6,90.6,,94,94,94,94,
David H. Kent,10038,SYN-JHS-000048,Grade 7 Mathematics,20005,SYN-JHS-COURSE-000014,Grade 7 Mathematics,20067,,INST JHS MLA_AY 2023-2024_Annual_Official,20001,SY_2023_JHS_OFFICIAL,63.82,63.82,active,63.82,63.82,,77,77,77,77,
Adam P. Davis,10071,SYN-JHS-000085,Grade 7 Mathematics,20005,SYN-JHS-COURSE-000014,Grade 7 Mathematics,20067,,INST JHS MLA_AY 2023-2024_Annual_Official,20001,SY_2023_JHS_OFFICIAL,0.0,0.0,active,0.0,0.0,,60,60,60,60,
Amber C. Hall,10050,SYN-JHS-000060,Grade 7 Mathematics,20005,SYN-JHS-COURSE-000014,Grade 7 Mathematics,20067,,INST JHS MLA_AY 2023-2024_Annual_Official,20001,SY_2023_JHS_OFFICIAL,60.56,60.56,active,60.56,60.56,,75,75,75,75,
Angela J. Flores,10095,SYN-JHS-000104,Grade 7 Mathematics,20005,SYN-JHS-COURSE-000014,Grade 7 Mathematics,20067,,INST JHS MLA_AY 2023-2024_Annual_Official,20001,SY_2023_JHS_OFFICIAL,78.65,78.65,active,78.65,78.65,,86,86,86,86,
Paul K. Green,10062,SYN-JHS-000080,Grade 7 Mathematics,20005,SYN-JHS-COURSE-000014,Grade 7 Mathematics,20067,,INST JHS MLA_AY 2023-2024_Annual_Official,20001,SY_2023_JHS_OFFICIAL,41.37,41.37,active,41.37,41.37,,70,70,70,70,
Shawn S. Wall,10090,SYN-JHS-000099,Grade 7 Mathematics,20005,SYN-JHS-COURSE-000014,Grade 7 Mathematics,20067,,INST JHS MLA_AY 2023-2024_Annual_Official,20001,SY_2023_JHS_OFFICIAL,70.03,70.03,active,70.03,70.03,,81,81,81,81,
Michelle B. Graham,10083,SYN-JHS-000064,Grade 7 Mathematics,20005,SYN-JHS-COURSE-000014,Grade 7 Mathematics,20067,,INST JHS MLA_AY 2023-2024_Annual_Official,20001,SY_2023_JHS_OFFICIAL,70.52,70.52,active,70.52,70.52,,81,81,81,81,
Paul M. Walker,10088,SYN-JHS-000098,Grade 7 Mathematics,20005,SYN-JHS-COURSE-000014,Grade 7 Mathematics,20067,,INST JHS MLA_AY 2023-2024_Annual_Official,20001,SY_2023_JHS_OFFICIAL,74.15,74.15,active,74.15,74.15,,83,83,83,83,
Stephanie S. Cameron,10064,SYN-JHS-000082,Grade 7 Mathematics,20005,SYN-JHS-COURSE-000014,Grade 7 Mathematics,20067,,INST JHS MLA_AY 2023-2024_Annual_Official,20001,SY_2023_JHS_OFFICIAL,62.54,62.54,active,62.54,62.54,,76,76,76,76,
Lauren C. Gibson,10041,SYN-JHS-000051,Grade 7 Mathematics,20005,SYN-JHS-COURSE-000014,Grade 7 Mathematics,20067,,INST JHS MLA_AY 2023-2024_Annual_Official,20001,SY_2023_JHS_OFFICIAL,47.57,47.57,active,47.57,47.57,,71,71,71,71,
Megan D. Cameron,10033,SYN-JHS-000043,Grade 7 Mathematics,20005,SYN-JHS-COURSE-000014,Grade 7 Mathematics,20067,,INST JHS MLA_AY 2023-2024_Annual_Official,20001,SY_2023_JHS_OFFICIAL,60.25,60.25,active,60.25,60.25,,75,75,75,75,
Thomas J. Young,10084,SYN-JHS-000077,Grade 7 Mathematics,20005,SYN-JHS-COURSE-000014,Grade 7 Mathematics,20067,,INST JHS MLA_AY 2023-2024_Annual_Official,20001,SY_2023_JHS_OFFICIAL,92.86,92.86,active,92.86,92.86,,95,95,95,95,
Gregory R. Carpenter,10052,SYN-JHS-000067,Grade 7 Mathematics,20005,SYN-JHS-COURSE-000014,Grade 7 Mathematics,20067,,INST JHS MLA_AY 2023-2024_Annual_Official,20001,SY_2023_JHS_OFFICIAL,61.03,61.03,active,61.03,61.03,,75,75,75,75,
Maria M. Swanson,10067,SYN-JHS-000086,Grade 7 Mathematics,20005,SYN-JHS-COURSE-000014,Grade 7 Mathematics,20067,,INST JHS MLA_AY 2023-2024_Annual_Official,20001,SY_2023_JHS_OFFICIAL,73.97,73.97,active,73.97,73.97,,83,83,83,83,
Kari T. Porter,10085,SYN-JHS-000078,Grade 7 Mathematics,20005,SYN-JHS-COURSE-000014,Grade 7 Mathematics,20067,,INST JHS MLA_AY 2023-2024_Annual_Official,20001,SY_2023_JHS_OFFICIAL,44.33,44.33,active,44.33,44.33,,71,71,71,71,
Virginia K. Peterson,10078,SYN-JHS-000095,Grade 7 Mathematics,20005,SYN-JHS-COURSE-000014,Grade 7 Mathematics,20067,,INST JHS MLA_AY 2023-2024_Annual_Official,20001,SY_2023_JHS_OFFICIAL,92.07,92.07,active,92.07,92.07,,95,95,95,95,
Kevin A. Campbell,10040,SYN-JHS-000049,Grade 7 Mathematics,20005,SYN-JHS-COURSE-000014,Grade 7 Mathematics,20067,,INST JHS MLA_AY 2023-2024_Annual_Official,20001,SY_2023_JHS_OFFICIAL,71.85,71.85,active,71.85,71.85,,82,82,82,82,
Bradley M. Turner,10072,SYN-JHS-000088,Grade 7 Mathematics,20005,SYN-JHS-COURSE-000014,Grade 7 Mathematics,20067,,INST JHS MLA_AY 2023-2024_Annual_Official,20001,SY_2023_JHS_OFFICIAL,0.0,0.0,active,0.0,0.0,,60,60,60,60,
Trevor H. Vincent,10091,SYN-JHS-000100,Grade 7 Science,20006,SYN-JHS-COURSE-000015,Grade 7 Science,20080,,INST JHS MLA_AY 2023-2024_Annual_Official,20001,SY_2023_JHS_OFFICIAL,73.94,73.94,active,73.94,73.94,,83,83,83,83,
James V. Reed,10087,SYN-JHS-000097,Grade 7 Science,20006,SYN-JHS-COURSE-000015,Grade 7 Science,20080,,INST JHS MLA_AY 2023-2024_Annual_Official,20001,SY_2023_JHS_OFFICIAL,92.18,92.18,active,92.18,92.18,,95,95,95,95,
Rebecca K. Barry,10058,SYN-JHS-000073,Grade 7 Science,20006,SYN-JHS-COURSE-000015,Grade 7 Science,20080,,INST JHS MLA_AY 2023-2024_Annual_Official,20001,SY_2023_JHS_OFFICIAL,89.73,89.73,active,89.73,89.73,,93,93,93,93,
David H. Kent,10038,SYN-JHS-000048,Grade 7 Science,20006,SYN-JHS-COURSE-000015,Grade 7 Science,20080,,INST JHS MLA_AY 2023-2024_Annual_Official,20001,SY_2023_JHS_OFFICIAL,73.02,73.02,active,73.02,73.02,,83,83,83,83,
Adam P. Davis,10071,SYN-JHS-000085,Grade 7 Science,20006,SYN-JHS-COURSE-000015,Grade 7 Science,20080,,INST JHS MLA_AY 2023-2024_Annual_Official,20001,SY_2023_JHS_OFFICIAL,0.0,0.0,active,0.0,0.0,,60,60,60,60,
Amber C. Hall,10050,SYN-JHS-000060,Grade 7 Science,20006,SYN-JHS-COURSE-000015,Grade 7 Science,20080,,INST JHS MLA_AY 2023-2024_Annual_Official,20001,SY_2023_JHS_OFFICIAL,81.94,81.94,active,81.94,81.94,,88,88,88,88,
Angela J. Flores,10095,SYN-JHS-000104,Grade 7 Science,20006,SYN-JHS-COURSE-000015,Grade 7 Science,20080,,INST JHS MLA_AY 2023-2024_Annual_Official,20001,SY_2023_JHS_OFFICIAL,83.94,83.94,active,83.94,83.94,,89,89,89,89,
Paul K. Green,10062,SYN-JHS-000080,Grade 7 Science,20006,SYN-JHS-COURSE-000015,Grade 7 Science,20080,,INST JHS MLA_AY 2023-2024_Annual_Official,20001,SY_2023_JHS_OFFICIAL,61.05,61.05,active,61.05,61.05,,75,75,75,75,
Shawn S. Wall,10090,SYN-JHS-000099,Grade 7 Science,20006,SYN-JHS-COURSE-000015,Grade 7 Science,20080,,INST JHS MLA_AY 2023-2024_Annual_Official,20001,SY_2023_JHS_OFFICIAL,67.79,67.79,active,67.79,67.79,,79,79,79,79,
Michelle B. Graham,10083,SYN-JHS-000064,Grade 7 Science,20006,SYN-JHS-COURSE-000015,Grade 7 Science,20080,,INST JHS MLA_AY 2023-2024_Annual_Official,20001,SY_2023_JHS_OFFICIAL,78.59,78.59,active,78.59,78.59,,86,86,86,86,
Paul M. Walker,10088,SYN-JHS-000098,Grade 7 Science,20006,SYN-JHS-COURSE-000015,Grade 7 Science,20080,,INST JHS MLA_AY 2023-2024_Annual_Official,20001,SY_2023_JHS_OFFICIAL,90.57,90.57,active,90.57,90.57,,94,94,94,94,
Stephanie S. Cameron,10064,SYN-JHS-000082,Grade 7 Science,20006,SYN-JHS-COURSE-000015,Grade 7 Science,20080,,INST JHS MLA_AY 2023-2024_Annual_Official,20001,SY_2023_JHS_OFFICIAL,86.12,86.12,active,86.12,86.12,,91,91,91,91,
Lauren C. Gibson,10041,SYN-JHS-000051,Grade 7 Science,20006,SYN-JHS-COURSE-000015,Grade 7 Science,20080,,INST JHS MLA_AY 2023-2024_Annual_Official,20001,SY_2023_JHS_OFFICIAL,63.03,63.03,active,63.03,63.03,,76,76,76,76,
Megan D. Cameron,10033,SYN-JHS-000043,Grade 7 Science,20006,SYN-JHS-COURSE-000015,Grade 7 Science,20080,,INST JHS MLA_AY 2023-2024_Annual_Official,20001,SY_2023_JHS_OFFICIAL,69.49,69.49,active,69.49,69.49,,80,80,80,80,
Thomas J. Young,10084,SYN-JHS-000077,Grade 7 Science,20006,SYN-JHS-COURSE-000015,Grade 7 Science,20080,,INST JHS MLA_AY 2023-2024_Annual_Official,20001,SY_2023_JHS_OFFICIAL,90.79,90.79,active,90.79,90.79,,94,94,94,94,
Gregory R. Carpenter,10052,SYN-JHS-000067,Grade 7 Science,20006,SYN-JHS-COURSE-000015,Grade 7 Science,20080,,INST JHS MLA_AY 2023-2024_Annual_Official,20001,SY_2023_JHS_OFFICIAL,65.25,65.25,active,65.25,65.25,,78,78,78,78,
Maria M. Swanson,10067,SYN-JHS-000086,Grade 7 Science,20006,SYN-JHS-COURSE-000015,Grade 7 Science,20080,,INST JHS MLA_AY 2023-2024_Annual_Official,20001,SY_2023_JHS_OFFICIAL,88.99,88.99,active,88.99,88.99,,93,93,93,93,
Kari T. Porter,10085,SYN-JHS-000078,Grade 7 Science,20006,SYN-JHS-COURSE-000015,Grade 7 Science,20080,,INST JHS MLA_AY 2023-2024_Annual_Official,20001,SY_2023_JHS_OFFICIAL,60.78,60.78,active,60.78,60.78,,75,75,75,75,
Virginia K. Peterson,10078,SYN-JHS-000095,Grade 7 Science,20006,SYN-JHS-COURSE-000015,Grade 7 Science,20080,,INST JHS MLA_AY 2023-2024_Annual_Official,20001,SY_2023_JHS_OFFICIAL,91.32,91.32,active,91.32,91.32,,94,94,94,94,
Kevin A. Campbell,10040,SYN-JHS-000049,Grade 7 Science,20006,SYN-JHS-COURSE-000015,Grade 7 Science,20080,,INST JHS MLA_AY 2023-2024_Annual_Official,20001,SY_2023_JHS_OFFICIAL,79.59,79.59,active,79.59,79.59,,87,87,87,87,
Bradley M. Turner,10072,SYN-JHS-000088,Grade 7 Science,20006,SYN-JHS-COURSE-000015,Grade 7 Science,20080,,INST JHS MLA_AY 2023-2024_Annual_Official,20001,SY_2023_JHS_OFFICIAL,0.0,0.0,active,0.0,0.0,,60,60,60,60,
Trevor H. Vincent,10091,SYN-JHS-000100,Grade 7 Technology and Livelihood Education,20007,SYN-JHS-COURSE-000016,Grade 7 Technology and Livelihood Education,20081,,INST JHS MLA_AY 2023-2024_Annual_Official,20001,SY_2023_JHS_OFFICIAL,91.07,91.07,active,91.07,91.07,,94,94,94,94,
James V. Reed,10087,SYN-JHS-000097,Grade 7 Technology and Livelihood Education,20007,SYN-JHS-COURSE-000016,Grade 7 Technology and Livelihood Education,20081,,INST JHS MLA_AY 2023-2024_Annual_Official,20001,SY_2023_JHS_OFFICIAL,83.73,83.73,active,83.73,83.73,,89,89,89,89,
Rebecca K. Barry,10058,SYN-JHS-000073,Grade 7 Technology and Livelihood Education,20007,SYN-JHS-COURSE-000016,Grade 7 Technology and Livelihood Education,20081,,INST JHS MLA_AY 2023-2024_Annual_Official,20001,SY_2023_JHS_OFFICIAL,89.73,89.73,active,89.73,89.73,,93,93,93,93,
David H. Kent,10038,SYN-JHS-000048,Grade 7 Technology and Livelihood Education,20007,SYN-JHS-COURSE-000016,Grade 7 Technology and Livelihood Education,20081,,INST JHS MLA_AY 2023-2024_Annual_Official,20001,SY_2023_JHS_OFFICIAL,91.13,91.13,active,91.13,91.13,,94,94,94,94,
Adam P. Davis,10071,SYN-JHS-000085,Grade 7 Technology and Livelihood Education,20007,SYN-JHS-COURSE-000016,Grade 7 Technology and Livelihood Education,20081,,INST JHS MLA_AY 2023-2024_Annual_Official,20001,SY_2023_JHS_OFFICIAL,0.0,0.0,active,0.0,0.0,,60,60,60,60,
Amber C. Hall,10050,SYN-JHS-000060,Grade 7 Technology and Livelihood Education,20007,SYN-JHS-COURSE-000016,Grade 7 Technology and Livelihood Education,20081,,INST JHS MLA_AY 2023-2024_Annual_Official,20001,SY_2023_JHS_OFFICIAL,81.27,81.27,active,81.27,81.27,,88,88,88,88,
Angela J. Flores,10095,SYN-JHS-000104,Grade 7 Technology and Livelihood Education,20007,SYN-JHS-COURSE-000016,Grade 7 Technology and Livelihood Education,20081,,INST JHS MLA_AY 2023-2024_Annual_Official,20001,SY_2023_JHS_OFFICIAL,86.6,86.6,active,86.6,86.6,,91,91,91,91,
Paul K. Green,10062,SYN-JHS-000080,Grade 7 Technology and Livelihood Education,20007,SYN-JHS-COURSE-000016,Grade 7 Technology and Livelihood Education,20081,,INST JHS MLA_AY 2023-2024_Annual_Official,20001,SY_2023_JHS_OFFICIAL,76.07,76.07,active,76.07,76.07,,85,85,85,85,
Shawn S. Wall,10090,SYN-JHS-000099,Grade 7 Technology and Livelihood Education,20007,SYN-JHS-COURSE-000016,Grade 7 Technology and Livelihood Education,20081,,INST JHS MLA_AY 2023-2024_Annual_Official,20001,SY_2023_JHS_OFFICIAL,75.93,75.93,active,75.93,75.93,,84,84,84,84,
Michelle B. Graham,10083,SYN-JHS-000064,Grade 7 Technology and Livelihood Education,20007,SYN-JHS-COURSE-000016,Grade 7 Technology and Livelihood Education,20081,,INST JHS MLA_AY 2023-2024_Annual_Official,20001,SY_2023_JHS_OFFICIAL,88.93,88.93,active,88.93,88.93,,93,93,93,93,
Paul M. Walker,10088,SYN-JHS-000098,Grade 7 Technology and Livelihood Education,20007,SYN-JHS-COURSE-000016,Grade 7 Technology and Livelihood Education,20081,,INST JHS MLA_AY 2023-2024_Annual_Official,20001,SY_2023_JHS_OFFICIAL,87.8,87.8,active,87.8,87.8,,92,92,92,92,
Stephanie S. Cameron,10064,SYN-JHS-000082,Grade 7 Technology and Livelihood Education,20007,SYN-JHS-COURSE-000016,Grade 7 Technology and Livelihood Education,20081,,INST JHS MLA_AY 2023-2024_Annual_Official,20001,SY_2023_JHS_OFFICIAL,77.73,77.73,active,77.73,77.73,,86,86,86,86,
Lauren C. Gibson,10041,SYN-JHS-000051,Grade 7 Technology and Livelihood Education,20007,SYN-JHS-COURSE-000016,Grade 7 Technology and Livelihood Education,20081,,INST JHS MLA_AY 2023-2024_Annual_Official,20001,SY_2023_JHS_OFFICIAL,82.07,82.07,active,82.07,82.07,,88,88,88,88,
Megan D. Cameron,10033,SYN-JHS-000043,Grade 7 Technology and Livelihood Education,20007,SYN-JHS-COURSE-000016,Grade 7 Technology and Livelihood Education,20081,,INST JHS MLA_AY 2023-2024_Annual_Official,20001,SY_2023_JHS_OFFICIAL,78.73,78.73,active,78.73,78.73,,86,86,86,86,
Thomas J. Young,10084,SYN-JHS-000077,Grade 7 Technology and Livelihood Education,20007,SYN-JHS-COURSE-000016,Grade 7 Technology and Livelihood Education,20081,,INST JHS MLA_AY 2023-2024_Annual_Official,20001,SY_2023_JHS_OFFICIAL,92.87,92.87,active,92.87,92.87,,95,95,95,95,
Gregory R. Carpenter,10052,SYN-JHS-000067,Grade 7 Technology and Livelihood Education,20007,SYN-JHS-COURSE-000016,Grade 7 Technology and Livelihood Education,20081,,INST JHS MLA_AY 2023-2024_Annual_Official,20001,SY_2023_JHS_OFFICIAL,79.53,79.53,active,79.53,79.53,,87,87,87,87,
Maria M. Swanson,10067,SYN-JHS-000086,Grade 7 Technology and Livelihood Education,20007,SYN-JHS-COURSE-000016,Grade 7 Technology and Livelihood Education,20081,,INST JHS MLA_AY 2023-2024_Annual_Official,20001,SY_2023_JHS_OFFICIAL,84.4,84.4,active,84.4,84.4,,90,90,90,90,
Kari T. Porter,10085,SYN-JHS-000078,Grade 7 Technology and Livelihood Education,20007,SYN-JHS-COURSE-000016,Grade 7 Technology and Livelihood Education,20081,,INST JHS MLA_AY 2023-2024_Annual_Official,20001,SY_2023_JHS_OFFICIAL,61.07,61.07,active,61.07,61.07,,75,75,75,75,
Virginia K. Peterson,10078,SYN-JHS-000095,Grade 7 Technology and Livelihood Education,20007,SYN-JHS-COURSE-000016,Grade 7 Technology and Livelihood Education,20081,,INST JHS MLA_AY 2023-2024_Annual_Official,20001,SY_2023_JHS_OFFICIAL,92.27,92.27,active,92.27,92.27,,95,95,95,95,
Kevin A. Campbell,10040,SYN-JHS-000049,Grade 7 Technology and Livelihood Education,20007,SYN-JHS-COURSE-000016,Grade 7 Technology and Livelihood Education,20081,,INST JHS MLA_AY 2023-2024_Annual_Official,20001,SY_2023_JHS_OFFICIAL,82.73,82.73,active,82.73,82.73,,89,89,89,89,
Bradley M. Turner,10072,SYN-JHS-000088,Grade 7 Technology and Livelihood Education,20007,SYN-JHS-COURSE-000016,Grade 7 Technology and Livelihood Education,20081,,INST JHS MLA_AY 2023-2024_Annual_Official,20001,SY_2023_JHS_OFFICIAL,0.0,0.0,active,0.0,0.0,,60,60,60,60,
Trevor H. Vincent,10091,SYN-JHS-000100,"Grade 7 Music, Arts, PE and Health",20008,SYN-JHS-COURSE-000013,"Grade 7 Music, Arts, PE and Health",20093,,INST JHS MLA_AY 2023-2024_Annual_Official,20001,SY_2023_JHS_OFFICIAL,81.99,81.99,active,81.99,81.99,,88,88,88,88,
James V. Reed,10087,SYN-JHS-000097,"Grade 7 Music, Arts, PE and Health",20008,SYN-JHS-COURSE-000013,"Grade 7 Music, Arts, PE and Health",20093,,INST JHS MLA_AY 2023-2024_Annual_Official,20001,SY_2023_JHS_OFFICIAL,83.78,83.78,active,83.78,83.78,,89,89,89,89,
Rebecca K. Barry,10058,SYN-JHS-000073,"Grade 7 Music, Arts, PE and Health",20008,SYN-JHS-COURSE-000013,"Grade 7 Music, Arts, PE and Health",20093,,INST JHS MLA_AY 2023-2024_Annual_Official,20001,SY_2023_JHS_OFFICIAL,79.61,79.61,active,79.61,79.61,,87,87,87,87,
David H. Kent,10038,SYN-JHS-000048,"Grade 7 Music, Arts, PE and Health",20008,SYN-JHS-COURSE-000013,"Grade 7 Music, Arts, PE and Health",20093,,INST JHS MLA_AY 2023-2024_Annual_Official,20001,SY_2023_JHS_OFFICIAL,83.13,83.13,active,83.13,83.13,,89,89,89,89,
Adam P. Davis,10071,SYN-JHS-000085,"Grade 7 Music, Arts, PE and Health",20008,SYN-JHS-COURSE-000013,"Grade 7 Music, Arts, PE and Health",20093,,INST JHS MLA_AY 2023-2024_Annual_Official,20001,SY_2023_JHS_OFFICIAL,0.0,0.0,active,0.0,0.0,,60,60,60,60,
Amber C. Hall,10050,SYN-JHS-000060,"Grade 7 Music, Arts, PE and Health",20008,SYN-JHS-COURSE-000013,"Grade 7 Music, Arts, PE and Health",20093,,INST JHS MLA_AY 2023-2024_Annual_Official,20001,SY_2023_JHS_OFFICIAL,80.78,80.78,active,80.78,80.78,,87,87,87,87,
Angela J. Flores,10095,SYN-JHS-000104,"Grade 7 Music, Arts, PE and Health",20008,SYN-JHS-COURSE-000013,"Grade 7 Music, Arts, PE and Health",20093,,INST JHS MLA_AY 2023-2024_Annual_Official,20001,SY_2023_JHS_OFFICIAL,81.39,81.39,active,81.39,81.39,,88,88,88,88,
Paul K. Green,10062,SYN-JHS-000080,"Grade 7 Music, Arts, PE and Health",20008,SYN-JHS-COURSE-000013,"Grade 7 Music, Arts, PE and Health",20093,,INST JHS MLA_AY 2023-2024_Annual_Official,20001,SY_2023_JHS_OFFICIAL,77.93,77.93,active,77.93,77.93,,86,86,86,86,
Shawn S. Wall,10090,SYN-JHS-000099,"Grade 7 Music, Arts, PE and Health",20008,SYN-JHS-COURSE-000013,"Grade 7 Music, Arts, PE and Health",20093,,INST JHS MLA_AY 2023-2024_Annual_Official,20001,SY_2023_JHS_OFFICIAL,74.7,74.7,active,74.7,74.7,,84,84,84,84,
Michelle B. Graham,10083,SYN-JHS-000064,"Grade 7 Music, Arts, PE and Health",20008,SYN-JHS-COURSE-000013,"Grade 7 Music, Arts, PE and Health",20093,,INST JHS MLA_AY 2023-2024_Annual_Official,20001,SY_2023_JHS_OFFICIAL,76.34,76.34,active,76.34,76.34,,85,85,85,85,
Paul M. Walker,10088,SYN-JHS-000098,"Grade 7 Music, Arts, PE and Health",20008,SYN-JHS-COURSE-000013,"Grade 7 Music, Arts, PE and Health",20093,,INST JHS MLA_AY 2023-2024_Annual_Official,20001,SY_2023_JHS_OFFICIAL,84.1,84.1,active,84.1,84.1,,90,90,90,90,
Stephanie S. Cameron,10064,SYN-JHS-000082,"Grade 7 Music, Arts, PE and Health",20008,SYN-JHS-COURSE-000013,"Grade 7 Music, Arts, PE and Health",20093,,INST JHS MLA_AY 2023-2024_Annual_Official,20001,SY_2023_JHS_OFFICIAL,71.39,71.39,active,71.39,71.39,,82,82,82,82,
Lauren C. Gibson,10041,SYN-JHS-000051,"Grade 7 Music, Arts, PE and Health",20008,SYN-JHS-COURSE-000013,"Grade 7 Music, Arts, PE and Health",20093,,INST JHS MLA_AY 2023-2024_Annual_Official,20001,SY_2023_JHS_OFFICIAL,73.6,73.6,active,73.6,73.6,,83,83,83,83,
Megan D. Cameron,10033,SYN-JHS-000043,"Grade 7 Music, Arts, PE and Health",20008,SYN-JHS-COURSE-000013,"Grade 7 Music, Arts, PE and Health",20093,,INST JHS MLA_AY 2023-2024_Annual_Official,20001,SY_2023_JHS_OFFICIAL,74.81,74.81,active,74.81,74.81,,84,84,84,84,
Thomas J. Young,10084,SYN-JHS-000077,"Grade 7 Music, Arts, PE and Health",20008,SYN-JHS-COURSE-000013,"Grade 7 Music, Arts, PE and Health",20093,,INST JHS MLA_AY 2023-2024_Annual_Official,20001,SY_2023_JHS_OFFICIAL,90.81,90.81,active,90.81,90.81,,94,94,94,94,
Gregory R. Carpenter,10052,SYN-JHS-000067,"Grade 7 Music, Arts, PE and Health",20008,SYN-JHS-COURSE-000013,"Grade 7 Music, Arts, PE and Health",20093,,INST JHS MLA_AY 2023-2024_Annual_Official,20001,SY_2023_JHS_OFFICIAL,69.82,69.82,active,69.82,69.82,,81,81,81,81,
Maria M. Swanson,10067,SYN-JHS-000086,"Grade 7 Music, Arts, PE and Health",20008,SYN-JHS-COURSE-000013,"Grade 7 Music, Arts, PE and Health",20093,,INST JHS MLA_AY 2023-2024_Annual_Official,20001,SY_2023_JHS_OFFICIAL,84.98,84.98,active,84.98,84.98,,90,90,90,90,
Kari T. Porter,10085,SYN-JHS-000078,"Grade 7 Music, Arts, PE and Health",20008,SYN-JHS-COURSE-000013,"Grade 7 Music, Arts, PE and Health",20093,,INST JHS MLA_AY 2023-2024_Annual_Official,20001,SY_2023_JHS_OFFICIAL,69.01,69.01,active,69.01,69.01,,80,80,80,80,
Virginia K. Peterson,10078,SYN-JHS-000095,"Grade 7 Music, Arts, PE and Health",20008,SYN-JHS-COURSE-000013,"Grade 7 Music, Arts, PE and Health",20093,,INST JHS MLA_AY 2023-2024_Annual_Official,20001,SY_2023_JHS_OFFICIAL,88.25,88.25,active,88.25,88.25,,92,92,92,92,
Kevin A. Campbell,10040,SYN-JHS-000049,"Grade 7 Music, Arts, PE and Health",20008,SYN-JHS-COURSE-000013,"Grade 7 Music, Arts, PE and Health",20093,,INST JHS MLA_AY 2023-2024_Annual_Official,20001,SY_2023_JHS_OFFICIAL,81.33,81.33,active,81.33,81.33,,88,88,88,88,
Bradley M. Turner,10072,SYN-JHS-000088,"Grade 7 Music, Arts, PE and Health",20008,SYN-JHS-COURSE-000013,"Grade 7 Music, Arts, PE and Health",20093,,INST JHS MLA_AY 2023-2024_Annual_Official,20001,SY_2023_JHS_OFFICIAL,0.0,0.0,active,0.0,0.0,,60,60,60,60,
Scott M. Pham,10053,SYN-JHS-000068,Grade 8 Araling Panlipunan,20009,SYN-JHS-COURSE-000017,Grade 8 Araling Panlipunan,20082,,INST JHS MLA_AY 2023-2024_Annual_Official,20001,SY_2023_JHS_OFFICIAL,91.6,91.6,active,91.6,91.6,,94,94,94,94,
Amber P. Ewing,10021,SYN-JHS-000029,Grade 8 Araling Panlipunan,20009,SYN-JHS-COURSE-000017,Grade 8 Araling Panlipunan,20082,,INST JHS MLA_AY 2023-2024_Annual_Official,20001,SY_2023_JHS_OFFICIAL,67.1,67.1,active,67.1,67.1,,79,79,79,79,
Melissa F. Bruce,10055,SYN-JHS-000070,Grade 8 Araling Panlipunan,20009,SYN-JHS-COURSE-000017,Grade 8 Araling Panlipunan,20082,,INST JHS MLA_AY 2023-2024_Annual_Official,20001,SY_2023_JHS_OFFICIAL,74.9,74.9,active,74.9,74.9,,84,84,84,84,
Brett M. Wheeler,10093,SYN-JHS-000102,Grade 8 Araling Panlipunan,20009,SYN-JHS-COURSE-000017,Grade 8 Araling Panlipunan,20082,,INST JHS MLA_AY 2023-2024_Annual_Official,20001,SY_2023_JHS_OFFICIAL,77.8,77.8,active,77.8,77.8,,86,86,86,86,
Patricia B. Ward,10013,SYN-JHS-000020,Grade 8 Araling Panlipunan,20009,SYN-JHS-COURSE-000017,Grade 8 Araling Panlipunan,20082,,INST JHS MLA_AY 2023-2024_Annual_Official,20001,SY_2023_JHS_OFFICIAL,67.9,67.9,active,67.9,67.9,,79,79,79,79,
Pamela R. Lang,10080,SYN-JHS-000061,Grade 8 Araling Panlipunan,20009,SYN-JHS-COURSE-000017,Grade 8 Araling Panlipunan,20082,,INST JHS MLA_AY 2023-2024_Annual_Official,20001,SY_2023_JHS_OFFICIAL,69.8,69.8,active,69.8,69.8,,81,81,81,81,
David T. Rodriguez,10076,SYN-JHS-000093,Grade 8 Araling Panlipunan,20009,SYN-JHS-COURSE-000017,Grade 8 Araling Panlipunan,20082,,INST JHS MLA_AY 2023-2024_Annual_Official,20001,SY_2023_JHS_OFFICIAL,75.8,75.8,active,75.8,75.8,,84,84,84,84,
Victoria K. Kennedy,10022,SYN-JHS-000032,Grade 8 Araling Panlipunan,20009,SYN-JHS-COURSE-000017,Grade 8 Araling Panlipunan,20082,,INST JHS MLA_AY 2023-2024_Annual_Official,20001,SY_2023_JHS_OFFICIAL,83.9,83.9,active,83.9,83.9,,89,89,89,89,
Shannon J. Roberts,10007,SYN-JHS-000013,Grade 8 Araling Panlipunan,20009,SYN-JHS-COURSE-000017,Grade 8 Araling Panlipunan,20082,,INST JHS MLA_AY 2023-2024_Annual_Official,20001,SY_2023_JHS_OFFICIAL,81.5,81.5,active,81.5,81.5,,88,88,88,88,
Robert W. Murray,10026,SYN-JHS-000034,Grade 8 Araling Panlipunan,20009,SYN-JHS-COURSE-000017,Grade 8 Araling Panlipunan,20082,,INST JHS MLA_AY 2023-2024_Annual_Official,20001,SY_2023_JHS_OFFICIAL,87.8,87.8,active,87.8,87.8,,92,92,92,92,
Kristy P. Hernandez,10047,SYN-JHS-000056,Grade 8 Araling Panlipunan,20009,SYN-JHS-COURSE-000017,Grade 8 Araling Panlipunan,20082,,INST JHS MLA_AY 2023-2024_Annual_Official,20001,SY_2023_JHS_OFFICIAL,78.2,78.2,active,78.2,78.2,,86,86,86,86,
Barbara M. Phillips,10029,SYN-JHS-000037,Grade 8 Araling Panlipunan,20009,SYN-JHS-COURSE-000017,Grade 8 Araling Panlipunan,20082,,INST JHS MLA_AY 2023-2024_Annual_Official,20001,SY_2023_JHS_OFFICIAL,68.0,68.0,active,68.0,68.0,,80,80,80,80,
Sherry K. Frazier,10012,SYN-JHS-000018,Grade 8 Araling Panlipunan,20009,SYN-JHS-COURSE-000017,Grade 8 Araling Panlipunan,20082,,INST JHS MLA_AY 2023-2024_Annual_Official,20001,SY_2023_JHS_OFFICIAL,85.9,85.9,active,85.9,85.9,,91,91,91,91,
Bethany J. Lynch,10017,SYN-JHS-000030,Grade 8 Araling Panlipunan,20009,SYN-JHS-COURSE-000017,Grade 8 Araling Panlipunan,20082,,INST JHS MLA_AY 2023-2024_Annual_Official,20001,SY_2023_JHS_OFFICIAL,91.6,91.6,active,91.6,91.6,,94,94,94,94,
Gina M. Rice,10023,SYN-JHS-000033,Grade 8 Araling Panlipunan,20009,SYN-JHS-COURSE-000017,Grade 8 Araling Panlipunan,20082,,INST JHS MLA_AY 2023-2024_Annual_Official,20001,SY_2023_JHS_OFFICIAL,86.6,86.6,active,86.6,86.6,,91,91,91,91,
Robert N. Cameron,10049,SYN-JHS-000059,Grade 8 Araling Panlipunan,20009,SYN-JHS-COURSE-000017,Grade 8 Araling Panlipunan,20082,,INST JHS MLA_AY 2023-2024_Annual_Official,20001,SY_2023_JHS_OFFICIAL,90.2,90.2,active,90.2,90.2,,93,93,93,93,
Brittany S. Harper,10014,SYN-JHS-000024,Grade 8 Araling Panlipunan,20009,SYN-JHS-COURSE-000017,Grade 8 Araling Panlipunan,20082,,INST JHS MLA_AY 2023-2024_Annual_Official,20001,SY_2023_JHS_OFFICIAL,71.8,71.8,active,71.8,71.8,,82,82,82,82,
Stephanie R. Robbins,10011,SYN-JHS-000017,Grade 8 Araling Panlipunan,20009,SYN-JHS-COURSE-000017,Grade 8 Araling Panlipunan,20082,,INST JHS MLA_AY 2023-2024_Annual_Official,20001,SY_2023_JHS_OFFICIAL,73.9,73.9,active,73.9,73.9,,83,83,83,83,
Jeffery R. Anderson,10031,SYN-JHS-000040,Grade 8 Araling Panlipunan,20009,SYN-JHS-COURSE-000017,Grade 8 Araling Panlipunan,20082,,INST JHS MLA_AY 2023-2024_Annual_Official,20001,SY_2023_JHS_OFFICIAL,84.9,84.9,active,84.9,84.9,,90,90,90,90,
Amy K. Johnson,10065,SYN-JHS-000083,Grade 8 Araling Panlipunan,20009,SYN-JHS-COURSE-000017,Grade 8 Araling Panlipunan,20082,,INST JHS MLA_AY 2023-2024_Annual_Official,20001,SY_2023_JHS_OFFICIAL,82.7,82.7,active,82.7,82.7,,89,89,89,89,
Scott S. Alexander,10063,SYN-JHS-000081,Grade 8 Araling Panlipunan,20009,SYN-JHS-COURSE-000017,Grade 8 Araling Panlipunan,20082,,INST JHS MLA_AY 2023-2024_Annual_Official,20001,SY_2023_JHS_OFFICIAL,89.4,89.4,active,89.4,89.4,,93,93,93,93,
Caitlyn K. Mcdonald,10008,SYN-JHS-000014,Grade 8 Araling Panlipunan,20009,SYN-JHS-COURSE-000017,Grade 8 Araling Panlipunan,20082,,INST JHS MLA_AY 2023-2024_Annual_Official,20001,SY_2023_JHS_OFFICIAL,70.7,70.7,active,70.7,70.7,,81,81,81,81,
Jamie M. Cunningham,10009,SYN-JHS-000015,Grade 8 Araling Panlipunan,20009,SYN-JHS-COURSE-000017,Grade 8 Araling Panlipunan,20082,,INST JHS MLA_AY 2023-2024_Annual_Official,20001,SY_2023_JHS_OFFICIAL,75.1,75.1,active,75.1,75.1,,84,84,84,84,
Drew T. Walker,10030,SYN-JHS-000039,Grade 8 Araling Panlipunan,20009,SYN-JHS-COURSE-000017,Grade 8 Araling Panlipunan,20082,,INST JHS MLA_AY 2023-2024_Annual_Official,20001,SY_2023_JHS_OFFICIAL,65.3,65.3,active,65.3,65.3,,78,78,78,78,
Isaiah K. Mcgee,10073,SYN-JHS-000089,Grade 8 Araling Panlipunan,20009,SYN-JHS-COURSE-000017,Grade 8 Araling Panlipunan,20082,,INST JHS MLA_AY 2023-2024_Annual_Official,20001,SY_2023_JHS_OFFICIAL,0.0,0.0,active,0.0,0.0,,60,60,60,60,
Scott C. Santiago,10015,SYN-JHS-000026,Grade 8 Araling Panlipunan,20009,SYN-JHS-COURSE-000017,Grade 8 Araling Panlipunan,20082,,INST JHS MLA_AY 2023-2024_Annual_Official,20001,SY_2023_JHS_OFFICIAL,91.5,91.5,active,91.5,91.5,,94,94,94,94,
Stacey V. Malone,10010,SYN-JHS-000016,Grade 8 Araling Panlipunan,20009,SYN-JHS-COURSE-000017,Grade 8 Araling Panlipunan,20082,,INST JHS MLA_AY 2023-2024_Annual_Official,20001,SY_2023_JHS_OFFICIAL,85.3,85.3,active,85.3,85.3,,90,90,90,90,
David R. Spencer,10016,SYN-JHS-000027,Grade 8 Araling Panlipunan,20009,SYN-JHS-COURSE-000017,Grade 8 Araling Panlipunan,20082,,INST JHS MLA_AY 2023-2024_Annual_Official,20001,SY_2023_JHS_OFFICIAL,86.7,86.7,active,86.7,86.7,,91,91,91,91,
Jacob R. Mcguire,10027,SYN-JHS-000036,Grade 8 Araling Panlipunan,20009,SYN-JHS-COURSE-000017,Grade 8 Araling Panlipunan,20082,,INST JHS MLA_AY 2023-2024_Annual_Official,20001,SY_2023_JHS_OFFICIAL,95.1,95.1,active,95.1,95.1,,96,96,96,96,
Tammy G. Delgado,10101,SYN-JHS-000110,Grade 8 Araling Panlipunan,20009,SYN-JHS-COURSE-000017,Grade 8 Araling Panlipunan,20082,,INST JHS MLA_AY 2023-2024_Annual_Official,20001,SY_2023_JHS_OFFICIAL,82.9,82.9,active,82.9,82.9,,89,89,89,89,
Scott M. Pham,10053,SYN-JHS-000068,Grade 8 English,20010,SYN-JHS-COURSE-000018,Grade 8 English,20083,,INST JHS MLA_AY 2023-2024_Annual_Official,20001,SY_2023_JHS_OFFICIAL,94.25,94.25,active,94.25,94.25,,96,96,96,96,
Amber P. Ewing,10021,SYN-JHS-000029,Grade 8 English,20010,SYN-JHS-COURSE-000018,Grade 8 English,20083,,INST JHS MLA_AY 2023-2024_Annual_Official,20001,SY_2023_JHS_OFFICIAL,72.8,72.8,active,72.8,72.8,,83,83,83,83,
Melissa F. Bruce,10055,SYN-JHS-000070,Grade 8 English,20010,SYN-JHS-COURSE-000018,Grade 8 English,20083,,INST JHS MLA_AY 2023-2024_Annual_Official,20001,SY_2023_JHS_OFFICIAL,73.7,73.7,active,73.7,73.7,,83,83,83,83,
Brett M. Wheeler,10093,SYN-JHS-000102,Grade 8 English,20010,SYN-JHS-COURSE-000018,Grade 8 English,20083,,INST JHS MLA_AY 2023-2024_Annual_Official,20001,SY_2023_JHS_OFFICIAL,85.55,85.55,active,85.55,85.55,,90,90,90,90,
Patricia B. Ward,10013,SYN-JHS-000020,Grade 8 English,20010,SYN-JHS-COURSE-000018,Grade 8 English,20083,,INST JHS MLA_AY 2023-2024_Annual_Official,20001,SY_2023_JHS_OFFICIAL,75.35,75.35,active,75.35,75.35,,84,84,84,84,
Pamela R. Lang,10080,SYN-JHS-000061,Grade 8 English,20010,SYN-JHS-COURSE-000018,Grade 8 English,20083,,INST JHS MLA_AY 2023-2024_Annual_Official,20001,SY_2023_JHS_OFFICIAL,79.75,79.75,active,79.75,79.75,,87,87,87,87,
David T. Rodriguez,10076,SYN-JHS-000093,Grade 8 English,20010,SYN-JHS-COURSE-000018,Grade 8 English,20083,,INST JHS MLA_AY 2023-2024_Annual_Official,20001,SY_2023_JHS_OFFICIAL,87.85,87.85,active,87.85,87.85,,92,92,92,92,
Victoria K. Kennedy,10022,SYN-JHS-000032,Grade 8 English,20010,SYN-JHS-COURSE-000018,Grade 8 English,20083,,INST JHS MLA_AY 2023-2024_Annual_Official,20001,SY_2023_JHS_OFFICIAL,80.4,80.4,active,80.4,80.4,,87,87,87,87,
Shannon J. Roberts,10007,SYN-JHS-000013,Grade 8 English,20010,SYN-JHS-COURSE-000018,Grade 8 English,20083,,INST JHS MLA_AY 2023-2024_Annual_Official,20001,SY_2023_JHS_OFFICIAL,94.45,94.45,active,94.45,94.45,,96,96,96,96,
Robert W. Murray,10026,SYN-JHS-000034,Grade 8 English,20010,SYN-JHS-COURSE-000018,Grade 8 English,20083,,INST JHS MLA_AY 2023-2024_Annual_Official,20001,SY_2023_JHS_OFFICIAL,91.45,91.45,active,91.45,91.45,,94,94,94,94,
Kristy P. Hernandez,10047,SYN-JHS-000056,Grade 8 English,20010,SYN-JHS-COURSE-000018,Grade 8 English,20083,,INST JHS MLA_AY 2023-2024_Annual_Official,20001,SY_2023_JHS_OFFICIAL,94.5,94.5,active,94.5,94.5,,96,96,96,96,
Barbara M. Phillips,10029,SYN-JHS-000037,Grade 8 English,20010,SYN-JHS-COURSE-000018,Grade 8 English,20083,,INST JHS MLA_AY 2023-2024_Annual_Official,20001,SY_2023_JHS_OFFICIAL,87.25,87.25,active,87.25,87.25,,92,92,92,92,
Sherry K. Frazier,10012,SYN-JHS-000018,Grade 8 English,20010,SYN-JHS-COURSE-000018,Grade 8 English,20083,,INST JHS MLA_AY 2023-2024_Annual_Official,20001,SY_2023_JHS_OFFICIAL,85.15,85.15,active,85.15,85.15,,90,90,90,90,
Bethany J. Lynch,10017,SYN-JHS-000030,Grade 8 English,20010,SYN-JHS-COURSE-000018,Grade 8 English,20083,,INST JHS MLA_AY 2023-2024_Annual_Official,20001,SY_2023_JHS_OFFICIAL,93.25,93.25,active,93.25,93.25,,95,95,95,95,
Gina M. Rice,10023,SYN-JHS-000033,Grade 8 English,20010,SYN-JHS-COURSE-000018,Grade 8 English,20083,,INST JHS MLA_AY 2023-2024_Annual_Official,20001,SY_2023_JHS_OFFICIAL,88.95,88.95,active,88.95,88.95,,93,93,93,93,
Robert N. Cameron,10049,SYN-JHS-000059,Grade 8 English,20010,SYN-JHS-COURSE-000018,Grade 8 English,20083,,INST JHS MLA_AY 2023-2024_Annual_Official,20001,SY_2023_JHS_OFFICIAL,90.9,90.9,active,90.9,90.9,,94,94,94,94,
Brittany S. Harper,10014,SYN-JHS-000024,Grade 8 English,20010,SYN-JHS-COURSE-000018,Grade 8 English,20083,,INST JHS MLA_AY 2023-2024_Annual_Official,20001,SY_2023_JHS_OFFICIAL,74.6,74.6,active,74.6,74.6,,84,84,84,84,
Stephanie R. Robbins,10011,SYN-JHS-000017,Grade 8 English,20010,SYN-JHS-COURSE-000018,Grade 8 English,20083,,INST JHS MLA_AY 2023-2024_Annual_Official,20001,SY_2023_JHS_OFFICIAL,88.15,88.15,active,88.15,88.15,,92,92,92,92,
Jeffery R. Anderson,10031,SYN-JHS-000040,Grade 8 English,20010,SYN-JHS-COURSE-000018,Grade 8 English,20083,,INST JHS MLA_AY 2023-2024_Annual_Official,20001,SY_2023_JHS_OFFICIAL,91.25,91.25,active,91.25,91.25,,94,94,94,94,
Amy K. Johnson,10065,SYN-JHS-000083,Grade 8 English,20010,SYN-JHS-COURSE-000018,Grade 8 English,20083,,INST JHS MLA_AY 2023-2024_Annual_Official,20001,SY_2023_JHS_OFFICIAL,86.4,86.4,active,86.4,86.4,,91,91,91,91,
Scott S. Alexander,10063,SYN-JHS-000081,Grade 8 English,20010,SYN-JHS-COURSE-000018,Grade 8 English,20083,,INST JHS MLA_AY 2023-2024_Annual_Official,20001,SY_2023_JHS_OFFICIAL,90.4,90.4,active,90.4,90.4,,94,94,94,94,
Caitlyn K. Mcdonald,10008,SYN-JHS-000014,Grade 8 English,20010,SYN-JHS-COURSE-000018,Grade 8 English,20083,,INST JHS MLA_AY 2023-2024_Annual_Official,20001,SY_2023_JHS_OFFICIAL,80.65,80.65,active,80.65,80.65,,87,87,87,87,
Jamie M. Cunningham,10009,SYN-JHS-000015,Grade 8 English,20010,SYN-JHS-COURSE-000018,Grade 8 English,20083,,INST JHS MLA_AY 2023-2024_Annual_Official,20001,SY_2023_JHS_OFFICIAL,83.55,83.55,active,83.55,83.55,,89,89,89,89,
Drew T. Walker,10030,SYN-JHS-000039,Grade 8 English,20010,SYN-JHS-COURSE-000018,Grade 8 English,20083,,INST JHS MLA_AY 2023-2024_Annual_Official,20001,SY_2023_JHS_OFFICIAL,77.7,77.7,active,77.7,77.7,,86,86,86,86,
Isaiah K. Mcgee,10073,SYN-JHS-000089,Grade 8 English,20010,SYN-JHS-COURSE-000018,Grade 8 English,20083,,INST JHS MLA_AY 2023-2024_Annual_Official,20001,SY_2023_JHS_OFFICIAL,0.0,0.0,active,0.0,0.0,,60,60,60,60,
Scott C. Santiago,10015,SYN-JHS-000026,Grade 8 English,20010,SYN-JHS-COURSE-000018,Grade 8 English,20083,,INST JHS MLA_AY 2023-2024_Annual_Official,20001,SY_2023_JHS_OFFICIAL,91.0,91.0,active,91.0,91.0,,94,94,94,94,
Stacey V. Malone,10010,SYN-JHS-000016,Grade 8 English,20010,SYN-JHS-COURSE-000018,Grade 8 English,20083,,INST JHS MLA_AY 2023-2024_Annual_Official,20001,SY_2023_JHS_OFFICIAL,88.45,88.45,active,88.45,88.45,,92,92,92,92,
David R. Spencer,10016,SYN-JHS-000027,Grade 8 English,20010,SYN-JHS-COURSE-000018,Grade 8 English,20083,,INST JHS MLA_AY 2023-2024_Annual_Official,20001,SY_2023_JHS_OFFICIAL,90.0,90.0,active,90.0,90.0,,93,93,93,93,
Jacob R. Mcguire,10027,SYN-JHS-000036,Grade 8 English,20010,SYN-JHS-COURSE-000018,Grade 8 English,20083,,INST JHS MLA_AY 2023-2024_Annual_Official,20001,SY_2023_JHS_OFFICIAL,90.95,90.95,active,90.95,90.95,,94,94,94,94,
Tammy G. Delgado,10101,SYN-JHS-000110,Grade 8 English,20010,SYN-JHS-COURSE-000018,Grade 8 English,20083,,INST JHS MLA_AY 2023-2024_Annual_Official,20001,SY_2023_JHS_OFFICIAL,86.15,86.15,active,86.15,86.15,,91,91,91,91,
Scott M. Pham,10053,SYN-JHS-000068,Grade 8 Edukasyon sa Pagpapakatao,20011,SYN-JHS-COURSE-000019,Grade 8 Edukasyon sa Pagpapakatao,20084,,INST JHS MLA_AY 2023-2024_Annual_Official,20001,SY_2023_JHS_OFFICIAL,85.21,85.21,active,85.21,85.21,,90,90,90,90,
Amber P. Ewing,10021,SYN-JHS-000029,Grade 8 Edukasyon sa Pagpapakatao,20011,SYN-JHS-COURSE-000019,Grade 8 Edukasyon sa Pagpapakatao,20084,,INST JHS MLA_AY 2023-2024_Annual_Official,20001,SY_2023_JHS_OFFICIAL,64.71,64.71,active,64.71,64.71,,77,77,77,77,
Melissa F. Bruce,10055,SYN-JHS-000070,Grade 8 Edukasyon sa Pagpapakatao,20011,SYN-JHS-COURSE-000019,Grade 8 Edukasyon sa Pagpapakatao,20084,,INST JHS MLA_AY 2023-2024_Annual_Official,20001,SY_2023_JHS_OFFICIAL,69.07,69.07,active,69.07,69.07,,80,80,80,80,
Brett M. Wheeler,10093,SYN-JHS-000102,Grade 8 Edukasyon sa Pagpapakatao,20011,SYN-JHS-COURSE-000019,Grade 8 Edukasyon sa Pagpapakatao,20084,,INST JHS MLA_AY 2023-2024_Annual_Official,20001,SY_2023_JHS_OFFICIAL,75.5,75.5,active,75.5,75.5,,84,84,84,84,
Patricia B. Ward,10013,SYN-JHS-000020,Grade 8 Edukasyon sa Pagpapakatao,20011,SYN-JHS-COURSE-000019,Grade 8 Edukasyon sa Pagpapakatao,20084,,INST JHS MLA_AY 2023-2024_Annual_Official,20001,SY_2023_JHS_OFFICIAL,65.71,65.71,active,65.71,65.71,,78,78,78,78,
Pamela R. Lang,10080,SYN-JHS-000061,Grade 8 Edukasyon sa Pagpapakatao,20011,SYN-JHS-COURSE-000019,Grade 8 Edukasyon sa Pagpapakatao,20084,,INST JHS MLA_AY 2023-2024_Annual_Official,20001,SY_2023_JHS_OFFICIAL,50.5,50.5,active,50.5,50.5,,72,72,72,72,
David T. Rodriguez,10076,SYN-JHS-000093,Grade 8 Edukasyon sa Pagpapakatao,20011,SYN-JHS-COURSE-000019,Grade 8 Edukasyon sa Pagpapakatao,20084,,INST JHS MLA_AY 2023-2024_Annual_Official,20001,SY_2023_JHS_OFFICIAL,82.29,82.29,active,82.29,82.29,,88,88,88,88,
Victoria K. Kennedy,10022,SYN-JHS-000032,Grade 8 Edukasyon sa Pagpapakatao,20011,SYN-JHS-COURSE-000019,Grade 8 Edukasyon sa Pagpapakatao,20084,,INST JHS MLA_AY 2023-2024_Annual_Official,20001,SY_2023_JHS_OFFICIAL,84.0,84.0,active,84.0,84.0,,90,90,90,90,
Shannon J. Roberts,10007,SYN-JHS-000013,Grade 8 Edukasyon sa Pagpapakatao,20011,SYN-JHS-COURSE-000019,Grade 8 Edukasyon sa Pagpapakatao,20084,,INST JHS MLA_AY 2023-2024_Annual_Official,20001,SY_2023_JHS_OFFICIAL,76.07,76.07,active,76.07,76.07,,85,85,85,85,
Robert W. Murray,10026,SYN-JHS-000034,Grade 8 Edukasyon sa Pagpapakatao,20011,SYN-JHS-COURSE-000019,Grade 8 Edukasyon sa Pagpapakatao,20084,,INST JHS MLA_AY 2023-2024_Annual_Official,20001,SY_2023_JHS_OFFICIAL,86.93,86.93,active,86.93,86.93,,91,91,91,91,
Kristy P. Hernandez,10047,SYN-JHS-000056,Grade 8 Edukasyon sa Pagpapakatao,20011,SYN-JHS-COURSE-000019,Grade 8 Edukasyon sa Pagpapakatao,20084,,INST JHS MLA_AY 2023-2024_Annual_Official,20001,SY_2023_JHS_OFFICIAL,69.64,69.64,active,69.64,69.64,,81,81,81,81,
Barbara M. Phillips,10029,SYN-JHS-000037,Grade 8 Edukasyon sa Pagpapakatao,20011,SYN-JHS-COURSE-000019,Grade 8 Edukasyon sa Pagpapakatao,20084,,INST JHS MLA_AY 2023-2024_Annual_Official,20001,SY_2023_JHS_OFFICIAL,79.5,79.5,active,79.5,79.5,,87,87,87,87,
Sherry K. Frazier,10012,SYN-JHS-000018,Grade 8 Edukasyon sa Pagpapakatao,20011,SYN-JHS-COURSE-000019,Grade 8 Edukasyon sa Pagpapakatao,20084,,INST JHS MLA_AY 2023-2024_Annual_Official,20001,SY_2023_JHS_OFFICIAL,71.5,71.5,active,71.5,71.5,,82,82,82,82,
Bethany J. Lynch,10017,SYN-JHS-000030,Grade 8 Edukasyon sa Pagpapakatao,20011,SYN-JHS-COURSE-000019,Grade 8 Edukasyon sa Pagpapakatao,20084,,INST JHS MLA_AY 2023-2024_Annual_Official,20001,SY_2023_JHS_OFFICIAL,90.43,90.43,active,90.43,90.43,,94,94,94,94,
Gina M. Rice,10023,SYN-JHS-000033,Grade 8 Edukasyon sa Pagpapakatao,20011,SYN-JHS-COURSE-000019,Grade 8 Edukasyon sa Pagpapakatao,20084,,INST JHS MLA_AY 2023-2024_Annual_Official,20001,SY_2023_JHS_OFFICIAL,63.57,63.57,active,63.57,63.57,,77,77,77,77,
Robert N. Cameron,10049,SYN-JHS-000059,Grade 8 Edukasyon sa Pagpapakatao,20011,SYN-JHS-COURSE-000019,Grade 8 Edukasyon sa Pagpapakatao,20084,,INST JHS MLA_AY 2023-2024_Annual_Official,20001,SY_2023_JHS_OFFICIAL,87.64,87.64,active,87.64,87.64,,92,92,92,92,
Brittany S. Harper,10014,SYN-JHS-000024,Grade 8 Edukasyon sa Pagpapakatao,20011,SYN-JHS-COURSE-000019,Grade 8 Edukasyon sa Pagpapakatao,20084,,INST JHS MLA_AY 2023-2024_Annual_Official,20001,SY_2023_JHS_OFFICIAL,52.71,52.71,active,52.71,52.71,,73,73,73,73,
Stephanie R. Robbins,10011,SYN-JHS-000017,Grade 8 Edukasyon sa Pagpapakatao,20011,SYN-JHS-COURSE-000019,Grade 8 Edukasyon sa Pagpapakatao,20084,,INST JHS MLA_AY 2023-2024_Annual_Official,20001,SY_2023_JHS_OFFICIAL,54.57,54.57,active,54.57,54.57,,73,73,73,73,
Jeffery R. Anderson,10031,SYN-JHS-000040,Grade 8 Edukasyon sa Pagpapakatao,20011,SYN-JHS-COURSE-000019,Grade 8 Edukasyon sa Pagpapakatao,20084,,INST JHS MLA_AY 2023-2024_Annual_Official,20001,SY_2023_JHS_OFFICIAL,79.5,79.5,active,79.5,79.5,,87,87,87,87,
Amy K. Johnson,10065,SYN-JHS-000083,Grade 8 Edukasyon sa Pagpapakatao,20011,SYN-JHS-COURSE-000019,Grade 8 Edukasyon sa Pagpapakatao,20084,,INST JHS MLA_AY 2023-2024_Annual_Official,20001,SY_2023_JHS_OFFICIAL,72.36,72.36,active,72.36,72.36,,82,82,82,82,
Scott S. Alexander,10063,SYN-JHS-000081,Grade 8 Edukasyon sa Pagpapakatao,20011,SYN-JHS-COURSE-000019,Grade 8 Edukasyon sa Pagpapakatao,20084,,INST JHS MLA_AY 2023-2024_Annual_Official,20001,SY_2023_JHS_OFFICIAL,79.93,79.93,active,79.93,79.93,,87,87,87,87,
Caitlyn K. Mcdonald,10008,SYN-JHS-000014,Grade 8 Edukasyon sa Pagpapakatao,20011,SYN-JHS-COURSE-000019,Grade 8 Edukasyon sa Pagpapakatao,20084,,INST JHS MLA_AY 2023-2024_Annual_Official,20001,SY_2023_JHS_OFFICIAL,66.29,66.29,active,66.29,66.29,,78,78,78,78,
Jamie M. Cunningham,10009,SYN-JHS-000015,Grade 8 Edukasyon sa Pagpapakatao,20011,SYN-JHS-COURSE-000019,Grade 8 Edukasyon sa Pagpapakatao,20084,,INST JHS MLA_AY 2023-2024_Annual_Official,20001,SY_2023_JHS_OFFICIAL,71.93,71.93,active,71.93,71.93,,82,82,82,82,
Drew T. Walker,10030,SYN-JHS-000039,Grade 8 Edukasyon sa Pagpapakatao,20011,SYN-JHS-COURSE-000019,Grade 8 Edukasyon sa Pagpapakatao,20084,,INST JHS MLA_AY 2023-2024_Annual_Official,20001,SY_2023_JHS_OFFICIAL,53.93,53.93,active,53.93,53.93,,73,73,73,73,
Isaiah K. Mcgee,10073,SYN-JHS-000089,Grade 8 Edukasyon sa Pagpapakatao,20011,SYN-JHS-COURSE-000019,Grade 8 Edukasyon sa Pagpapakatao,20084,,INST JHS MLA_AY 2023-2024_Annual_Official,20001,SY_2023_JHS_OFFICIAL,20.0,20.0,active,20.0,20.0,,65,65,65,65,
Scott C. Santiago,10015,SYN-JHS-000026,Grade 8 Edukasyon sa Pagpapakatao,20011,SYN-JHS-COURSE-000019,Grade 8 Edukasyon sa Pagpapakatao,20084,,INST JHS MLA_AY 2023-2024_Annual_Official,20001,SY_2023_JHS_OFFICIAL,80.21,80.21,active,80.21,80.21,,87,87,87,87,
Stacey V. Malone,10010,SYN-JHS-000016,Grade 8 Edukasyon sa Pagpapakatao,20011,SYN-JHS-COURSE-000019,Grade 8 Edukasyon sa Pagpapakatao,20084,,INST JHS MLA_AY 2023-2024_Annual_Official,20001,SY_2023_JHS_OFFICIAL,79.0,79.0,active,79.0,79.0,,86,86,86,86,
David R. Spencer,10016,SYN-JHS-000027,Grade 8 Edukasyon sa Pagpapakatao,20011,SYN-JHS-COURSE-000019,Grade 8 Edukasyon sa Pagpapakatao,20084,,INST JHS MLA_AY 2023-2024_Annual_Official,20001,SY_2023_JHS_OFFICIAL,90.43,90.43,active,90.43,90.43,,94,94,94,94,
Jacob R. Mcguire,10027,SYN-JHS-000036,Grade 8 Edukasyon sa Pagpapakatao,20011,SYN-JHS-COURSE-000019,Grade 8 Edukasyon sa Pagpapakatao,20084,,INST JHS MLA_AY 2023-2024_Annual_Official,20001,SY_2023_JHS_OFFICIAL,89.29,89.29,active,89.29,89.29,,93,93,93,93,
Tammy G. Delgado,10101,SYN-JHS-000110,Grade 8 Edukasyon sa Pagpapakatao,20011,SYN-JHS-COURSE-000019,Grade 8 Edukasyon sa Pagpapakatao,20084,,INST JHS MLA_AY 2023-2024_Annual_Official,20001,SY_2023_JHS_OFFICIAL,79.71,79.71,active,79.71,79.71,,87,87,87,87,
Brett M. Wheeler,10093,SYN-JHS-000102,Grade 8 Filipino,20012,SYN-JHS-COURSE-000020,Grade 8 Filipino,20085,,INST JHS MLA_AY 2023-2024_Annual_Official,20001,SY_2023_JHS_OFFICIAL,63.98,63.98,active,63.98,63.98,,77,77,77,77,
Patricia B. Ward,10013,SYN-JHS-000020,Grade 8 Filipino,20012,SYN-JHS-COURSE-000020,Grade 8 Filipino,20085,,INST JHS MLA_AY 2023-2024_Annual_Official,20001,SY_2023_JHS_OFFICIAL,54.6,54.6,active,54.6,54.6,,73,73,73,73,
Pamela R. Lang,10080,SYN-JHS-000061,Grade 8 Filipino,20012,SYN-JHS-COURSE-000020,Grade 8 Filipino,20085,,INST JHS MLA_AY 2023-2024_Annual_Official,20001,SY_2023_JHS_OFFICIAL,67.96,67.96,active,67.96,67.96,,79,79,79,79,
David T. Rodriguez,10076,SYN-JHS-000093,Grade 8 Filipino,20012,SYN-JHS-COURSE-000020,Grade 8 Filipino,20085,,INST JHS MLA_AY 2023-2024_Annual_Official,20001,SY_2023_JHS_OFFICIAL,80.65,80.65,active,80.65,80.65,,87,87,87,87,
Victoria K. Kennedy,10022,SYN-JHS-000032,Grade 8 Filipino,20012,SYN-JHS-COURSE-000020,Grade 8 Filipino,20085,,INST JHS MLA_AY 2023-2024_Annual_Official,20001,SY_2023_JHS_OFFICIAL,69.11,69.11,active,69.11,69.11,,80,80,80,80,
Shannon J. Roberts,10007,SYN-JHS-000013,Grade 8 Filipino,20012,SYN-JHS-COURSE-000020,Grade 8 Filipino,20085,,INST JHS MLA_AY 2023-2024_Annual_Official,20001,SY_2023_JHS_OFFICIAL,74.04,74.04,active,74.04,74.04,,83,83,83,83,
Robert W. Murray,10026,SYN-JHS-000034,Grade 8 Filipino,20012,SYN-JHS-COURSE-000020,Grade 8 Filipino,20085,,INST JHS MLA_AY 2023-2024_Annual_Official,20001,SY_2023_JHS_OFFICIAL,87.04,87.04,active,87.04,87.04,,91,91,91,91,
Kristy P. Hernandez,10047,SYN-JHS-000056,Grade 8 Filipino,20012,SYN-JHS-COURSE-000020,Grade 8 Filipino,20085,,INST JHS MLA_AY 2023-2024_Annual_Official,20001,SY_2023_JHS_OFFICIAL,78.2,78.2,active,78.2,78.2,,86,86,86,86,
Barbara M. Phillips,10029,SYN-JHS-000037,Grade 8 Filipino,20012,SYN-JHS-COURSE-000020,Grade 8 Filipino,20085,,INST JHS MLA_AY 2023-2024_Annual_Official,20001,SY_2023_JHS_OFFICIAL,64.89,64.89,active,64.89,64.89,,78,78,78,78,
Sherry K. Frazier,10012,SYN-JHS-000018,Grade 8 Filipino,20012,SYN-JHS-COURSE-000020,Grade 8 Filipino,20085,,INST JHS MLA_AY 2023-2024_Annual_Official,20001,SY_2023_JHS_OFFICIAL,77.45,77.45,active,77.45,77.45,,85,85,85,85,
Bethany J. Lynch,10017,SYN-JHS-000030,Grade 8 Filipino,20012,SYN-JHS-COURSE-000020,Grade 8 Filipino,20085,,INST JHS MLA_AY 2023-2024_Annual_Official,20001,SY_2023_JHS_OFFICIAL,96.65,96.65,active,96.65,96.65,,97,97,97,97,
Gina M. Rice,10023,SYN-JHS-000033,Grade 8 Filipino,20012,SYN-JHS-COURSE-000020,Grade 8 Filipino,20085,,INST JHS MLA_AY 2023-2024_Annual_Official,20001,SY_2023_JHS_OFFICIAL,88.04,88.04,active,88.04,88.04,,92,92,92,92,
Robert N. Cameron,10049,SYN-JHS-000059,Grade 8 Filipino,20012,SYN-JHS-COURSE-000020,Grade 8 Filipino,20085,,INST JHS MLA_AY 2023-2024_Annual_Official,20001,SY_2023_JHS_OFFICIAL,92.44,92.44,active,92.44,92.44,,95,95,95,95,
Brittany S. Harper,10014,SYN-JHS-000024,Grade 8 Filipino,20012,SYN-JHS-COURSE-000020,Grade 8 Filipino,20085,,INST JHS MLA_AY 2023-2024_Annual_Official,20001,SY_2023_JHS_OFFICIAL,73.67,73.67,active,73.67,73.67,,83,83,83,83,
Stephanie R. Robbins,10011,SYN-JHS-000017,Grade 8 Filipino,20012,SYN-JHS-COURSE-000020,Grade 8 Filipino,20085,,INST JHS MLA_AY 2023-2024_Annual_Official,20001,SY_2023_JHS_OFFICIAL,73.98,73.98,active,73.98,73.98,,83,83,83,83,
Jeffery R. Anderson,10031,SYN-JHS-000040,Grade 8 Filipino,20012,SYN-JHS-COURSE-000020,Grade 8 Filipino,20085,,INST JHS MLA_AY 2023-2024_Annual_Official,20001,SY_2023_JHS_OFFICIAL,85.56,85.56,active,85.56,85.56,,90,90,90,90,
Amy K. Johnson,10065,SYN-JHS-000083,Grade 8 Filipino,20012,SYN-JHS-COURSE-000020,Grade 8 Filipino,20085,,INST JHS MLA_AY 2023-2024_Annual_Official,20001,SY_2023_JHS_OFFICIAL,74.02,74.02,active,74.02,74.02,,83,83,83,83,
Scott S. Alexander,10063,SYN-JHS-000081,Grade 8 Filipino,20012,SYN-JHS-COURSE-000020,Grade 8 Filipino,20085,,INST JHS MLA_AY 2023-2024_Annual_Official,20001,SY_2023_JHS_OFFICIAL,84.29,84.29,active,84.29,84.29,,90,90,90,90,
Caitlyn K. Mcdonald,10008,SYN-JHS-000014,Grade 8 Filipino,20012,SYN-JHS-COURSE-000020,Grade 8 Filipino,20085,,INST JHS MLA_AY 2023-2024_Annual_Official,20001,SY_2023_JHS_OFFICIAL,71.85,71.85,active,71.85,71.85,,82,82,82,82,
Jamie M. Cunningham,10009,SYN-JHS-000015,Grade 8 Filipino,20012,SYN-JHS-COURSE-000020,Grade 8 Filipino,20085,,INST JHS MLA_AY 2023-2024_Annual_Official,20001,SY_2023_JHS_OFFICIAL,78.11,78.11,active,78.11,78.11,,86,86,86,86,
Drew T. Walker,10030,SYN-JHS-000039,Grade 8 Filipino,20012,SYN-JHS-COURSE-000020,Grade 8 Filipino,20085,,INST JHS MLA_AY 2023-2024_Annual_Official,20001,SY_2023_JHS_OFFICIAL,60.78,60.78,active,60.78,60.78,,75,75,75,75,
Isaiah K. Mcgee,10073,SYN-JHS-000089,Grade 8 Filipino,20012,SYN-JHS-COURSE-000020,Grade 8 Filipino,20085,,INST JHS MLA_AY 2023-2024_Annual_Official,20001,SY_2023_JHS_OFFICIAL,0.0,0.0,active,0.0,0.0,,60,60,60,60,
Scott C. Santiago,10015,SYN-JHS-000026,Grade 8 Filipino,20012,SYN-JHS-COURSE-000020,Grade 8 Filipino,20085,,INST JHS MLA_AY 2023-2024_Annual_Official,20001,SY_2023_JHS_OFFICIAL,86.58,86.58,active,86.58,86.58,,91,91,91,91,
Stacey V. Malone,10010,SYN-JHS-000016,Grade 8 Filipino,20012,SYN-JHS-COURSE-000020,Grade 8 Filipino,20085,,INST JHS MLA_AY 2023-2024_Annual_Official,20001,SY_2023_JHS_OFFICIAL,81.93,81.93,active,81.93,81.93,,88,88,88,88,
David R. Spencer,10016,SYN-JHS-000027,Grade 8 Filipino,20012,SYN-JHS-COURSE-000020,Grade 8 Filipino,20085,,INST JHS MLA_AY 2023-2024_Annual_Official,20001,SY_2023_JHS_OFFICIAL,88.96,88.96,active,88.96,88.96,,93,93,93,93,
Jacob R. Mcguire,10027,SYN-JHS-000036,Grade 8 Filipino,20012,SYN-JHS-COURSE-000020,Grade 8 Filipino,20085,,INST JHS MLA_AY 2023-2024_Annual_Official,20001,SY_2023_JHS_OFFICIAL,92.27,92.27,active,92.27,92.27,,95,95,95,95,
Scott M. Pham,10053,SYN-JHS-000068,Grade 8 Filipino,20012,SYN-JHS-COURSE-000020,Grade 8 Filipino,20085,,INST JHS MLA_AY 2023-2024_Annual_Official,20001,SY_2023_JHS_OFFICIAL,94.02,94.02,active,94.02,94.02,,96,96,96,96,
Amber P. Ewing,10021,SYN-JHS-000029,Grade 8 Filipino,20012,SYN-JHS-COURSE-000020,Grade 8 Filipino,20085,,INST JHS MLA_AY 2023-2024_Annual_Official,20001,SY_2023_JHS_OFFICIAL,78.78,78.78,active,78.78,78.78,,86,86,86,86,
Melissa F. Bruce,10055,SYN-JHS-000070,Grade 8 Filipino,20012,SYN-JHS-COURSE-000020,Grade 8 Filipino,20085,,INST JHS MLA_AY 2023-2024_Annual_Official,20001,SY_2023_JHS_OFFICIAL,74.15,74.15,active,74.15,74.15,,83,83,83,83,
Tammy G. Delgado,10101,SYN-JHS-000110,Grade 8 Filipino,20012,SYN-JHS-COURSE-000020,Grade 8 Filipino,20085,,INST JHS MLA_AY 2023-2024_Annual_Official,20001,SY_2023_JHS_OFFICIAL,87.35,87.35,active,87.35,87.35,,92,92,92,92,
Barbara M. Phillips,10029,SYN-JHS-000037,Grade 8 Mathematics,20013,SYN-JHS-COURSE-000022,Grade 8 Mathematics,20068,,INST JHS MLA_AY 2023-2024_Annual_Official,20001,SY_2023_JHS_OFFICIAL,90.31,90.31,active,90.31,90.31,,93,93,93,93,
Sherry K. Frazier,10012,SYN-JHS-000018,Grade 8 Mathematics,20013,SYN-JHS-COURSE-000022,Grade 8 Mathematics,20068,,INST JHS MLA_AY 2023-2024_Annual_Official,20001,SY_2023_JHS_OFFICIAL,77.09,77.09,active,77.09,77.09,,85,85,85,85,
Bethany J. Lynch,10017,SYN-JHS-000030,Grade 8 Mathematics,20013,SYN-JHS-COURSE-000022,Grade 8 Mathematics,20068,,INST JHS MLA_AY 2023-2024_Annual_Official,20001,SY_2023_JHS_OFFICIAL,95.89,95.89,active,95.89,95.89,,97,97,97,97,
Gina M. Rice,10023,SYN-JHS-000033,Grade 8 Mathematics,20013,SYN-JHS-COURSE-000022,Grade 8 Mathematics,20068,,INST JHS MLA_AY 2023-2024_Annual_Official,20001,SY_2023_JHS_OFFICIAL,88.4,88.4,active,88.4,88.4,,92,92,92,92,
Robert N. Cameron,10049,SYN-JHS-000059,Grade 8 Mathematics,20013,SYN-JHS-COURSE-000022,Grade 8 Mathematics,20068,,INST JHS MLA_AY 2023-2024_Annual_Official,20001,SY_2023_JHS_OFFICIAL,95.09,95.09,active,95.09,95.09,,96,96,96,96,
Brittany S. Harper,10014,SYN-JHS-000024,Grade 8 Mathematics,20013,SYN-JHS-COURSE-000022,Grade 8 Mathematics,20068,,INST JHS MLA_AY 2023-2024_Annual_Official,20001,SY_2023_JHS_OFFICIAL,80.27,80.27,active,80.27,80.27,,87,87,87,87,
Stephanie R. Robbins,10011,SYN-JHS-000017,Grade 8 Mathematics,20013,SYN-JHS-COURSE-000022,Grade 8 Mathematics,20068,,INST JHS MLA_AY 2023-2024_Annual_Official,20001,SY_2023_JHS_OFFICIAL,88.65,88.65,active,88.65,88.65,,92,92,92,92,
Jeffery R. Anderson,10031,SYN-JHS-000040,Grade 8 Mathematics,20013,SYN-JHS-COURSE-000022,Grade 8 Mathematics,20068,,INST JHS MLA_AY 2023-2024_Annual_Official,20001,SY_2023_JHS_OFFICIAL,90.84,90.84,active,90.84,90.84,,94,94,94,94,
Amy K. Johnson,10065,SYN-JHS-000083,Grade 8 Mathematics,20013,SYN-JHS-COURSE-000022,Grade 8 Mathematics,20068,,INST JHS MLA_AY 2023-2024_Annual_Official,20001,SY_2023_JHS_OFFICIAL,79.47,79.47,active,79.47,79.47,,87,87,87,87,
Scott S. Alexander,10063,SYN-JHS-000081,Grade 8 Mathematics,20013,SYN-JHS-COURSE-000022,Grade 8 Mathematics,20068,,INST JHS MLA_AY 2023-2024_Annual_Official,20001,SY_2023_JHS_OFFICIAL,87.56,87.56,active,87.56,87.56,,92,92,92,92,
Caitlyn K. Mcdonald,10008,SYN-JHS-000014,Grade 8 Mathematics,20013,SYN-JHS-COURSE-000022,Grade 8 Mathematics,20068,,INST JHS MLA_AY 2023-2024_Annual_Official,20001,SY_2023_JHS_OFFICIAL,77.49,77.49,active,77.49,77.49,,85,85,85,85,
Jamie M. Cunningham,10009,SYN-JHS-000015,Grade 8 Mathematics,20013,SYN-JHS-COURSE-000022,Grade 8 Mathematics,20068,,INST JHS MLA_AY 2023-2024_Annual_Official,20001,SY_2023_JHS_OFFICIAL,82.27,82.27,active,82.27,82.27,,88,88,88,88,
Drew T. Walker,10030,SYN-JHS-000039,Grade 8 Mathematics,20013,SYN-JHS-COURSE-000022,Grade 8 Mathematics,20068,,INST JHS MLA_AY 2023-2024_Annual_Official,20001,SY_2023_JHS_OFFICIAL,75.85,75.85,active,75.85,75.85,,84,84,84,84,
Isaiah K. Mcgee,10073,SYN-JHS-000089,Grade 8 Mathematics,20013,SYN-JHS-COURSE-000022,Grade 8 Mathematics,20068,,INST JHS MLA_AY 2023-2024_Annual_Official,20001,SY_2023_JHS_OFFICIAL,0.0,0.0,active,0.0,0.0,,60,60,60,60,
Scott C. Santiago,10015,SYN-JHS-000026,Grade 8 Mathematics,20013,SYN-JHS-COURSE-000022,Grade 8 Mathematics,20068,,INST JHS MLA_AY 2023-2024_Annual_Official,20001,SY_2023_JHS_OFFICIAL,90.36,90.36,active,90.36,90.36,,93,93,93,93,
Stacey V. Malone,10010,SYN-JHS-000016,Grade 8 Mathematics,20013,SYN-JHS-COURSE-000022,Grade 8 Mathematics,20068,,INST JHS MLA_AY 2023-2024_Annual_Official,20001,SY_2023_JHS_OFFICIAL,93.49,93.49,active,93.49,93.49,,95,95,95,95,
David R. Spencer,10016,SYN-JHS-000027,Grade 8 Mathematics,20013,SYN-JHS-COURSE-000022,Grade 8 Mathematics,20068,,INST JHS MLA_AY 2023-2024_Annual_Official,20001,SY_2023_JHS_OFFICIAL,90.56,90.56,active,90.56,90.56,,94,94,94,94,
Jacob R. Mcguire,10027,SYN-JHS-000036,Grade 8 Mathematics,20013,SYN-JHS-COURSE-000022,Grade 8 Mathematics,20068,,INST JHS MLA_AY 2023-2024_Annual_Official,20001,SY_2023_JHS_OFFICIAL,91.36,91.36,active,91.36,91.36,,94,94,94,94,
Scott M. Pham,10053,SYN-JHS-000068,Grade 8 Mathematics,20013,SYN-JHS-COURSE-000022,Grade 8 Mathematics,20068,,INST JHS MLA_AY 2023-2024_Annual_Official,20001,SY_2023_JHS_OFFICIAL,96.29,96.29,active,96.29,96.29,,97,97,97,97,
Amber P. Ewing,10021,SYN-JHS-000029,Grade 8 Mathematics,20013,SYN-JHS-COURSE-000022,Grade 8 Mathematics,20068,,INST JHS MLA_AY 2023-2024_Annual_Official,20001,SY_2023_JHS_OFFICIAL,81.27,81.27,active,81.27,81.27,,88,88,88,88,
Melissa F. Bruce,10055,SYN-JHS-000070,Grade 8 Mathematics,20013,SYN-JHS-COURSE-000022,Grade 8 Mathematics,20068,,INST JHS MLA_AY 2023-2024_Annual_Official,20001,SY_2023_JHS_OFFICIAL,77.22,77.22,active,77.22,77.22,,85,85,85,85,
Brett M. Wheeler,10093,SYN-JHS-000102,Grade 8 Mathematics,20013,SYN-JHS-COURSE-000022,Grade 8 Mathematics,20068,,INST JHS MLA_AY 2023-2024_Annual_Official,20001,SY_2023_JHS_OFFICIAL,77.29,77.29,active,77.29,77.29,,85,85,85,85,
Patricia B. Ward,10013,SYN-JHS-000020,Grade 8 Mathematics,20013,SYN-JHS-COURSE-000022,Grade 8 Mathematics,20068,,INST JHS MLA_AY 2023-2024_Annual_Official,20001,SY_2023_JHS_OFFICIAL,69.83,69.83,active,69.83,69.83,,81,81,81,81,
Pamela R. Lang,10080,SYN-JHS-000061,Grade 8 Mathematics,20013,SYN-JHS-COURSE-000022,Grade 8 Mathematics,20068,,INST JHS MLA_AY 2023-2024_Annual_Official,20001,SY_2023_JHS_OFFICIAL,80.91,80.91,active,80.91,80.91,,88,88,88,88,
David T. Rodriguez,10076,SYN-JHS-000093,Grade 8 Mathematics,20013,SYN-JHS-COURSE-000022,Grade 8 Mathematics,20068,,INST JHS MLA_AY 2023-2024_Annual_Official,20001,SY_2023_JHS_OFFICIAL,82.36,82.36,active,82.36,82.36,,88,88,88,88,
Victoria K. Kennedy,10022,SYN-JHS-000032,Grade 8 Mathematics,20013,SYN-JHS-COURSE-000022,Grade 8 Mathematics,20068,,INST JHS MLA_AY 2023-2024_Annual_Official,20001,SY_2023_JHS_OFFICIAL,76.31,76.31,active,76.31,76.31,,85,85,85,85,
Shannon J. Roberts,10007,SYN-JHS-000013,Grade 8 Mathematics,20013,SYN-JHS-COURSE-000022,Grade 8 Mathematics,20068,,INST JHS MLA_AY 2023-2024_Annual_Official,20001,SY_2023_JHS_OFFICIAL,82.07,82.07,active,82.07,82.07,,88,88,88,88,
Robert W. Murray,10026,SYN-JHS-000034,Grade 8 Mathematics,20013,SYN-JHS-COURSE-000022,Grade 8 Mathematics,20068,,INST JHS MLA_AY 2023-2024_Annual_Official,20001,SY_2023_JHS_OFFICIAL,91.24,91.24,active,91.24,91.24,,94,94,94,94,
Kristy P. Hernandez,10047,SYN-JHS-000056,Grade 8 Mathematics,20013,SYN-JHS-COURSE-000022,Grade 8 Mathematics,20068,,INST JHS MLA_AY 2023-2024_Annual_Official,20001,SY_2023_JHS_OFFICIAL,93.69,93.69,active,93.69,93.69,,96,96,96,96,
Tammy G. Delgado,10101,SYN-JHS-000110,Grade 8 Mathematics,20013,SYN-JHS-COURSE-000022,Grade 8 Mathematics,20068,,INST JHS MLA_AY 2023-2024_Annual_Official,20001,SY_2023_JHS_OFFICIAL,82.38,82.38,active,82.38,82.38,,88,88,88,88,
Scott M. Pham,10053,SYN-JHS-000068,Grade 8 Science,20014,SYN-JHS-COURSE-000023,Grade 8 Science,20087,,INST JHS MLA_AY 2023-2024_Annual_Official,20001,SY_2023_JHS_OFFICIAL,97.47,97.47,active,97.47,97.47,,98,98,98,98,
Amber P. Ewing,10021,SYN-JHS-000029,Grade 8 Science,20014,SYN-JHS-COURSE-000023,Grade 8 Science,20087,,INST JHS MLA_AY 2023-2024_Annual_Official,20001,SY_2023_JHS_OFFICIAL,73.73,73.73,active,73.73,73.73,,83,83,83,83,
Melissa F. Bruce,10055,SYN-JHS-000070,Grade 8 Science,20014,SYN-JHS-COURSE-000023,Grade 8 Science,20087,,INST JHS MLA_AY 2023-2024_Annual_Official,20001,SY_2023_JHS_OFFICIAL,80.8,80.8,active,80.8,80.8,,88,88,88,88,
Brett M. Wheeler,10093,SYN-JHS-000102,Grade 8 Science,20014,SYN-JHS-COURSE-000023,Grade 8 Science,20087,,INST JHS MLA_AY 2023-2024_Annual_Official,20001,SY_2023_JHS_OFFICIAL,64.67,64.67,active,64.67,64.67,,77,77,77,77,
Patricia B. Ward,10013,SYN-JHS-000020,Grade 8 Science,20014,SYN-JHS-COURSE-000023,Grade 8 Science,20087,,INST JHS MLA_AY 2023-2024_Annual_Official,20001,SY_2023_JHS_OFFICIAL,73.6,73.6,active,73.6,73.6,,83,83,83,83,
Pamela R. Lang,10080,SYN-JHS-000061,Grade 8 Science,20014,SYN-JHS-COURSE-000023,Grade 8 Science,20087,,INST JHS MLA_AY 2023-2024_Annual_Official,20001,SY_2023_JHS_OFFICIAL,62.67,62.67,active,62.67,62.67,,76,76,76,76,
David T. Rodriguez,10076,SYN-JHS-000093,Grade 8 Science,20014,SYN-JHS-COURSE-000023,Grade 8 Science,20087,,INST JHS MLA_AY 2023-2024_Annual_Official,20001,SY_2023_JHS_OFFICIAL,89.07,89.07,active,89.07,89.07,,93,93,93,93,
Victoria K. Kennedy,10022,SYN-JHS-000032,Grade 8 Science,20014,SYN-JHS-COURSE-000023,Grade 8 Science,20087,,INST JHS MLA_AY 2023-2024_Annual_Official,20001,SY_2023_JHS_OFFICIAL,87.6,87.6,active,87.6,87.6,,92,92,92,92,
Shannon J. Roberts,10007,SYN-JHS-000013,Grade 8 Science,20014,SYN-JHS-COURSE-000023,Grade 8 Science,20087,,INST JHS MLA_AY 2023-2024_Annual_Official,20001,SY_2023_JHS_OFFICIAL,83.47,83.47,active,83.47,83.47,,89,89,89,89,
Robert W. Murray,10026,SYN-JHS-000034,Grade 8 Science,20014,SYN-JHS-COURSE-000023,Grade 8 Science,20087,,INST JHS MLA_AY 2023-2024_Annual_Official,20001,SY_2023_JHS_OFFICIAL,94.27,94.27,active,94.27,94.27,,96,96,96,96,
Kristy P. Hernandez,10047,SYN-JHS-000056,Grade 8 Science,20014,SYN-JHS-COURSE-000023,Grade 8 Science,20087,,INST JHS MLA_AY 2023-2024_Annual_Official,20001,SY_2023_JHS_OFFICIAL,89.6,89.6,active,89.6,89.6,,93,93,93,93,
Barbara M. Phillips,10029,SYN-JHS-000037,Grade 8 Science,20014,SYN-JHS-COURSE-000023,Grade 8 Science,20087,,INST JHS MLA_AY 2023-2024_Annual_Official,20001,SY_2023_JHS_OFFICIAL,87.6,87.6,active,87.6,87.6,,92,92,92,92,
Sherry K. Frazier,10012,SYN-JHS-000018,Grade 8 Science,20014,SYN-JHS-COURSE-000023,Grade 8 Science,20087,,INST JHS MLA_AY 2023-2024_Annual_Official,20001,SY_2023_JHS_OFFICIAL,75.47,75.47,active,75.47,75.47,,84,84,84,84,
Bethany J. Lynch,10017,SYN-JHS-000030,Grade 8 Science,20014,SYN-JHS-COURSE-000023,Grade 8 Science,20087,,INST JHS MLA_AY 2023-2024_Annual_Official,20001,SY_2023_JHS_OFFICIAL,94.13,94.13,active,94.13,94.13,,96,96,96,96,
Gina M. Rice,10023,SYN-JHS-000033,Grade 8 Science,20014,SYN-JHS-COURSE-000023,Grade 8 Science,20087,,INST JHS MLA_AY 2023-2024_Annual_Official,20001,SY_2023_JHS_OFFICIAL,87.47,87.47,active,87.47,87.47,,92,92,92,92,
Robert N. Cameron,10049,SYN-JHS-000059,Grade 8 Science,20014,SYN-JHS-COURSE-000023,Grade 8 Science,20087,,INST JHS MLA_AY 2023-2024_Annual_Official,20001,SY_2023_JHS_OFFICIAL,98.53,98.53,active,98.53,98.53,,99,99,99,99,
Brittany S. Harper,10014,SYN-JHS-000024,Grade 8 Science,20014,SYN-JHS-COURSE-000023,Grade 8 Science,20087,,INST JHS MLA_AY 2023-2024_Annual_Official,20001,SY_2023_JHS_OFFICIAL,76.27,76.27,active,76.27,76.27,,85,85,85,85,
Stephanie R. Robbins,10011,SYN-JHS-000017,Grade 8 Science,20014,SYN-JHS-COURSE-000023,Grade 8 Science,20087,,INST JHS MLA_AY 2023-2024_Annual_Official,20001,SY_2023_JHS_OFFICIAL,86.4,86.4,active,86.4,86.4,,91,91,91,91,
Jeffery R. Anderson,10031,SYN-JHS-000040,Grade 8 Science,20014,SYN-JHS-COURSE-000023,Grade 8 Science,20087,,INST JHS MLA_AY 2023-2024_Annual_Official,20001,SY_2023_JHS_OFFICIAL,83.33,83.33,active,83.33,83.33,,89,89,89,89,
Amy K. Johnson,10065,SYN-JHS-000083,Grade 8 Science,20014,SYN-JHS-COURSE-000023,Grade 8 Science,20087,,INST JHS MLA_AY 2023-2024_Annual_Official,20001,SY_2023_JHS_OFFICIAL,85.2,85.2,active,85.2,85.2,,90,90,90,90,
Scott S. Alexander,10063,SYN-JHS-000081,Grade 8 Science,20014,SYN-JHS-COURSE-000023,Grade 8 Science,20087,,INST JHS MLA_AY 2023-2024_Annual_Official,20001,SY_2023_JHS_OFFICIAL,86.67,86.67,active,86.67,86.67,,91,91,91,91,
Caitlyn K. Mcdonald,10008,SYN-JHS-000014,Grade 8 Science,20014,SYN-JHS-COURSE-000023,Grade 8 Science,20087,,INST JHS MLA_AY 2023-2024_Annual_Official,20001,SY_2023_JHS_OFFICIAL,71.73,71.73,active,71.73,71.73,,82,82,82,82,
Jamie M. Cunningham,10009,SYN-JHS-000015,Grade 8 Science,20014,SYN-JHS-COURSE-000023,Grade 8 Science,20087,,INST JHS MLA_AY 2023-2024_Annual_Official,20001,SY_2023_JHS_OFFICIAL,72.13,72.13,active,72.13,72.13,,82,82,82,82,
Drew T. Walker,10030,SYN-JHS-000039,Grade 8 Science,20014,SYN-JHS-COURSE-000023,Grade 8 Science,20087,,INST JHS MLA_AY 2023-2024_Annual_Official,20001,SY_2023_JHS_OFFICIAL,68.13,68.13,active,68.13,68.13,,80,80,80,80,
Isaiah K. Mcgee,10073,SYN-JHS-000089,Grade 8 Science,20014,SYN-JHS-COURSE-000023,Grade 8 Science,20087,,INST JHS MLA_AY 2023-2024_Annual_Official,20001,SY_2023_JHS_OFFICIAL,0.0,0.0,active,0.0,0.0,,60,60,60,60,
Scott C. Santiago,10015,SYN-JHS-000026,Grade 8 Science,20014,SYN-JHS-COURSE-000023,Grade 8 Science,20087,,INST JHS MLA_AY 2023-2024_Annual_Official,20001,SY_2023_JHS_OFFICIAL,92.67,92.67,active,92.67,92.67,,95,95,95,95,
Stacey V. Malone,10010,SYN-JHS-000016,Grade 8 Science,20014,SYN-JHS-COURSE-000023,Grade 8 Science,20087,,INST JHS MLA_AY 2023-2024_Annual_Official,20001,SY_2023_JHS_OFFICIAL,88.27,88.27,active,88.27,88.27,,92,92,92,92,
David R. Spencer,10016,SYN-JHS-000027,Grade 8 Science,20014,SYN-JHS-COURSE-000023,Grade 8 Science,20087,,INST JHS MLA_AY 2023-2024_Annual_Official,20001,SY_2023_JHS_OFFICIAL,88.67,88.67,active,88.67,88.67,,92,92,92,92,
Jacob R. Mcguire,10027,SYN-JHS-000036,Grade 8 Science,20014,SYN-JHS-COURSE-000023,Grade 8 Science,20087,,INST JHS MLA_AY 2023-2024_Annual_Official,20001,SY_2023_JHS_OFFICIAL,91.07,91.07,active,91.07,91.07,,94,94,94,94,
Tammy G. Delgado,10101,SYN-JHS-000110,Grade 8 Science,20014,SYN-JHS-COURSE-000023,Grade 8 Science,20087,,INST JHS MLA_AY 2023-2024_Annual_Official,20001,SY_2023_JHS_OFFICIAL,80.67,80.67,active,80.67,80.67,,87,87,87,87,
Drew T. Walker,10030,SYN-JHS-000039,Grade 8 Technology and Livelihood Education,20015,SYN-JHS-COURSE-000024,Grade 8 Technology and Livelihood Education,20088,,INST JHS MLA_AY 2023-2024_Annual_Official,20001,SY_2023_JHS_OFFICIAL,80.6,80.6,active,80.6,80.6,,87,87,87,87,
Isaiah K. Mcgee,10073,SYN-JHS-000089,Grade 8 Technology and Livelihood Education,20015,SYN-JHS-COURSE-000024,Grade 8 Technology and Livelihood Education,20088,,INST JHS MLA_AY 2023-2024_Annual_Official,20001,SY_2023_JHS_OFFICIAL,9.09,9.09,active,9.09,9.09,,62,62,62,62,
Scott C. Santiago,10015,SYN-JHS-000026,Grade 8 Technology and Livelihood Education,20015,SYN-JHS-COURSE-000024,Grade 8 Technology and Livelihood Education,20088,,INST JHS MLA_AY 2023-2024_Annual_Official,20001,SY_2023_JHS_OFFICIAL,83.98,83.98,active,83.98,83.98,,89,89,89,89,
Stacey V. Malone,10010,SYN-JHS-000016,Grade 8 Technology and Livelihood Education,20015,SYN-JHS-COURSE-000024,Grade 8 Technology and Livelihood Education,20088,,INST JHS MLA_AY 2023-2024_Annual_Official,20001,SY_2023_JHS_OFFICIAL,94.84,94.84,active,94.84,94.84,,96,96,96,96,
David R. Spencer,10016,SYN-JHS-000027,Grade 8 Technology and Livelihood Education,20015,SYN-JHS-COURSE-000024,Grade 8 Technology and Livelihood Education,20088,,INST JHS MLA_AY 2023-2024_Annual_Official,20001,SY_2023_JHS_OFFICIAL,94.0,94.0,active,94.0,94.0,,96,96,96,96,
Jacob R. Mcguire,10027,SYN-JHS-000036,Grade 8 Technology and Livelihood Education,20015,SYN-JHS-COURSE-000024,Grade 8 Technology and Livelihood Education,20088,,INST JHS MLA_AY 2023-2024_Annual_Official,20001,SY_2023_JHS_OFFICIAL,93.78,93.78,active,93.78,93.78,,96,96,96,96,
Scott M. Pham,10053,SYN-JHS-000068,Grade 8 Technology and Livelihood Education,20015,SYN-JHS-COURSE-000024,Grade 8 Technology and Livelihood Education,20088,,INST JHS MLA_AY 2023-2024_Annual_Official,20001,SY_2023_JHS_OFFICIAL,99.2,99.2,active,99.2,99.2,,99,99,99,99,
Amber P. Ewing,10021,SYN-JHS-000029,Grade 8 Technology and Livelihood Education,20015,SYN-JHS-COURSE-000024,Grade 8 Technology and Livelihood Education,20088,,INST JHS MLA_AY 2023-2024_Annual_Official,20001,SY_2023_JHS_OFFICIAL,73.8,73.8,active,73.8,73.8,,83,83,83,83,
Melissa F. Bruce,10055,SYN-JHS-000070,Grade 8 Technology and Livelihood Education,20015,SYN-JHS-COURSE-000024,Grade 8 Technology and Livelihood Education,20088,,INST JHS MLA_AY 2023-2024_Annual_Official,20001,SY_2023_JHS_OFFICIAL,81.05,81.05,active,81.05,81.05,,88,88,88,88,
Brett M. Wheeler,10093,SYN-JHS-000102,Grade 8 Technology and Livelihood Education,20015,SYN-JHS-COURSE-000024,Grade 8 Technology and Livelihood Education,20088,,INST JHS MLA_AY 2023-2024_Annual_Official,20001,SY_2023_JHS_OFFICIAL,68.11,68.11,active,68.11,68.11,,80,80,80,80,
Patricia B. Ward,10013,SYN-JHS-000020,Grade 8 Technology and Livelihood Education,20015,SYN-JHS-COURSE-000024,Grade 8 Technology and Livelihood Education,20088,,INST JHS MLA_AY 2023-2024_Annual_Official,20001,SY_2023_JHS_OFFICIAL,61.56,61.56,active,61.56,61.56,,75,75,75,75,
Pamela R. Lang,10080,SYN-JHS-000061,Grade 8 Technology and Livelihood Education,20015,SYN-JHS-COURSE-000024,Grade 8 Technology and Livelihood Education,20088,,INST JHS MLA_AY 2023-2024_Annual_Official,20001,SY_2023_JHS_OFFICIAL,61.15,61.15,active,61.15,61.15,,75,75,75,75,
David T. Rodriguez,10076,SYN-JHS-000093,Grade 8 Technology and Livelihood Education,20015,SYN-JHS-COURSE-000024,Grade 8 Technology and Livelihood Education,20088,,INST JHS MLA_AY 2023-2024_Annual_Official,20001,SY_2023_JHS_OFFICIAL,85.29,85.29,active,85.29,85.29,,90,90,90,90,
Victoria K. Kennedy,10022,SYN-JHS-000032,Grade 8 Technology and Livelihood Education,20015,SYN-JHS-COURSE-000024,Grade 8 Technology and Livelihood Education,20088,,INST JHS MLA_AY 2023-2024_Annual_Official,20001,SY_2023_JHS_OFFICIAL,68.4,68.4,active,68.4,68.4,,80,80,80,80,
Shannon J. Roberts,10007,SYN-JHS-000013,Grade 8 Technology and Livelihood Education,20015,SYN-JHS-COURSE-000024,Grade 8 Technology and Livelihood Education,20088,,INST JHS MLA_AY 2023-2024_Annual_Official,20001,SY_2023_JHS_OFFICIAL,77.95,77.95,active,77.95,77.95,,86,86,86,86,
Robert W. Murray,10026,SYN-JHS-000034,Grade 8 Technology and Livelihood Education,20015,SYN-JHS-COURSE-000024,Grade 8 Technology and Livelihood Education,20088,,INST JHS MLA_AY 2023-2024_Annual_Official,20001,SY_2023_JHS_OFFICIAL,93.31,93.31,active,93.31,93.31,,95,95,95,95,
Kristy P. Hernandez,10047,SYN-JHS-000056,Grade 8 Technology and Livelihood Education,20015,SYN-JHS-COURSE-000024,Grade 8 Technology and Livelihood Education,20088,,INST JHS MLA_AY 2023-2024_Annual_Official,20001,SY_2023_JHS_OFFICIAL,90.78,90.78,active,90.78,90.78,,94,94,94,94,
Barbara M. Phillips,10029,SYN-JHS-000037,Grade 8 Technology and Livelihood Education,20015,SYN-JHS-COURSE-000024,Grade 8 Technology and Livelihood Education,20088,,INST JHS MLA_AY 2023-2024_Annual_Official,20001,SY_2023_JHS_OFFICIAL,93.6,93.6,active,93.6,93.6,,96,96,96,96,
Sherry K. Frazier,10012,SYN-JHS-000018,Grade 8 Technology and Livelihood Education,20015,SYN-JHS-COURSE-000024,Grade 8 Technology and Livelihood Education,20088,,INST JHS MLA_AY 2023-2024_Annual_Official,20001,SY_2023_JHS_OFFICIAL,79.85,79.85,active,79.85,79.85,,87,87,87,87,
Bethany J. Lynch,10017,SYN-JHS-000030,Grade 8 Technology and Livelihood Education,20015,SYN-JHS-COURSE-000024,Grade 8 Technology and Livelihood Education,20088,,INST JHS MLA_AY 2023-2024_Annual_Official,20001,SY_2023_JHS_OFFICIAL,94.4,94.4,active,94.4,94.4,,96,96,96,96,
Gina M. Rice,10023,SYN-JHS-000033,Grade 8 Technology and Livelihood Education,20015,SYN-JHS-COURSE-000024,Grade 8 Technology and Livelihood Education,20088,,INST JHS MLA_AY 2023-2024_Annual_Official,20001,SY_2023_JHS_OFFICIAL,72.18,72.18,active,72.18,72.18,,82,82,82,82,
Robert N. Cameron,10049,SYN-JHS-000059,Grade 8 Technology and Livelihood Education,20015,SYN-JHS-COURSE-000024,Grade 8 Technology and Livelihood Education,20088,,INST JHS MLA_AY 2023-2024_Annual_Official,20001,SY_2023_JHS_OFFICIAL,93.09,93.09,active,93.09,93.09,,95,95,95,95,
Brittany S. Harper,10014,SYN-JHS-000024,Grade 8 Technology and Livelihood Education,20015,SYN-JHS-COURSE-000024,Grade 8 Technology and Livelihood Education,20088,,INST JHS MLA_AY 2023-2024_Annual_Official,20001,SY_2023_JHS_OFFICIAL,61.64,61.64,active,61.64,61.64,,76,76,76,76,
Stephanie R. Robbins,10011,SYN-JHS-000017,Grade 8 Technology and Livelihood Education,20015,SYN-JHS-COURSE-000024,Grade 8 Technology and Livelihood Education,20088,,INST JHS MLA_AY 2023-2024_Annual_Official,20001,SY_2023_JHS_OFFICIAL,81.82,81.82,active,81.82,81.82,,88,88,88,88,
Jeffery R. Anderson,10031,SYN-JHS-000040,Grade 8 Technology and Livelihood Education,20015,SYN-JHS-COURSE-000024,Grade 8 Technology and Livelihood Education,20088,,INST JHS MLA_AY 2023-2024_Annual_Official,20001,SY_2023_JHS_OFFICIAL,96.64,96.64,active,96.64,96.64,,97,97,97,97,
Amy K. Johnson,10065,SYN-JHS-000083,Grade 8 Technology and Livelihood Education,20015,SYN-JHS-COURSE-000024,Grade 8 Technology and Livelihood Education,20088,,INST JHS MLA_AY 2023-2024_Annual_Official,20001,SY_2023_JHS_OFFICIAL,90.4,90.4,active,90.4,90.4,,94,94,94,94,
Scott S. Alexander,10063,SYN-JHS-000081,Grade 8 Technology and Livelihood Education,20015,SYN-JHS-COURSE-000024,Grade 8 Technology and Livelihood Education,20088,,INST JHS MLA_AY 2023-2024_Annual_Official,20001,SY_2023_JHS_OFFICIAL,89.27,89.27,active,89.27,89.27,,93,93,93,93,
Caitlyn K. Mcdonald,10008,SYN-JHS-000014,Grade 8 Technology and Livelihood Education,20015,SYN-JHS-COURSE-000024,Grade 8 Technology and Livelihood Education,20088,,INST JHS MLA_AY 2023-2024_Annual_Official,20001,SY_2023_JHS_OFFICIAL,42.8,42.8,active,42.8,42.8,,70,70,70,70,
Jamie M. Cunningham,10009,SYN-JHS-000015,Grade 8 Technology and Livelihood Education,20015,SYN-JHS-COURSE-000024,Grade 8 Technology and Livelihood Education,20088,,INST JHS MLA_AY 2023-2024_Annual_Official,20001,SY_2023_JHS_OFFICIAL,43.13,43.13,active,43.13,43.13,,70,70,70,70,
Tammy G. Delgado,10101,SYN-JHS-000110,Grade 8 Technology and Livelihood Education,20015,SYN-JHS-COURSE-000024,Grade 8 Technology and Livelihood Education,20088,,INST JHS MLA_AY 2023-2024_Annual_Official,20001,SY_2023_JHS_OFFICIAL,70.25,70.25,active,70.25,70.25,,81,81,81,81,
Scott M. Pham,10053,SYN-JHS-000068,"Grade 8 Music, Arts, PE and Health",20016,SYN-JHS-COURSE-000021,"Grade 8 Music, Arts, PE and Health",20086,,INST JHS MLA_AY 2023-2024_Annual_Official,20001,SY_2023_JHS_OFFICIAL,84.0,84.0,active,84.0,84.0,,90,90,90,90,
Amber P. Ewing,10021,SYN-JHS-000029,"Grade 8 Music, Arts, PE and Health",20016,SYN-JHS-COURSE-000021,"Grade 8 Music, Arts, PE and Health",20086,,INST JHS MLA_AY 2023-2024_Annual_Official,20001,SY_2023_JHS_OFFICIAL,74.13,74.13,active,74.13,74.13,,83,83,83,83,
Melissa F. Bruce,10055,SYN-JHS-000070,"Grade 8 Music, Arts, PE and Health",20016,SYN-JHS-COURSE-000021,"Grade 8 Music, Arts, PE and Health",20086,,INST JHS MLA_AY 2023-2024_Annual_Official,20001,SY_2023_JHS_OFFICIAL,82.0,82.0,active,82.0,82.0,,88,88,88,88,
Brett M. Wheeler,10093,SYN-JHS-000102,"Grade 8 Music, Arts, PE and Health",20016,SYN-JHS-COURSE-000021,"Grade 8 Music, Arts, PE and Health",20086,,INST JHS MLA_AY 2023-2024_Annual_Official,20001,SY_2023_JHS_OFFICIAL,76.13,76.13,active,76.13,76.13,,85,85,85,85,
Patricia B. Ward,10013,SYN-JHS-000020,"Grade 8 Music, Arts, PE and Health",20016,SYN-JHS-COURSE-000021,"Grade 8 Music, Arts, PE and Health",20086,,INST JHS MLA_AY 2023-2024_Annual_Official,20001,SY_2023_JHS_OFFICIAL,74.0,74.0,active,74.0,74.0,,83,83,83,83,
Pamela R. Lang,10080,SYN-JHS-000061,"Grade 8 Music, Arts, PE and Health",20016,SYN-JHS-COURSE-000021,"Grade 8 Music, Arts, PE and Health",20086,,INST JHS MLA_AY 2023-2024_Annual_Official,20001,SY_2023_JHS_OFFICIAL,73.6,73.6,active,73.6,73.6,,83,83,83,83,
David T. Rodriguez,10076,SYN-JHS-000093,"Grade 8 Music, Arts, PE and Health",20016,SYN-JHS-COURSE-000021,"Grade 8 Music, Arts, PE and Health",20086,,INST JHS MLA_AY 2023-2024_Annual_Official,20001,SY_2023_JHS_OFFICIAL,89.6,89.6,active,89.6,89.6,,93,93,93,93,
Victoria K. Kennedy,10022,SYN-JHS-000032,"Grade 8 Music, Arts, PE and Health",20016,SYN-JHS-COURSE-000021,"Grade 8 Music, Arts, PE and Health",20086,,INST JHS MLA_AY 2023-2024_Annual_Official,20001,SY_2023_JHS_OFFICIAL,72.67,72.67,active,72.67,72.67,,82,82,82,82,
Shannon J. Roberts,10007,SYN-JHS-000013,"Grade 8 Music, Arts, PE and Health",20016,SYN-JHS-COURSE-000021,"Grade 8 Music, Arts, PE and Health",20086,,INST JHS MLA_AY 2023-2024_Annual_Official,20001,SY_2023_JHS_OFFICIAL,85.6,85.6,active,85.6,85.6,,91,91,91,91,
Robert W. Murray,10026,SYN-JHS-000034,"Grade 8 Music, Arts, PE and Health",20016,SYN-JHS-COURSE-000021,"Grade 8 Music, Arts, PE and Health",20086,,INST JHS MLA_AY 2023-2024_Annual_Official,20001,SY_2023_JHS_OFFICIAL,92.0,92.0,active,92.0,92.0,,95,95,95,95,
Kristy P. Hernandez,10047,SYN-JHS-000056,"Grade 8 Music, Arts, PE and Health",20016,SYN-JHS-COURSE-000021,"Grade 8 Music, Arts, PE and Health",20086,,INST JHS MLA_AY 2023-2024_Annual_Official,20001,SY_2023_JHS_OFFICIAL,85.2,85.2,active,85.2,85.2,,90,90,90,90,
Barbara M. Phillips,10029,SYN-JHS-000037,"Grade 8 Music, Arts, PE and Health",20016,SYN-JHS-COURSE-000021,"Grade 8 Music, Arts, PE and Health",20086,,INST JHS MLA_AY 2023-2024_Annual_Official,20001,SY_2023_JHS_OFFICIAL,86.0,86.0,active,86.0,86.0,,91,91,91,91,
Sherry K. Frazier,10012,SYN-JHS-000018,"Grade 8 Music, Arts, PE and Health",20016,SYN-JHS-COURSE-000021,"Grade 8 Music, Arts, PE and Health",20086,,INST JHS MLA_AY 2023-2024_Annual_Official,20001,SY_2023_JHS_OFFICIAL,91.6,91.6,active,91.6,91.6,,94,94,94,94,
Bethany J. Lynch,10017,SYN-JHS-000030,"Grade 8 Music, Arts, PE and Health",20016,SYN-JHS-COURSE-000021,"Grade 8 Music, Arts, PE and Health",20086,,INST JHS MLA_AY 2023-2024_Annual_Official,20001,SY_2023_JHS_OFFICIAL,84.8,84.8,active,84.8,84.8,,90,90,90,90,
Gina M. Rice,10023,SYN-JHS-000033,"Grade 8 Music, Arts, PE and Health",20016,SYN-JHS-COURSE-000021,"Grade 8 Music, Arts, PE and Health",20086,,INST JHS MLA_AY 2023-2024_Annual_Official,20001,SY_2023_JHS_OFFICIAL,88.0,88.0,active,88.0,88.0,,92,92,92,92,
Robert N. Cameron,10049,SYN-JHS-000059,"Grade 8 Music, Arts, PE and Health",20016,SYN-JHS-COURSE-000021,"Grade 8 Music, Arts, PE and Health",20086,,INST JHS MLA_AY 2023-2024_Annual_Official,20001,SY_2023_JHS_OFFICIAL,92.4,92.4,active,92.4,92.4,,95,95,95,95,
Brittany S. Harper,10014,SYN-JHS-000024,"Grade 8 Music, Arts, PE and Health",20016,SYN-JHS-COURSE-000021,"Grade 8 Music, Arts, PE and Health",20086,,INST JHS MLA_AY 2023-2024_Annual_Official,20001,SY_2023_JHS_OFFICIAL,80.4,80.4,active,80.4,80.4,,87,87,87,87,
Stephanie R. Robbins,10011,SYN-JHS-000017,"Grade 8 Music, Arts, PE and Health",20016,SYN-JHS-COURSE-000021,"Grade 8 Music, Arts, PE and Health",20086,,INST JHS MLA_AY 2023-2024_Annual_Official,20001,SY_2023_JHS_OFFICIAL,70.67,70.67,active,70.67,70.67,,81,81,81,81,
Jeffery R. Anderson,10031,SYN-JHS-000040,"Grade 8 Music, Arts, PE and Health",20016,SYN-JHS-COURSE-000021,"Grade 8 Music, Arts, PE and Health",20086,,INST JHS MLA_AY 2023-2024_Annual_Official,20001,SY_2023_JHS_OFFICIAL,88.4,88.4,active,88.4,88.4,,92,92,92,92,
Amy K. Johnson,10065,SYN-JHS-000083,"Grade 8 Music, Arts, PE and Health",20016,SYN-JHS-COURSE-000021,"Grade 8 Music, Arts, PE and Health",20086,,INST JHS MLA_AY 2023-2024_Annual_Official,20001,SY_2023_JHS_OFFICIAL,84.4,84.4,active,84.4,84.4,,90,90,90,90,
Scott S. Alexander,10063,SYN-JHS-000081,"Grade 8 Music, Arts, PE and Health",20016,SYN-JHS-COURSE-000021,"Grade 8 Music, Arts, PE and Health",20086,,INST JHS MLA_AY 2023-2024_Annual_Official,20001,SY_2023_JHS_OFFICIAL,77.2,77.2,active,77.2,77.2,,85,85,85,85,
Caitlyn K. Mcdonald,10008,SYN-JHS-000014,"Grade 8 Music, Arts, PE and Health",20016,SYN-JHS-COURSE-000021,"Grade 8 Music, Arts, PE and Health",20086,,INST JHS MLA_AY 2023-2024_Annual_Official,20001,SY_2023_JHS_OFFICIAL,76.67,76.67,active,76.67,76.67,,85,85,85,85,
Jamie M. Cunningham,10009,SYN-JHS-000015,"Grade 8 Music, Arts, PE and Health",20016,SYN-JHS-COURSE-000021,"Grade 8 Music, Arts, PE and Health",20086,,INST JHS MLA_AY 2023-2024_Annual_Official,20001,SY_2023_JHS_OFFICIAL,86.4,86.4,active,86.4,86.4,,91,91,91,91,
Drew T. Walker,10030,SYN-JHS-000039,"Grade 8 Music, Arts, PE and Health",20016,SYN-JHS-COURSE-000021,"Grade 8 Music, Arts, PE and Health",20086,,INST JHS MLA_AY 2023-2024_Annual_Official,20001,SY_2023_JHS_OFFICIAL,73.07,73.07,active,73.07,73.07,,83,83,83,83,
Isaiah K. Mcgee,10073,SYN-JHS-000089,"Grade 8 Music, Arts, PE and Health",20016,SYN-JHS-COURSE-000021,"Grade 8 Music, Arts, PE and Health",20086,,INST JHS MLA_AY 2023-2024_Annual_Official,20001,SY_2023_JHS_OFFICIAL,0.0,0.0,active,0.0,0.0,,60,60,60,60,
Scott C. Santiago,10015,SYN-JHS-000026,"Grade 8 Music, Arts, PE and Health",20016,SYN-JHS-COURSE-000021,"Grade 8 Music, Arts, PE and Health",20086,,INST JHS MLA_AY 2023-2024_Annual_Official,20001,SY_2023_JHS_OFFICIAL,80.0,80.0,active,80.0,80.0,,87,87,87,87,
Stacey V. Malone,10010,SYN-JHS-000016,"Grade 8 Music, Arts, PE and Health",20016,SYN-JHS-COURSE-000021,"Grade 8 Music, Arts, PE and Health",20086,,INST JHS MLA_AY 2023-2024_Annual_Official,20001,SY_2023_JHS_OFFICIAL,76.93,76.93,active,76.93,76.93,,85,85,85,85,
David R. Spencer,10016,SYN-JHS-000027,"Grade 8 Music, Arts, PE and Health",20016,SYN-JHS-COURSE-000021,"Grade 8 Music, Arts, PE and Health",20086,,INST JHS MLA_AY 2023-2024_Annual_Official,20001,SY_2023_JHS_OFFICIAL,89.2,89.2,active,89.2,89.2,,93,93,93,93,
Jacob R. Mcguire,10027,SYN-JHS-000036,"Grade 8 Music, Arts, PE and Health",20016,SYN-JHS-COURSE-000021,"Grade 8 Music, Arts, PE and Health",20086,,INST JHS MLA_AY 2023-2024_Annual_Official,20001,SY_2023_JHS_OFFICIAL,90.0,90.0,active,90.0,90.0,,93,93,93,93,
Tammy G. Delgado,10101,SYN-JHS-000110,"Grade 8 Music, Arts, PE and Health",20016,SYN-JHS-COURSE-000021,"Grade 8 Music, Arts, PE and Health",20086,,INST JHS MLA_AY 2023-2024_Annual_Official,20001,SY_2023_JHS_OFFICIAL,83.2,83.2,active,83.2,83.2,,89,89,89,89,
James G. Hall,10034,SYN-JHS-000042,Grade 9 Araling Panlipunan,20017,SYN-JHS-COURSE-000026,Grade 9 Araling Panlipunan,20089,,INST JHS MLA_AY 2023-2024_Annual_Official,20001,SY_2023_JHS_OFFICIAL,72.4,72.4,active,72.4,72.4,,82,82,82,82,
Kimberly D. Williams,10042,SYN-JHS-000052,Grade 9 Araling Panlipunan,20017,SYN-JHS-COURSE-000026,Grade 9 Araling Panlipunan,20089,,INST JHS MLA_AY 2023-2024_Annual_Official,20001,SY_2023_JHS_OFFICIAL,80.0,80.0,active,80.0,80.0,,87,87,87,87,
Christina J. Hickman,10003,SYN-JHS-000012,Grade 9 Araling Panlipunan,20017,SYN-JHS-COURSE-000026,Grade 9 Araling Panlipunan,20089,,INST JHS MLA_AY 2023-2024_Annual_Official,20001,SY_2023_JHS_OFFICIAL,100.0,100.0,active,100.0,100.0,,100,100,100,100,
Nicholas L. Cobb,10272,SYN-JHS-000006,Grade 9 Araling Panlipunan,20017,SYN-JHS-COURSE-000026,Grade 9 Araling Panlipunan,20089,,INST JHS MLA_AY 2023-2024_Annual_Official,20001,SY_2023_JHS_OFFICIAL,74.0,74.0,active,74.0,74.0,,83,83,83,83,
Pamela S. Davenport,10094,SYN-JHS-000103,Grade 9 Araling Panlipunan,20017,SYN-JHS-COURSE-000026,Grade 9 Araling Panlipunan,20089,,INST JHS MLA_AY 2023-2024_Annual_Official,20001,SY_2023_JHS_OFFICIAL,81.0,81.0,active,81.0,81.0,,88,88,88,88,
Nicholas J. Mercer,10082,SYN-JHS-000063,Grade 9 Araling Panlipunan,20017,SYN-JHS-COURSE-000026,Grade 9 Araling Panlipunan,20089,,INST JHS MLA_AY 2023-2024_Annual_Official,20001,SY_2023_JHS_OFFICIAL,66.3,66.3,active,66.3,66.3,,78,78,78,78,
Jeremy R. Stark,10263,SYN-JHS-000002,Grade 9 Araling Panlipunan,20017,SYN-JHS-COURSE-000026,Grade 9 Araling Panlipunan,20089,,INST JHS MLA_AY 2023-2024_Annual_Official,20001,SY_2023_JHS_OFFICIAL,78.4,78.4,active,78.4,78.4,,86,86,86,86,
Maurice M. Anderson,10018,SYN-JHS-000023,Grade 9 Araling Panlipunan,20017,SYN-JHS-COURSE-000026,Grade 9 Araling Panlipunan,20089,,INST JHS MLA_AY 2023-2024_Annual_Official,20001,SY_2023_JHS_OFFICIAL,72.6,72.6,active,72.6,72.6,,82,82,82,82,
Amanda K. Myers,10005,SYN-JHS-000022,Grade 9 Araling Panlipunan,20017,SYN-JHS-COURSE-000026,Grade 9 Araling Panlipunan,20089,,INST JHS MLA_AY 2023-2024_Annual_Official,20001,SY_2023_JHS_OFFICIAL,82.0,82.0,active,82.0,82.0,,88,88,88,88,
Carol W. Davis,10006,SYN-JHS-000025,Grade 9 Araling Panlipunan,20017,SYN-JHS-COURSE-000026,Grade 9 Araling Panlipunan,20089,,INST JHS MLA_AY 2023-2024_Annual_Official,20001,SY_2023_JHS_OFFICIAL,75.2,75.2,active,75.2,75.2,,84,84,84,84,
John B. Baldwin,10054,SYN-JHS-000069,Grade 9 Araling Panlipunan,20017,SYN-JHS-COURSE-000026,Grade 9 Araling Panlipunan,20089,,INST JHS MLA_AY 2023-2024_Annual_Official,20001,SY_2023_JHS_OFFICIAL,77.6,77.6,active,77.6,77.6,,86,86,86,86,
Kristen J. Hensley,10264,SYN-JHS-000003,Grade 9 Araling Panlipunan,20017,SYN-JHS-COURSE-000026,Grade 9 Araling Panlipunan,20089,,INST JHS MLA_AY 2023-2024_Annual_Official,20001,SY_2023_JHS_OFFICIAL,82.4,82.4,active,82.4,82.4,,89,89,89,89,
Amanda M. Clayton,10004,SYN-JHS-000019,Grade 9 Araling Panlipunan,20017,SYN-JHS-COURSE-000026,Grade 9 Araling Panlipunan,20089,,INST JHS MLA_AY 2023-2024_Annual_Official,20001,SY_2023_JHS_OFFICIAL,76.6,76.6,active,76.6,76.6,,85,85,85,85,
Amanda M. Chan,10057,SYN-JHS-000072,Grade 9 Araling Panlipunan,20017,SYN-JHS-COURSE-000026,Grade 9 Araling Panlipunan,20089,,INST JHS MLA_AY 2023-2024_Annual_Official,20001,SY_2023_JHS_OFFICIAL,70.2,70.2,active,70.2,70.2,,81,81,81,81,
Daniel C. Nixon,10273,SYN-JHS-000008,Grade 9 Araling Panlipunan,20017,SYN-JHS-COURSE-000026,Grade 9 Araling Panlipunan,20089,,INST JHS MLA_AY 2023-2024_Annual_Official,20001,SY_2023_JHS_OFFICIAL,77.6,77.6,active,77.6,77.6,,86,86,86,86,
Kathy A. Meyer,10001,SYN-JHS-000010,Grade 9 Araling Panlipunan,20017,SYN-JHS-COURSE-000026,Grade 9 Araling Panlipunan,20089,,INST JHS MLA_AY 2023-2024_Annual_Official,20001,SY_2023_JHS_OFFICIAL,77.4,77.4,active,77.4,77.4,,85,85,85,85,
Garrett L. Bell,10274,SYN-JHS-000009,Grade 9 Araling Panlipunan,20017,SYN-JHS-COURSE-000026,Grade 9 Araling Panlipunan,20089,,INST JHS MLA_AY 2023-2024_Annual_Official,20001,SY_2023_JHS_OFFICIAL,60.4,60.4,active,60.4,60.4,,75,75,75,75,
Douglas M. Pham,10271,SYN-JHS-000005,Grade 9 Araling Panlipunan,20017,SYN-JHS-COURSE-000026,Grade 9 Araling Panlipunan,20089,,INST JHS MLA_AY 2023-2024_Annual_Official,20001,SY_2023_JHS_OFFICIAL,75.2,75.2,active,75.2,75.2,,84,84,84,84,
Terri V. Ortiz,10046,SYN-JHS-000055,Grade 9 Araling Panlipunan,20017,SYN-JHS-COURSE-000026,Grade 9 Araling Panlipunan,20089,,INST JHS MLA_AY 2023-2024_Annual_Official,20001,SY_2023_JHS_OFFICIAL,82.5,82.5,active,82.5,82.5,,89,89,89,89,
Tara L. Diaz,10056,SYN-JHS-000071,Grade 9 Araling Panlipunan,20017,SYN-JHS-COURSE-000026,Grade 9 Araling Panlipunan,20089,,INST JHS MLA_AY 2023-2024_Annual_Official,20001,SY_2023_JHS_OFFICIAL,53.5,53.5,active,53.5,53.5,,73,73,73,73,
Timothy S. Heath,10024,SYN-JHS-000021,Grade 9 Araling Panlipunan,20017,SYN-JHS-COURSE-000026,Grade 9 Araling Panlipunan,20089,,INST JHS MLA_AY 2023-2024_Annual_Official,20001,SY_2023_JHS_OFFICIAL,79.2,79.2,active,79.2,79.2,,87,87,87,87,
Andrea S. Walsh,10262,SYN-JHS-000001,Grade 9 Araling Panlipunan,20017,SYN-JHS-COURSE-000026,Grade 9 Araling Panlipunan,20089,,INST JHS MLA_AY 2023-2024_Annual_Official,20001,SY_2023_JHS_OFFICIAL,60.5,60.5,active,60.5,60.5,,75,75,75,75,
Randy B. Shelton,10077,SYN-JHS-000094,Grade 9 Araling Panlipunan,20017,SYN-JHS-COURSE-000026,Grade 9 Araling Panlipunan,20089,,INST JHS MLA_AY 2023-2024_Annual_Official,20001,SY_2023_JHS_OFFICIAL,67.7,67.7,active,67.7,67.7,,79,79,79,79,
Jennifer G. Tapia,10265,SYN-JHS-000004,Grade 9 Araling Panlipunan,20017,SYN-JHS-COURSE-000026,Grade 9 Araling Panlipunan,20089,,INST JHS MLA_AY 2023-2024_Annual_Official,20001,SY_2023_JHS_OFFICIAL,74.6,74.6,active,74.6,74.6,,84,84,84,84,
John T. Jones,10032,SYN-JHS-000041,Grade 9 Araling Panlipunan,20017,SYN-JHS-COURSE-000026,Grade 9 Araling Panlipunan,20089,,INST JHS MLA_AY 2023-2024_Annual_Official,20001,SY_2023_JHS_OFFICIAL,80.5,80.5,active,80.5,80.5,,87,87,87,87,
Rachel T. Davis,10020,SYN-JHS-000031,Grade 9 Araling Panlipunan,20017,SYN-JHS-COURSE-000026,Grade 9 Araling Panlipunan,20089,,INST JHS MLA_AY 2023-2024_Annual_Official,20001,SY_2023_JHS_OFFICIAL,71.8,71.8,active,71.8,71.8,,82,82,82,82,
Rebecca T. Castro,10043,SYN-JHS-000050,Grade 9 Araling Panlipunan,20017,SYN-JHS-COURSE-000026,Grade 9 Araling Panlipunan,20089,,INST JHS MLA_AY 2023-2024_Annual_Official,20001,SY_2023_JHS_OFFICIAL,100.0,100.0,active,100.0,100.0,,100,100,100,100,
Sandra K. Bean,10270,SYN-JHS-000007,Grade 9 Araling Panlipunan,20017,SYN-JHS-COURSE-000026,Grade 9 Araling Panlipunan,20089,,INST JHS MLA_AY 2023-2024_Annual_Official,20001,SY_2023_JHS_OFFICIAL,99.2,99.2,active,99.2,99.2,,99,99,99,99,
Dorothy T. Fernandez,10079,SYN-JHS-000096,Grade 9 Araling Panlipunan,20017,SYN-JHS-COURSE-000026,Grade 9 Araling Panlipunan,20089,,INST JHS MLA_AY 2023-2024_Annual_Official,20001,SY_2023_JHS_OFFICIAL,75.4,75.4,active,75.4,75.4,,84,84,84,84,
Alice S. Webb,10019,SYN-JHS-000028,Grade 9 Araling Panlipunan,20017,SYN-JHS-COURSE-000026,Grade 9 Araling Panlipunan,20089,,INST JHS MLA_AY 2023-2024_Annual_Official,20001,SY_2023_JHS_OFFICIAL,82.4,82.4,active,82.4,82.4,,89,89,89,89,
April L. Harris,10081,SYN-JHS-000062,Grade 9 Araling Panlipunan,20017,SYN-JHS-COURSE-000026,Grade 9 Araling Panlipunan,20089,,INST JHS MLA_AY 2023-2024_Annual_Official,20001,SY_2023_JHS_OFFICIAL,47.9,47.9,active,47.9,47.9,,71,71,71,71,
Charles L. Solis,10025,SYN-JHS-000035,Grade 9 Araling Panlipunan,20017,SYN-JHS-COURSE-000026,Grade 9 Araling Panlipunan,20089,,INST JHS MLA_AY 2023-2024_Annual_Official,20001,SY_2023_JHS_OFFICIAL,55.5,55.5,active,55.5,55.5,,73,73,73,73,
Ashley G. Robles,10096,SYN-JHS-000105,Grade 9 Araling Panlipunan,20017,SYN-JHS-COURSE-000026,Grade 9 Araling Panlipunan,20089,,INST JHS MLA_AY 2023-2024_Annual_Official,20001,SY_2023_JHS_OFFICIAL,75.4,75.4,active,75.4,75.4,,84,84,84,84,
Lisa E. Wells,10002,SYN-JHS-000011,Grade 9 Araling Panlipunan,20017,SYN-JHS-COURSE-000026,Grade 9 Araling Panlipunan,20089,,INST JHS MLA_AY 2023-2024_Annual_Official,20001,SY_2023_JHS_OFFICIAL,90.4,90.4,active,90.4,90.4,,94,94,94,94,
Philip R. Evans,10066,SYN-JHS-000084,Grade 9 Araling Panlipunan,20017,SYN-JHS-COURSE-000026,Grade 9 Araling Panlipunan,20089,,INST JHS MLA_AY 2023-2024_Annual_Official,20001,SY_2023_JHS_OFFICIAL,82.4,82.4,active,82.4,82.4,,89,89,89,89,
Jimmy A. Wolf,10097,SYN-JHS-000106,Grade 9 Araling Panlipunan,20017,SYN-JHS-COURSE-000026,Grade 9 Araling Panlipunan,20089,,INST JHS MLA_AY 2023-2024_Annual_Official,20001,SY_2023_JHS_OFFICIAL,69.3,69.3,active,69.3,69.3,,80,80,80,80,
William A. Ruiz,10044,SYN-JHS-000053,Grade 9 Araling Panlipunan,20017,SYN-JHS-COURSE-000026,Grade 9 Araling Panlipunan,20089,,INST JHS MLA_AY 2023-2024_Annual_Official,20001,SY_2023_JHS_OFFICIAL,88.5,88.5,active,88.5,88.5,,92,92,92,92,
Christian A. Williams,10060,SYN-JHS-000075,Grade 9 Araling Panlipunan,20017,SYN-JHS-COURSE-000026,Grade 9 Araling Panlipunan,20089,,INST JHS MLA_AY 2023-2024_Annual_Official,20001,SY_2023_JHS_OFFICIAL,76.9,76.9,active,76.9,76.9,,85,85,85,85,
Larry E. Cohen,10045,SYN-JHS-000054,Grade 9 Araling Panlipunan,20017,SYN-JHS-COURSE-000026,Grade 9 Araling Panlipunan,20089,,INST JHS MLA_AY 2023-2024_Annual_Official,20001,SY_2023_JHS_OFFICIAL,89.2,89.2,active,89.2,89.2,,93,93,93,93,
Andrew J. Becker,10051,SYN-JHS-000058,Grade 9 Araling Panlipunan,20017,SYN-JHS-COURSE-000026,Grade 9 Araling Panlipunan,20089,,INST JHS MLA_AY 2023-2024_Annual_Official,20001,SY_2023_JHS_OFFICIAL,75.3,75.3,active,75.3,75.3,,84,84,84,84,
Diana J. Smith,10086,SYN-JHS-000079,Grade 9 Araling Panlipunan,20017,SYN-JHS-COURSE-000026,Grade 9 Araling Panlipunan,20089,,INST JHS MLA_AY 2023-2024_Annual_Official,20001,SY_2023_JHS_OFFICIAL,69.9,69.9,active,69.9,69.9,,81,81,81,81,
Tracy S. Evans,10028,SYN-JHS-000038,Grade 9 Araling Panlipunan,20017,SYN-JHS-COURSE-000026,Grade 9 Araling Panlipunan,20089,,INST JHS MLA_AY 2023-2024_Annual_Official,20001,SY_2023_JHS_OFFICIAL,82.7,82.7,active,82.7,82.7,,89,89,89,89,
Carl T. Hill,10039,SYN-JHS-000047,Grade 9 Araling Panlipunan,20017,SYN-JHS-COURSE-000026,Grade 9 Araling Panlipunan,20089,,INST JHS MLA_AY 2023-2024_Annual_Official,20001,SY_2023_JHS_OFFICIAL,0.0,0.0,active,0.0,0.0,,60,60,60,60,
Derrick C. Hancock,10100,SYN-JHS-000109,Grade 9 Araling Panlipunan,20017,SYN-JHS-COURSE-000026,Grade 9 Araling Panlipunan,20089,,INST JHS MLA_AY 2023-2024_Annual_Official,20001,SY_2023_JHS_OFFICIAL,85.8,85.8,active,85.8,85.8,,91,91,91,91,
James G. Hall,10034,SYN-JHS-000042,Grade 9 English,20018,SYN-JHS-COURSE-000027,Grade 9 English,20090,,INST JHS MLA_AY 2023-2024_Annual_Official,20001,SY_2023_JHS_OFFICIAL,91.2,91.2,active,91.2,91.2,,94,94,94,94,
Kimberly D. Williams,10042,SYN-JHS-000052,Grade 9 English,20018,SYN-JHS-COURSE-000027,Grade 9 English,20090,,INST JHS MLA_AY 2023-2024_Annual_Official,20001,SY_2023_JHS_OFFICIAL,87.0,87.0,active,87.0,87.0,,91,91,91,91,
Christina J. Hickman,10003,SYN-JHS-000012,Grade 9 English,20018,SYN-JHS-COURSE-000027,Grade 9 English,20090,,INST JHS MLA_AY 2023-2024_Annual_Official,20001,SY_2023_JHS_OFFICIAL,92.8,92.8,active,92.8,92.8,,95,95,95,95,
Nicholas L. Cobb,10272,SYN-JHS-000006,Grade 9 English,20018,SYN-JHS-COURSE-000027,Grade 9 English,20090,,INST JHS MLA_AY 2023-2024_Annual_Official,20001,SY_2023_JHS_OFFICIAL,91.6,91.6,active,91.6,91.6,,94,94,94,94,
Pamela S. Davenport,10094,SYN-JHS-000103,Grade 9 English,20018,SYN-JHS-COURSE-000027,Grade 9 English,20090,,INST JHS MLA_AY 2023-2024_Annual_Official,20001,SY_2023_JHS_OFFICIAL,93.4,93.4,active,93.4,93.4,,95,95,95,95,
Nicholas J. Mercer,10082,SYN-JHS-000063,Grade 9 English,20018,SYN-JHS-COURSE-000027,Grade 9 English,20090,,INST JHS MLA_AY 2023-2024_Annual_Official,20001,SY_2023_JHS_OFFICIAL,86.6,86.6,active,86.6,86.6,,91,91,91,91,
Jeremy R. Stark,10263,SYN-JHS-000002,Grade 9 English,20018,SYN-JHS-COURSE-000027,Grade 9 English,20090,,INST JHS MLA_AY 2023-2024_Annual_Official,20001,SY_2023_JHS_OFFICIAL,91.8,91.8,active,91.8,91.8,,94,94,94,94,
Maurice M. Anderson,10018,SYN-JHS-000023,Grade 9 English,20018,SYN-JHS-COURSE-000027,Grade 9 English,20090,,INST JHS MLA_AY 2023-2024_Annual_Official,20001,SY_2023_JHS_OFFICIAL,85.8,85.8,active,85.8,85.8,,91,91,91,91,
Amanda K. Myers,10005,SYN-JHS-000022,Grade 9 English,20018,SYN-JHS-COURSE-000027,Grade 9 English,20090,,INST JHS MLA_AY 2023-2024_Annual_Official,20001,SY_2023_JHS_OFFICIAL,88.8,88.8,active,88.8,88.8,,93,93,93,93,
Carol W. Davis,10006,SYN-JHS-000025,Grade 9 English,20018,SYN-JHS-COURSE-000027,Grade 9 English,20090,,INST JHS MLA_AY 2023-2024_Annual_Official,20001,SY_2023_JHS_OFFICIAL,91.6,91.6,active,91.6,91.6,,94,94,94,94,
John B. Baldwin,10054,SYN-JHS-000069,Grade 9 English,20018,SYN-JHS-COURSE-000027,Grade 9 English,20090,,INST JHS MLA_AY 2023-2024_Annual_Official,20001,SY_2023_JHS_OFFICIAL,85.6,85.6,active,85.6,85.6,,91,91,91,91,
Kristen J. Hensley,10264,SYN-JHS-000003,Grade 9 English,20018,SYN-JHS-COURSE-000027,Grade 9 English,20090,,INST JHS MLA_AY 2023-2024_Annual_Official,20001,SY_2023_JHS_OFFICIAL,92.4,92.4,active,92.4,92.4,,95,95,95,95,
Amanda M. Clayton,10004,SYN-JHS-000019,Grade 9 English,20018,SYN-JHS-COURSE-000027,Grade 9 English,20090,,INST JHS MLA_AY 2023-2024_Annual_Official,20001,SY_2023_JHS_OFFICIAL,94.0,94.0,active,94.0,94.0,,96,96,96,96,
Amanda M. Chan,10057,SYN-JHS-000072,Grade 9 English,20018,SYN-JHS-COURSE-000027,Grade 9 English,20090,,INST JHS MLA_AY 2023-2024_Annual_Official,20001,SY_2023_JHS_OFFICIAL,85.8,85.8,active,85.8,85.8,,91,91,91,91,
Daniel C. Nixon,10273,SYN-JHS-000008,Grade 9 English,20018,SYN-JHS-COURSE-000027,Grade 9 English,20090,,INST JHS MLA_AY 2023-2024_Annual_Official,20001,SY_2023_JHS_OFFICIAL,85.0,85.0,active,85.0,85.0,,90,90,90,90,
Kathy A. Meyer,10001,SYN-JHS-000010,Grade 9 English,20018,SYN-JHS-COURSE-000027,Grade 9 English,20090,,INST JHS MLA_AY 2023-2024_Annual_Official,20001,SY_2023_JHS_OFFICIAL,96.8,96.8,active,96.8,96.8,,98,98,98,98,
Garrett L. Bell,10274,SYN-JHS-000009,Grade 9 English,20018,SYN-JHS-COURSE-000027,Grade 9 English,20090,,INST JHS MLA_AY 2023-2024_Annual_Official,20001,SY_2023_JHS_OFFICIAL,87.2,87.2,active,87.2,87.2,,92,92,92,92,
Douglas M. Pham,10271,SYN-JHS-000005,Grade 9 English,20018,SYN-JHS-COURSE-000027,Grade 9 English,20090,,INST JHS MLA_AY 2023-2024_Annual_Official,20001,SY_2023_JHS_OFFICIAL,88.0,88.0,active,88.0,88.0,,92,92,92,92,
Terri V. Ortiz,10046,SYN-JHS-000055,Grade 9 English,20018,SYN-JHS-COURSE-000027,Grade 9 English,20090,,INST JHS MLA_AY 2023-2024_Annual_Official,20001,SY_2023_JHS_OFFICIAL,87.6,87.6,active,87.6,87.6,,92,92,92,92,
Tara L. Diaz,10056,SYN-JHS-000071,Grade 9 English,20018,SYN-JHS-COURSE-000027,Grade 9 English,20090,,INST JHS MLA_AY 2023-2024_Annual_Official,20001,SY_2023_JHS_OFFICIAL,83.0,83.0,active,83.0,83.0,,89,89,89,89,
Timothy S. Heath,10024,SYN-JHS-000021,Grade 9 English,20018,SYN-JHS-COURSE-000027,Grade 9 English,20090,,INST JHS MLA_AY 2023-2024_Annual_Official,20001,SY_2023_JHS_OFFICIAL,89.2,89.2,active,89.2,89.2,,93,93,93,93,
Andrea S. Walsh,10262,SYN-JHS-000001,Grade 9 English,20018,SYN-JHS-COURSE-000027,Grade 9 English,20090,,INST JHS MLA_AY 2023-2024_Annual_Official,20001,SY_2023_JHS_OFFICIAL,84.0,84.0,active,84.0,84.0,,90,90,90,90,
Randy B. Shelton,10077,SYN-JHS-000094,Grade 9 English,20018,SYN-JHS-COURSE-000027,Grade 9 English,20090,,INST JHS MLA_AY 2023-2024_Annual_Official,20001,SY_2023_JHS_OFFICIAL,81.2,81.2,active,81.2,81.2,,88,88,88,88,
Jennifer G. Tapia,10265,SYN-JHS-000004,Grade 9 English,20018,SYN-JHS-COURSE-000027,Grade 9 English,20090,,INST JHS MLA_AY 2023-2024_Annual_Official,20001,SY_2023_JHS_OFFICIAL,82.6,82.6,active,82.6,82.6,,89,89,89,89,
John T. Jones,10032,SYN-JHS-000041,Grade 9 English,20018,SYN-JHS-COURSE-000027,Grade 9 English,20090,,INST JHS MLA_AY 2023-2024_Annual_Official,20001,SY_2023_JHS_OFFICIAL,86.6,86.6,active,86.6,86.6,,91,91,91,91,
Rachel T. Davis,10020,SYN-JHS-000031,Grade 9 English,20018,SYN-JHS-COURSE-000027,Grade 9 English,20090,,INST JHS MLA_AY 2023-2024_Annual_Official,20001,SY_2023_JHS_OFFICIAL,80.2,80.2,active,80.2,80.2,,87,87,87,87,
Rebecca T. Castro,10043,SYN-JHS-000050,Grade 9 English,20018,SYN-JHS-COURSE-000027,Grade 9 English,20090,,INST JHS MLA_AY 2023-2024_Annual_Official,20001,SY_2023_JHS_OFFICIAL,90.6,90.6,active,90.6,90.6,,94,94,94,94,
Sandra K. Bean,10270,SYN-JHS-000007,Grade 9 English,20018,SYN-JHS-COURSE-000027,Grade 9 English,20090,,INST JHS MLA_AY 2023-2024_Annual_Official,20001,SY_2023_JHS_OFFICIAL,98.0,98.0,active,98.0,98.0,,98,98,98,98,
Dorothy T. Fernandez,10079,SYN-JHS-000096,Grade 9 English,20018,SYN-JHS-COURSE-000027,Grade 9 English,20090,,INST JHS MLA_AY 2023-2024_Annual_Official,20001,SY_2023_JHS_OFFICIAL,89.0,89.0,active,89.0,89.0,,93,93,93,93,
Alice S. Webb,10019,SYN-JHS-000028,Grade 9 English,20018,SYN-JHS-COURSE-000027,Grade 9 English,20090,,INST JHS MLA_AY 2023-2024_Annual_Official,20001,SY_2023_JHS_OFFICIAL,92.6,92.6,active,92.6,92.6,,95,95,95,95,
April L. Harris,10081,SYN-JHS-000062,Grade 9 English,20018,SYN-JHS-COURSE-000027,Grade 9 English,20090,,INST JHS MLA_AY 2023-2024_Annual_Official,20001,SY_2023_JHS_OFFICIAL,86.4,86.4,active,86.4,86.4,,91,91,91,91,
Charles L. Solis,10025,SYN-JHS-000035,Grade 9 English,20018,SYN-JHS-COURSE-000027,Grade 9 English,20090,,INST JHS MLA_AY 2023-2024_Annual_Official,20001,SY_2023_JHS_OFFICIAL,83.6,83.6,active,83.6,83.6,,89,89,89,89,
Ashley G. Robles,10096,SYN-JHS-000105,Grade 9 English,20018,SYN-JHS-COURSE-000027,Grade 9 English,20090,,INST JHS MLA_AY 2023-2024_Annual_Official,20001,SY_2023_JHS_OFFICIAL,86.2,86.2,active,86.2,86.2,,91,91,91,91,
Lisa E. Wells,10002,SYN-JHS-000011,Grade 9 English,20018,SYN-JHS-COURSE-000027,Grade 9 English,20090,,INST JHS MLA_AY 2023-2024_Annual_Official,20001,SY_2023_JHS_OFFICIAL,95.2,95.2,active,95.2,95.2,,97,97,97,97,
Philip R. Evans,10066,SYN-JHS-000084,Grade 9 English,20018,SYN-JHS-COURSE-000027,Grade 9 English,20090,,INST JHS MLA_AY 2023-2024_Annual_Official,20001,SY_2023_JHS_OFFICIAL,89.8,89.8,active,89.8,89.8,,93,93,93,93,
Jimmy A. Wolf,10097,SYN-JHS-000106,Grade 9 English,20018,SYN-JHS-COURSE-000027,Grade 9 English,20090,,INST JHS MLA_AY 2023-2024_Annual_Official,20001,SY_2023_JHS_OFFICIAL,85.4,85.4,active,85.4,85.4,,90,90,90,90,
William A. Ruiz,10044,SYN-JHS-000053,Grade 9 English,20018,SYN-JHS-COURSE-000027,Grade 9 English,20090,,INST JHS MLA_AY 2023-2024_Annual_Official,20001,SY_2023_JHS_OFFICIAL,93.2,93.2,active,93.2,93.2,,95,95,95,95,
Christian A. Williams,10060,SYN-JHS-000075,Grade 9 English,20018,SYN-JHS-COURSE-000027,Grade 9 English,20090,,INST JHS MLA_AY 2023-2024_Annual_Official,20001,SY_2023_JHS_OFFICIAL,92.0,92.0,active,92.0,92.0,,95,95,95,95,
Larry E. Cohen,10045,SYN-JHS-000054,Grade 9 English,20018,SYN-JHS-COURSE-000027,Grade 9 English,20090,,INST JHS MLA_AY 2023-2024_Annual_Official,20001,SY_2023_JHS_OFFICIAL,88.4,88.4,active,88.4,88.4,,92,92,92,92,
Andrew J. Becker,10051,SYN-JHS-000058,Grade 9 English,20018,SYN-JHS-COURSE-000027,Grade 9 English,20090,,INST JHS MLA_AY 2023-2024_Annual_Official,20001,SY_2023_JHS_OFFICIAL,90.2,90.2,active,90.2,90.2,,93,93,93,93,
Diana J. Smith,10086,SYN-JHS-000079,Grade 9 English,20018,SYN-JHS-COURSE-000027,Grade 9 English,20090,,INST JHS MLA_AY 2023-2024_Annual_Official,20001,SY_2023_JHS_OFFICIAL,88.4,88.4,active,88.4,88.4,,92,92,92,92,
Tracy S. Evans,10028,SYN-JHS-000038,Grade 9 English,20018,SYN-JHS-COURSE-000027,Grade 9 English,20090,,INST JHS MLA_AY 2023-2024_Annual_Official,20001,SY_2023_JHS_OFFICIAL,90.0,90.0,active,90.0,90.0,,93,93,93,93,
Carl T. Hill,10039,SYN-JHS-000047,Grade 9 English,20018,SYN-JHS-COURSE-000027,Grade 9 English,20090,,INST JHS MLA_AY 2023-2024_Annual_Official,20001,SY_2023_JHS_OFFICIAL,0.0,0.0,active,0.0,0.0,,60,60,60,60,
Derrick C. Hancock,10100,SYN-JHS-000109,Grade 9 English,20018,SYN-JHS-COURSE-000027,Grade 9 English,20090,,INST JHS MLA_AY 2023-2024_Annual_Official,20001,SY_2023_JHS_OFFICIAL,94.0,94.0,active,94.0,94.0,,96,96,96,96,
James G. Hall,10034,SYN-JHS-000042,Grade 9 Edukasyon sa Pagpapakatao,20019,SYN-JHS-COURSE-000028,Grade 9 Edukasyon sa Pagpapakatao,20095,,INST JHS MLA_AY 2023-2024_Annual_Official,20001,SY_2023_JHS_OFFICIAL,83.5,83.5,active,83.5,83.5,,89,89,89,89,
Kimberly D. Williams,10042,SYN-JHS-000052,Grade 9 Edukasyon sa Pagpapakatao,20019,SYN-JHS-COURSE-000028,Grade 9 Edukasyon sa Pagpapakatao,20095,,INST JHS MLA_AY 2023-2024_Annual_Official,20001,SY_2023_JHS_OFFICIAL,83.0,83.0,active,83.0,83.0,,89,89,89,89,
Christina J. Hickman,10003,SYN-JHS-000012,Grade 9 Edukasyon sa Pagpapakatao,20019,SYN-JHS-COURSE-000028,Grade 9 Edukasyon sa Pagpapakatao,20095,,INST JHS MLA_AY 2023-2024_Annual_Official,20001,SY_2023_JHS_OFFICIAL,84.75,84.75,active,84.75,84.75,,90,90,90,90,
Nicholas L. Cobb,10272,SYN-JHS-000006,Grade 9 Edukasyon sa Pagpapakatao,20019,SYN-JHS-COURSE-000028,Grade 9 Edukasyon sa Pagpapakatao,20095,,INST JHS MLA_AY 2023-2024_Annual_Official,20001,SY_2023_JHS_OFFICIAL,85.25,85.25,active,85.25,85.25,,90,90,90,90,
Pamela S. Davenport,10094,SYN-JHS-000103,Grade 9 Edukasyon sa Pagpapakatao,20019,SYN-JHS-COURSE-000028,Grade 9 Edukasyon sa Pagpapakatao,20095,,INST JHS MLA_AY 2023-2024_Annual_Official,20001,SY_2023_JHS_OFFICIAL,80.5,80.5,active,80.5,80.5,,87,87,87,87,
Nicholas J. Mercer,10082,SYN-JHS-000063,Grade 9 Edukasyon sa Pagpapakatao,20019,SYN-JHS-COURSE-000028,Grade 9 Edukasyon sa Pagpapakatao,20095,,INST JHS MLA_AY 2023-2024_Annual_Official,20001,SY_2023_JHS_OFFICIAL,79.75,79.75,active,79.75,79.75,,87,87,87,87,
Jeremy R. Stark,10263,SYN-JHS-000002,Grade 9 Edukasyon sa Pagpapakatao,20019,SYN-JHS-COURSE-000028,Grade 9 Edukasyon sa Pagpapakatao,20095,,INST JHS MLA_AY 2023-2024_Annual_Official,20001,SY_2023_JHS_OFFICIAL,82.25,82.25,active,82.25,82.25,,88,88,88,88,
Maurice M. Anderson,10018,SYN-JHS-000023,Grade 9 Edukasyon sa Pagpapakatao,20019,SYN-JHS-COURSE-000028,Grade 9 Edukasyon sa Pagpapakatao,20095,,INST JHS MLA_AY 2023-2024_Annual_Official,20001,SY_2023_JHS_OFFICIAL,88.0,88.0,active,88.0,88.0,,92,92,92,92,
Amanda K. Myers,10005,SYN-JHS-000022,Grade 9 Edukasyon sa Pagpapakatao,20019,SYN-JHS-COURSE-000028,Grade 9 Edukasyon sa Pagpapakatao,20095,,INST JHS MLA_AY 2023-2024_Annual_Official,20001,SY_2023_JHS_OFFICIAL,79.75,79.75,active,79.75,79.75,,87,87,87,87,
Carol W. Davis,10006,SYN-JHS-000025,Grade 9 Edukasyon sa Pagpapakatao,20019,SYN-JHS-COURSE-000028,Grade 9 Edukasyon sa Pagpapakatao,20095,,INST JHS MLA_AY 2023-2024_Annual_Official,20001,SY_2023_JHS_OFFICIAL,77.0,77.0,active,77.0,77.0,,85,85,85,85,
John B. Baldwin,10054,SYN-JHS-000069,Grade 9 Edukasyon sa Pagpapakatao,20019,SYN-JHS-COURSE-000028,Grade 9 Edukasyon sa Pagpapakatao,20095,,INST JHS MLA_AY 2023-2024_Annual_Official,20001,SY_2023_JHS_OFFICIAL,80.5,80.5,active,80.5,80.5,,87,87,87,87,
Kristen J. Hensley,10264,SYN-JHS-000003,Grade 9 Edukasyon sa Pagpapakatao,20019,SYN-JHS-COURSE-000028,Grade 9 Edukasyon sa Pagpapakatao,20095,,INST JHS MLA_AY 2023-2024_Annual_Official,20001,SY_2023_JHS_OFFICIAL,87.0,87.0,active,87.0,87.0,,91,91,91,91,
Amanda M. Clayton,10004,SYN-JHS-000019,Grade 9 Edukasyon sa Pagpapakatao,20019,SYN-JHS-COURSE-000028,Grade 9 Edukasyon sa Pagpapakatao,20095,,INST JHS MLA_AY 2023-2024_Annual_Official,20001,SY_2023_JHS_OFFICIAL,84.5,84.5,active,84.5,84.5,,90,90,90,90,
Amanda M. Chan,10057,SYN-JHS-000072,Grade 9 Edukasyon sa Pagpapakatao,20019,SYN-JHS-COURSE-000028,Grade 9 Edukasyon sa Pagpapakatao,20095,,INST JHS MLA_AY 2023-2024_Annual_Official,20001,SY_2023_JHS_OFFICIAL,81.5,81.5,active,81.5,81.5,,88,88,88,88,
Daniel C. Nixon,10273,SYN-JHS-000008,Grade 9 Edukasyon sa Pagpapakatao,20019,SYN-JHS-COURSE-000028,Grade 9 Edukasyon sa Pagpapakatao,20095,,INST JHS MLA_AY 2023-2024_Annual_Official,20001,SY_2023_JHS_OFFICIAL,88.0,88.0,active,88.0,88.0,,92,92,92,92,
Kathy A. Meyer,10001,SYN-JHS-000010,Grade 9 Edukasyon sa Pagpapakatao,20019,SYN-JHS-COURSE-000028,Grade 9 Edukasyon sa Pagpapakatao,20095,,INST JHS MLA_AY 2023-2024_Annual_Official,20001,SY_2023_JHS_OFFICIAL,84.25,84.25,active,84.25,84.25,,90,90,90,90,
Garrett L. Bell,10274,SYN-JHS-000009,Grade 9 Edukasyon sa Pagpapakatao,20019,SYN-JHS-COURSE-000028,Grade 9 Edukasyon sa Pagpapakatao,20095,,INST JHS MLA_AY 2023-2024_Annual_Official,20001,SY_2023_JHS_OFFICIAL,84.0,84.0,active,84.0,84.0,,90,90,90,90,
Douglas M. Pham,10271,SYN-JHS-000005,Grade 9 Edukasyon sa Pagpapakatao,20019,SYN-JHS-COURSE-000028,Grade 9 Edukasyon sa Pagpapakatao,20095,,INST JHS MLA_AY 2023-2024_Annual_Official,20001,SY_2023_JHS_OFFICIAL,73.25,73.25,active,73.25,73.25,,83,83,83,83,
Terri V. Ortiz,10046,SYN-JHS-000055,Grade 9 Edukasyon sa Pagpapakatao,20019,SYN-JHS-COURSE-000028,Grade 9 Edukasyon sa Pagpapakatao,20095,,INST JHS MLA_AY 2023-2024_Annual_Official,20001,SY_2023_JHS_OFFICIAL,81.0,81.0,active,81.0,81.0,,88,88,88,88,
Tara L. Diaz,10056,SYN-JHS-000071,Grade 9 Edukasyon sa Pagpapakatao,20019,SYN-JHS-COURSE-000028,Grade 9 Edukasyon sa Pagpapakatao,20095,,INST JHS MLA_AY 2023-2024_Annual_Official,20001,SY_2023_JHS_OFFICIAL,80.5,80.5,active,80.5,80.5,,87,87,87,87,
Timothy S. Heath,10024,SYN-JHS-000021,Grade 9 Edukasyon sa Pagpapakatao,20019,SYN-JHS-COURSE-000028,Grade 9 Edukasyon sa Pagpapakatao,20095,,INST JHS MLA_AY 2023-2024_Annual_Official,20001,SY_2023_JHS_OFFICIAL,81.75,81.75,active,81.75,81.75,,88,88,88,88,
Andrea S. Walsh,10262,SYN-JHS-000001,Grade 9 Edukasyon sa Pagpapakatao,20019,SYN-JHS-COURSE-000028,Grade 9 Edukasyon sa Pagpapakatao,20095,,INST JHS MLA_AY 2023-2024_Annual_Official,20001,SY_2023_JHS_OFFICIAL,84.25,84.25,active,84.25,84.25,,90,90,90,90,
Randy B. Shelton,10077,SYN-JHS-000094,Grade 9 Edukasyon sa Pagpapakatao,20019,SYN-JHS-COURSE-000028,Grade 9 Edukasyon sa Pagpapakatao,20095,,INST JHS MLA_AY 2023-2024_Annual_Official,20001,SY_2023_JHS_OFFICIAL,82.0,82.0,active,82.0,82.0,,88,88,88,88,
Jennifer G. Tapia,10265,SYN-JHS-000004,Grade 9 Edukasyon sa Pagpapakatao,20019,SYN-JHS-COURSE-000028,Grade 9 Edukasyon sa Pagpapakatao,20095,,INST JHS MLA_AY 2023-2024_Annual_Official,20001,SY_2023_JHS_OFFICIAL,77.0,77.0,active,77.0,77.0,,85,85,85,85,
John T. Jones,10032,SYN-JHS-000041,Grade 9 Edukasyon sa Pagpapakatao,20019,SYN-JHS-COURSE-000028,Grade 9 Edukasyon sa Pagpapakatao,20095,,INST JHS MLA_AY 2023-2024_Annual_Official,20001,SY_2023_JHS_OFFICIAL,82.5,82.5,active,82.5,82.5,,89,89,89,89,
Rachel T. Davis,10020,SYN-JHS-000031,Grade 9 Edukasyon sa Pagpapakatao,20019,SYN-JHS-COURSE-000028,Grade 9 Edukasyon sa Pagpapakatao,20095,,INST JHS MLA_AY 2023-2024_Annual_Official,20001,SY_2023_JHS_OFFICIAL,79.5,79.5,active,79.5,79.5,,87,87,87,87,
Rebecca T. Castro,10043,SYN-JHS-000050,Grade 9 Edukasyon sa Pagpapakatao,20019,SYN-JHS-COURSE-000028,Grade 9 Edukasyon sa Pagpapakatao,20095,,INST JHS MLA_AY 2023-2024_Annual_Official,20001,SY_2023_JHS_OFFICIAL,90.0,90.0,active,90.0,90.0,,93,93,93,93,
Sandra K. Bean,10270,SYN-JHS-000007,Grade 9 Edukasyon sa Pagpapakatao,20019,SYN-JHS-COURSE-000028,Grade 9 Edukasyon sa Pagpapakatao,20095,,INST JHS MLA_AY 2023-2024_Annual_Official,20001,SY_2023_JHS_OFFICIAL,87.75,87.75,active,87.75,87.75,,92,92,92,92,
Dorothy T. Fernandez,10079,SYN-JHS-000096,Grade 9 Edukasyon sa Pagpapakatao,20019,SYN-JHS-COURSE-000028,Grade 9 Edukasyon sa Pagpapakatao,20095,,INST JHS MLA_AY 2023-2024_Annual_Official,20001,SY_2023_JHS_OFFICIAL,80.0,80.0,active,80.0,80.0,,87,87,87,87,
Alice S. Webb,10019,SYN-JHS-000028,Grade 9 Edukasyon sa Pagpapakatao,20019,SYN-JHS-COURSE-000028,Grade 9 Edukasyon sa Pagpapakatao,20095,,INST JHS MLA_AY 2023-2024_Annual_Official,20001,SY_2023_JHS_OFFICIAL,83.75,83.75,active,83.75,83.75,,89,89,89,89,
April L. Harris,10081,SYN-JHS-000062,Grade 9 Edukasyon sa Pagpapakatao,20019,SYN-JHS-COURSE-000028,Grade 9 Edukasyon sa Pagpapakatao,20095,,INST JHS MLA_AY 2023-2024_Annual_Official,20001,SY_2023_JHS_OFFICIAL,83.75,83.75,active,83.75,83.75,,89,89,89,89,
Charles L. Solis,10025,SYN-JHS-000035,Grade 9 Edukasyon sa Pagpapakatao,20019,SYN-JHS-COURSE-000028,Grade 9 Edukasyon sa Pagpapakatao,20095,,INST JHS MLA_AY 2023-2024_Annual_Official,20001,SY_2023_JHS_OFFICIAL,73.5,73.5,active,73.5,73.5,,83,83,83,83,
Ashley G. Robles,10096,SYN-JHS-000105,Grade 9 Edukasyon sa Pagpapakatao,20019,SYN-JHS-COURSE-000028,Grade 9 Edukasyon sa Pagpapakatao,20095,,INST JHS MLA_AY 2023-2024_Annual_Official,20001,SY_2023_JHS_OFFICIAL,84.75,84.75,active,84.75,84.75,,90,90,90,90,
Lisa E. Wells,10002,SYN-JHS-000011,Grade 9 Edukasyon sa Pagpapakatao,20019,SYN-JHS-COURSE-000028,Grade 9 Edukasyon sa Pagpapakatao,20095,,INST JHS MLA_AY 2023-2024_Annual_Official,20001,SY_2023_JHS_OFFICIAL,89.25,89.25,active,89.25,89.25,,93,93,93,93,
Philip R. Evans,10066,SYN-JHS-000084,Grade 9 Edukasyon sa Pagpapakatao,20019,SYN-JHS-COURSE-000028,Grade 9 Edukasyon sa Pagpapakatao,20095,,INST JHS MLA_AY 2023-2024_Annual_Official,20001,SY_2023_JHS_OFFICIAL,76.0,76.0,active,76.0,76.0,,85,85,85,85,
Jimmy A. Wolf,10097,SYN-JHS-000106,Grade 9 Edukasyon sa Pagpapakatao,20019,SYN-JHS-COURSE-000028,Grade 9 Edukasyon sa Pagpapakatao,20095,,INST JHS MLA_AY 2023-2024_Annual_Official,20001,SY_2023_JHS_OFFICIAL,86.75,86.75,active,86.75,86.75,,91,91,91,91,
William A. Ruiz,10044,SYN-JHS-000053,Grade 9 Edukasyon sa Pagpapakatao,20019,SYN-JHS-COURSE-000028,Grade 9 Edukasyon sa Pagpapakatao,20095,,INST JHS MLA_AY 2023-2024_Annual_Official,20001,SY_2023_JHS_OFFICIAL,83.75,83.75,active,83.75,83.75,,89,89,89,89,
Christian A. Williams,10060,SYN-JHS-000075,Grade 9 Edukasyon sa Pagpapakatao,20019,SYN-JHS-COURSE-000028,Grade 9 Edukasyon sa Pagpapakatao,20095,,INST JHS MLA_AY 2023-2024_Annual_Official,20001,SY_2023_JHS_OFFICIAL,83.75,83.75,active,83.75,83.75,,89,89,89,89,
Larry E. Cohen,10045,SYN-JHS-000054,Grade 9 Edukasyon sa Pagpapakatao,20019,SYN-JHS-COURSE-000028,Grade 9 Edukasyon sa Pagpapakatao,20095,,INST JHS MLA_AY 2023-2024_Annual_Official,20001,SY_2023_JHS_OFFICIAL,84.5,84.5,active,84.5,84.5,,90,90,90,90,
Andrew J. Becker,10051,SYN-JHS-000058,Grade 9 Edukasyon sa Pagpapakatao,20019,SYN-JHS-COURSE-000028,Grade 9 Edukasyon sa Pagpapakatao,20095,,INST JHS MLA_AY 2023-2024_Annual_Official,20001,SY_2023_JHS_OFFICIAL,82.25,82.25,active,82.25,82.25,,88,88,88,88,
Diana J. Smith,10086,SYN-JHS-000079,Grade 9 Edukasyon sa Pagpapakatao,20019,SYN-JHS-COURSE-000028,Grade 9 Edukasyon sa Pagpapakatao,20095,,INST JHS MLA_AY 2023-2024_Annual_Official,20001,SY_2023_JHS_OFFICIAL,82.25,82.25,active,82.25,82.25,,88,88,88,88,
Tracy S. Evans,10028,SYN-JHS-000038,Grade 9 Edukasyon sa Pagpapakatao,20019,SYN-JHS-COURSE-000028,Grade 9 Edukasyon sa Pagpapakatao,20095,,INST JHS MLA_AY 2023-2024_Annual_Official,20001,SY_2023_JHS_OFFICIAL,83.5,83.5,active,83.5,83.5,,89,89,89,89,
Carl T. Hill,10039,SYN-JHS-000047,Grade 9 Edukasyon sa Pagpapakatao,20019,SYN-JHS-COURSE-000028,Grade 9 Edukasyon sa Pagpapakatao,20095,,INST JHS MLA_AY 2023-2024_Annual_Official,20001,SY_2023_JHS_OFFICIAL,0.0,0.0,active,0.0,0.0,,60,60,60,60,
Derrick C. Hancock,10100,SYN-JHS-000109,Grade 9 Edukasyon sa Pagpapakatao,20019,SYN-JHS-COURSE-000028,Grade 9 Edukasyon sa Pagpapakatao,20095,,INST JHS MLA_AY 2023-2024_Annual_Official,20001,SY_2023_JHS_OFFICIAL,87.25,87.25,active,87.25,87.25,,92,92,92,92,
James G. Hall,10034,SYN-JHS-000042,Grade 9 Filipino,20020,SYN-JHS-COURSE-000029,Grade 9 Filipino,20091,,INST JHS MLA_AY 2023-2024_Annual_Official,20001,SY_2023_JHS_OFFICIAL,91.67,91.67,active,91.67,91.67,,94,94,94,94,
Kimberly D. Williams,10042,SYN-JHS-000052,Grade 9 Filipino,20020,SYN-JHS-COURSE-000029,Grade 9 Filipino,20091,,INST JHS MLA_AY 2023-2024_Annual_Official,20001,SY_2023_JHS_OFFICIAL,93.75,93.75,active,93.75,93.75,,96,96,96,96,
Christina J. Hickman,10003,SYN-JHS-000012,Grade 9 Filipino,20020,SYN-JHS-COURSE-000029,Grade 9 Filipino,20091,,INST JHS MLA_AY 2023-2024_Annual_Official,20001,SY_2023_JHS_OFFICIAL,97.92,97.92,active,97.92,97.92,,98,98,98,98,
Nicholas L. Cobb,10272,SYN-JHS-000006,Grade 9 Filipino,20020,SYN-JHS-COURSE-000029,Grade 9 Filipino,20091,,INST JHS MLA_AY 2023-2024_Annual_Official,20001,SY_2023_JHS_OFFICIAL,94.79,94.79,active,94.79,94.79,,96,96,96,96,
Pamela S. Davenport,10094,SYN-JHS-000103,Grade 9 Filipino,20020,SYN-JHS-COURSE-000029,Grade 9 Filipino,20091,,INST JHS MLA_AY 2023-2024_Annual_Official,20001,SY_2023_JHS_OFFICIAL,92.5,92.5,active,92.5,92.5,,95,95,95,95,
Nicholas J. Mercer,10082,SYN-JHS-000063,Grade 9 Filipino,20020,SYN-JHS-COURSE-000029,Grade 9 Filipino,20091,,INST JHS MLA_AY 2023-2024_Annual_Official,20001,SY_2023_JHS_OFFICIAL,88.13,88.13,active,88.13,88.13,,92,92,92,92,
Jeremy R. Stark,10263,SYN-JHS-000002,Grade 9 Filipino,20020,SYN-JHS-COURSE-000029,Grade 9 Filipino,20091,,INST JHS MLA_AY 2023-2024_Annual_Official,20001,SY_2023_JHS_OFFICIAL,95.21,95.21,active,95.21,95.21,,97,97,97,97,
Maurice M. Anderson,10018,SYN-JHS-000023,Grade 9 Filipino,20020,SYN-JHS-COURSE-000029,Grade 9 Filipino,20091,,INST JHS MLA_AY 2023-2024_Annual_Official,20001,SY_2023_JHS_OFFICIAL,94.17,94.17,active,94.17,94.17,,96,96,96,96,
Amanda K. Myers,10005,SYN-JHS-000022,Grade 9 Filipino,20020,SYN-JHS-COURSE-000029,Grade 9 Filipino,20091,,INST JHS MLA_AY 2023-2024_Annual_Official,20001,SY_2023_JHS_OFFICIAL,87.08,87.08,active,87.08,87.08,,91,91,91,91,
Carol W. Davis,10006,SYN-JHS-000025,Grade 9 Filipino,20020,SYN-JHS-COURSE-000029,Grade 9 Filipino,20091,,INST JHS MLA_AY 2023-2024_Annual_Official,20001,SY_2023_JHS_OFFICIAL,90.0,90.0,active,90.0,90.0,,93,93,93,93,
John B. Baldwin,10054,SYN-JHS-000069,Grade 9 Filipino,20020,SYN-JHS-COURSE-000029,Grade 9 Filipino,20091,,INST JHS MLA_AY 2023-2024_Annual_Official,20001,SY_2023_JHS_OFFICIAL,95.63,95.63,active,95.63,95.63,,97,97,97,97,
Kristen J. Hensley,10264,SYN-JHS-000003,Grade 9 Filipino,20020,SYN-JHS-COURSE-000029,Grade 9 Filipino,20091,,INST JHS MLA_AY 2023-2024_Annual_Official,20001,SY_2023_JHS_OFFICIAL,94.79,94.79,active,94.79,94.79,,96,96,96,96,
Amanda M. Clayton,10004,SYN-JHS-000019,Grade 9 Filipino,20020,SYN-JHS-COURSE-000029,Grade 9 Filipino,20091,,INST JHS MLA_AY 2023-2024_Annual_Official,20001,SY_2023_JHS_OFFICIAL,100.0,100.0,active,100.0,100.0,,100,100,100,100,
Amanda M. Chan,10057,SYN-JHS-000072,Grade 9 Filipino,20020,SYN-JHS-COURSE-000029,Grade 9 Filipino,20091,,INST JHS MLA_AY 2023-2024_Annual_Official,20001,SY_2023_JHS_OFFICIAL,87.5,87.5,active,87.5,87.5,,92,92,92,92,
Daniel C. Nixon,10273,SYN-JHS-000008,Grade 9 Filipino,20020,SYN-JHS-COURSE-000029,Grade 9 Filipino,20091,,INST JHS MLA_AY 2023-2024_Annual_Official,20001,SY_2023_JHS_OFFICIAL,87.29,87.29,active,87.29,87.29,,92,92,92,92,
Kathy A. Meyer,10001,SYN-JHS-000010,Grade 9 Filipino,20020,SYN-JHS-COURSE-000029,Grade 9 Filipino,20091,,INST JHS MLA_AY 2023-2024_Annual_Official,20001,SY_2023_JHS_OFFICIAL,91.25,91.25,active,91.25,91.25,,94,94,94,94,
Garrett L. Bell,10274,SYN-JHS-000009,Grade 9 Filipino,20020,SYN-JHS-COURSE-000029,Grade 9 Filipino,20091,,INST JHS MLA_AY 2023-2024_Annual_Official,20001,SY_2023_JHS_OFFICIAL,75.42,75.42,active,75.42,75.42,,84,84,84,84,
Douglas M. Pham,10271,SYN-JHS-000005,Grade 9 Filipino,20020,SYN-JHS-COURSE-000029,Grade 9 Filipino,20091,,INST JHS MLA_AY 2023-2024_Annual_Official,20001,SY_2023_JHS_OFFICIAL,78.54,78.54,active,78.54,78.54,,86,86,86,86,
Terri V. Ortiz,10046,SYN-JHS-000055,Grade 9 Filipino,20020,SYN-JHS-COURSE-000029,Grade 9 Filipino,20091,,INST JHS MLA_AY 2023-2024_Annual_Official,20001,SY_2023_JHS_OFFICIAL,89.79,89.79,active,89.79,89.79,,93,93,93,93,
Tara L. Diaz,10056,SYN-JHS-000071,Grade 9 Filipino,20020,SYN-JHS-COURSE-000029,Grade 9 Filipino,20091,,INST JHS MLA_AY 2023-2024_Annual_Official,20001,SY_2023_JHS_OFFICIAL,78.75,78.75,active,78.75,78.75,,86,86,86,86,
Timothy S. Heath,10024,SYN-JHS-000021,Grade 9 Filipino,20020,SYN-JHS-COURSE-000029,Grade 9 Filipino,20091,,INST JHS MLA_AY 2023-2024_Annual_Official,20001,SY_2023_JHS_OFFICIAL,96.67,96.67,active,96.67,96.67,,97,97,97,97,
Andrea S. Walsh,10262,SYN-JHS-000001,Grade 9 Filipino,20020,SYN-JHS-COURSE-000029,Grade 9 Filipino,20091,,INST JHS MLA_AY 2023-2024_Annual_Official,20001,SY_2023_JHS_OFFICIAL,85.0,85.0,active,85.0,85.0,,90,90,90,90,
Randy B. Shelton,10077,SYN-JHS-000094,Grade 9 Filipino,20020,SYN-JHS-COURSE-000029,Grade 9 Filipino,20091,,INST JHS MLA_AY 2023-2024_Annual_Official,20001,SY_2023_JHS_OFFICIAL,87.5,87.5,active,87.5,87.5,,92,92,92,92,
Jennifer G. Tapia,10265,SYN-JHS-000004,Grade 9 Filipino,20020,SYN-JHS-COURSE-000029,Grade 9 Filipino,20091,,INST JHS MLA_AY 2023-2024_Annual_Official,20001,SY_2023_JHS_OFFICIAL,71.25,71.25,active,71.25,71.25,,82,82,82,82,
John T. Jones,10032,SYN-JHS-000041,Grade 9 Filipino,20020,SYN-JHS-COURSE-000029,Grade 9 Filipino,20091,,INST JHS MLA_AY 2023-2024_Annual_Official,20001,SY_2023_JHS_OFFICIAL,98.75,98.75,active,98.75,98.75,,99,99,99,99,
Rachel T. Davis,10020,SYN-JHS-000031,Grade 9 Filipino,20020,SYN-JHS-COURSE-000029,Grade 9 Filipino,20091,,INST JHS MLA_AY 2023-2024_Annual_Official,20001,SY_2023_JHS_OFFICIAL,78.96,78.96,active,78.96,78.96,,86,86,86,86,
Rebecca T. Castro,10043,SYN-JHS-000050,Grade 9 Filipino,20020,SYN-JHS-COURSE-000029,Grade 9 Filipino,20091,,INST JHS MLA_AY 2023-2024_Annual_Official,20001,SY_2023_JHS_OFFICIAL,98.96,98.96,active,98.96,98.96,,99,99,99,99,
Sandra K. Bean,10270,SYN-JHS-000007,Grade 9 Filipino,20020,SYN-JHS-COURSE-000029,Grade 9 Filipino,20091,,INST JHS MLA_AY 2023-2024_Annual_Official,20001,SY_2023_JHS_OFFICIAL,98.96,98.96,active,98.96,98.96,,99,99,99,99,
Dorothy T. Fernandez,10079,SYN-JHS-000096,Grade 9 Filipino,20020,SYN-JHS-COURSE-000029,Grade 9 Filipino,20091,,INST JHS MLA_AY 2023-2024_Annual_Official,20001,SY_2023_JHS_OFFICIAL,93.54,93.54,active,93.54,93.54,,95,95,95,95,
Alice S. Webb,10019,SYN-JHS-000028,Grade 9 Filipino,20020,SYN-JHS-COURSE-000029,Grade 9 Filipino,20091,,INST JHS MLA_AY 2023-2024_Annual_Official,20001,SY_2023_JHS_OFFICIAL,97.71,97.71,active,97.71,97.71,,98,98,98,98,
April L. Harris,10081,SYN-JHS-000062,Grade 9 Filipino,20020,SYN-JHS-COURSE-000029,Grade 9 Filipino,20091,,INST JHS MLA_AY 2023-2024_Annual_Official,20001,SY_2023_JHS_OFFICIAL,91.25,91.25,active,91.25,91.25,,94,94,94,94,
Charles L. Solis,10025,SYN-JHS-000035,Grade 9 Filipino,20020,SYN-JHS-COURSE-000029,Grade 9 Filipino,20091,,INST JHS MLA_AY 2023-2024_Annual_Official,20001,SY_2023_JHS_OFFICIAL,91.25,91.25,active,91.25,91.25,,94,94,94,94,
Ashley G. Robles,10096,SYN-JHS-000105,Grade 9 Filipino,20020,SYN-JHS-COURSE-000029,Grade 9 Filipino,20091,,INST JHS MLA_AY 2023-2024_Annual_Official,20001,SY_2023_JHS_OFFICIAL,93.33,93.33,active,93.33,93.33,,95,95,95,95,
Lisa E. Wells,10002,SYN-JHS-000011,Grade 9 Filipino,20020,SYN-JHS-COURSE-000029,Grade 9 Filipino,20091,,INST JHS MLA_AY 2023-2024_Annual_Official,20001,SY_2023_JHS_OFFICIAL,91.25,91.25,active,91.25,91.25,,94,94,94,94,
Philip R. Evans,10066,SYN-JHS-000084,Grade 9 Filipino,20020,SYN-JHS-COURSE-000029,Grade 9 Filipino,20091,,INST JHS MLA_AY 2023-2024_Annual_Official,20001,SY_2023_JHS_OFFICIAL,91.88,91.88,active,91.88,91.88,,94,94,94,94,
Jimmy A. Wolf,10097,SYN-JHS-000106,Grade 9 Filipino,20020,SYN-JHS-COURSE-000029,Grade 9 Filipino,20091,,INST JHS MLA_AY 2023-2024_Annual_Official,20001,SY_2023_JHS_OFFICIAL,91.04,91.04,active,91.04,91.04,,94,94,94,94,
William A. Ruiz,10044,SYN-JHS-000053,Grade 9 Filipino,20020,SYN-JHS-COURSE-000029,Grade 9 Filipino,20091,,INST JHS MLA_AY 2023-2024_Annual_Official,20001,SY_2023_JHS_OFFICIAL,96.67,96.67,active,96.67,96.67,,97,97,97,97,
Christian A. Williams,10060,SYN-JHS-000075,Grade 9 Filipino,20020,SYN-JHS-COURSE-000029,Grade 9 Filipino,20091,,INST JHS MLA_AY 2023-2024_Annual_Official,20001,SY_2023_JHS_OFFICIAL,91.04,91.04,active,91.04,91.04,,94,94,94,94,
Larry E. Cohen,10045,SYN-JHS-000054,Grade 9 Filipino,20020,SYN-JHS-COURSE-000029,Grade 9 Filipino,20091,,INST JHS MLA_AY 2023-2024_Annual_Official,20001,SY_2023_JHS_OFFICIAL,91.25,91.25,active,91.25,91.25,,94,94,94,94,
Andrew J. Becker,10051,SYN-JHS-000058,Grade 9 Filipino,20020,SYN-JHS-COURSE-000029,Grade 9 Filipino,20091,,INST JHS MLA_AY 2023-2024_Annual_Official,20001,SY_2023_JHS_OFFICIAL,83.13,83.13,active,83.13,83.13,,89,89,89,89,
Diana J. Smith,10086,SYN-JHS-000079,Grade 9 Filipino,20020,SYN-JHS-COURSE-000029,Grade 9 Filipino,20091,,INST JHS MLA_AY 2023-2024_Annual_Official,20001,SY_2023_JHS_OFFICIAL,90.42,90.42,active,90.42,90.42,,94,94,94,94,
Tracy S. Evans,10028,SYN-JHS-000038,Grade 9 Filipino,20020,SYN-JHS-COURSE-000029,Grade 9 Filipino,20091,,INST JHS MLA_AY 2023-2024_Annual_Official,20001,SY_2023_JHS_OFFICIAL,95.0,95.0,active,95.0,95.0,,96,96,96,96,
Carl T. Hill,10039,SYN-JHS-000047,Grade 9 Filipino,20020,SYN-JHS-COURSE-000029,Grade 9 Filipino,20091,,INST JHS MLA_AY 2023-2024_Annual_Official,20001,SY_2023_JHS_OFFICIAL,0.0,0.0,active,0.0,0.0,,60,60,60,60,
Derrick C. Hancock,10100,SYN-JHS-000109,Grade 9 Filipino,20020,SYN-JHS-COURSE-000029,Grade 9 Filipino,20091,,INST JHS MLA_AY 2023-2024_Annual_Official,20001,SY_2023_JHS_OFFICIAL,96.88,96.88,active,96.88,96.88,,98,98,98,98,
James G. Hall,10034,SYN-JHS-000042,Grade 9 Mathematics,20021,SYN-JHS-COURSE-000031,Grade 9 Mathematics,20069,,INST JHS MLA_AY 2023-2024_Annual_Official,20001,SY_2023_JHS_OFFICIAL,73.46,73.46,active,73.46,73.46,,83,83,83,83,
Kimberly D. Williams,10042,SYN-JHS-000052,Grade 9 Mathematics,20021,SYN-JHS-COURSE-000031,Grade 9 Mathematics,20069,,INST JHS MLA_AY 2023-2024_Annual_Official,20001,SY_2023_JHS_OFFICIAL,77.64,77.64,active,77.64,77.64,,86,86,86,86,
Christina J. Hickman,10003,SYN-JHS-000012,Grade 9 Mathematics,20021,SYN-JHS-COURSE-000031,Grade 9 Mathematics,20069,,INST JHS MLA_AY 2023-2024_Annual_Official,20001,SY_2023_JHS_OFFICIAL,96.98,96.98,active,96.98,96.98,,98,98,98,98,
Nicholas L. Cobb,10272,SYN-JHS-000006,Grade 9 Mathematics,20021,SYN-JHS-COURSE-000031,Grade 9 Mathematics,20069,,INST JHS MLA_AY 2023-2024_Annual_Official,20001,SY_2023_JHS_OFFICIAL,92.02,92.02,active,92.02,92.02,,95,95,95,95,
Pamela S. Davenport,10094,SYN-JHS-000103,Grade 9 Mathematics,20021,SYN-JHS-COURSE-000031,Grade 9 Mathematics,20069,,INST JHS MLA_AY 2023-2024_Annual_Official,20001,SY_2023_JHS_OFFICIAL,74.28,74.28,active,74.28,74.28,,83,83,83,83,
Nicholas J. Mercer,10082,SYN-JHS-000063,Grade 9 Mathematics,20021,SYN-JHS-COURSE-000031,Grade 9 Mathematics,20069,,INST JHS MLA_AY 2023-2024_Annual_Official,20001,SY_2023_JHS_OFFICIAL,73.29,73.29,active,73.29,73.29,,83,83,83,83,
Jeremy R. Stark,10263,SYN-JHS-000002,Grade 9 Mathematics,20021,SYN-JHS-COURSE-000031,Grade 9 Mathematics,20069,,INST JHS MLA_AY 2023-2024_Annual_Official,20001,SY_2023_JHS_OFFICIAL,89.79,89.79,active,89.79,89.79,,93,93,93,93,
Maurice M. Anderson,10018,SYN-JHS-000023,Grade 9 Mathematics,20021,SYN-JHS-COURSE-000031,Grade 9 Mathematics,20069,,INST JHS MLA_AY 2023-2024_Annual_Official,20001,SY_2023_JHS_OFFICIAL,83.15,83.15,active,83.15,83.15,,89,89,89,89,
Amanda K. Myers,10005,SYN-JHS-000022,Grade 9 Mathematics,20021,SYN-JHS-COURSE-000031,Grade 9 Mathematics,20069,,INST JHS MLA_AY 2023-2024_Annual_Official,20001,SY_2023_JHS_OFFICIAL,84.94,84.94,active,84.94,84.94,,90,90,90,90,
Carol W. Davis,10006,SYN-JHS-000025,Grade 9 Mathematics,20021,SYN-JHS-COURSE-000031,Grade 9 Mathematics,20069,,INST JHS MLA_AY 2023-2024_Annual_Official,20001,SY_2023_JHS_OFFICIAL,68.32,68.32,active,68.32,68.32,,80,80,80,80,
John B. Baldwin,10054,SYN-JHS-000069,Grade 9 Mathematics,20021,SYN-JHS-COURSE-000031,Grade 9 Mathematics,20069,,INST JHS MLA_AY 2023-2024_Annual_Official,20001,SY_2023_JHS_OFFICIAL,79.46,79.46,active,79.46,79.46,,87,87,87,87,
Kristen J. Hensley,10264,SYN-JHS-000003,Grade 9 Mathematics,20021,SYN-JHS-COURSE-000031,Grade 9 Mathematics,20069,,INST JHS MLA_AY 2023-2024_Annual_Official,20001,SY_2023_JHS_OFFICIAL,93.12,93.12,active,93.12,93.12,,95,95,95,95,
Amanda M. Clayton,10004,SYN-JHS-000019,Grade 9 Mathematics,20021,SYN-JHS-COURSE-000031,Grade 9 Mathematics,20069,,INST JHS MLA_AY 2023-2024_Annual_Official,20001,SY_2023_JHS_OFFICIAL,91.75,91.75,active,91.75,91.75,,94,94,94,94,
Amanda M. Chan,10057,SYN-JHS-000072,Grade 9 Mathematics,20021,SYN-JHS-COURSE-000031,Grade 9 Mathematics,20069,,INST JHS MLA_AY 2023-2024_Annual_Official,20001,SY_2023_JHS_OFFICIAL,66.95,66.95,active,66.95,66.95,,79,79,79,79,
Daniel C. Nixon,10273,SYN-JHS-000008,Grade 9 Mathematics,20021,SYN-JHS-COURSE-000031,Grade 9 Mathematics,20069,,INST JHS MLA_AY 2023-2024_Annual_Official,20001,SY_2023_JHS_OFFICIAL,66.32,66.32,active,66.32,66.32,,78,78,78,78,
Kathy A. Meyer,10001,SYN-JHS-000010,Grade 9 Mathematics,20021,SYN-JHS-COURSE-000031,Grade 9 Mathematics,20069,,INST JHS MLA_AY 2023-2024_Annual_Official,20001,SY_2023_JHS_OFFICIAL,92.62,92.62,active,92.62,92.62,,95,95,95,95,
Garrett L. Bell,10274,SYN-JHS-000009,Grade 9 Mathematics,20021,SYN-JHS-COURSE-000031,Grade 9 Mathematics,20069,,INST JHS MLA_AY 2023-2024_Annual_Official,20001,SY_2023_JHS_OFFICIAL,64.27,64.27,active,64.27,64.27,,77,77,77,77,
Douglas M. Pham,10271,SYN-JHS-000005,Grade 9 Mathematics,20021,SYN-JHS-COURSE-000031,Grade 9 Mathematics,20069,,INST JHS MLA_AY 2023-2024_Annual_Official,20001,SY_2023_JHS_OFFICIAL,60.52,60.52,active,60.52,60.52,,75,75,75,75,
Terri V. Ortiz,10046,SYN-JHS-000055,Grade 9 Mathematics,20021,SYN-JHS-COURSE-000031,Grade 9 Mathematics,20069,,INST JHS MLA_AY 2023-2024_Annual_Official,20001,SY_2023_JHS_OFFICIAL,81.68,81.68,active,81.68,81.68,,88,88,88,88,
Tara L. Diaz,10056,SYN-JHS-000071,Grade 9 Mathematics,20021,SYN-JHS-COURSE-000031,Grade 9 Mathematics,20069,,INST JHS MLA_AY 2023-2024_Annual_Official,20001,SY_2023_JHS_OFFICIAL,62.72,62.72,active,62.72,62.72,,76,76,76,76,
Timothy S. Heath,10024,SYN-JHS-000021,Grade 9 Mathematics,20021,SYN-JHS-COURSE-000031,Grade 9 Mathematics,20069,,INST JHS MLA_AY 2023-2024_Annual_Official,20001,SY_2023_JHS_OFFICIAL,88.18,88.18,active,88.18,88.18,,92,92,92,92,
Andrea S. Walsh,10262,SYN-JHS-000001,Grade 9 Mathematics,20021,SYN-JHS-COURSE-000031,Grade 9 Mathematics,20069,,INST JHS MLA_AY 2023-2024_Annual_Official,20001,SY_2023_JHS_OFFICIAL,66.3,66.3,active,66.3,66.3,,78,78,78,78,
Randy B. Shelton,10077,SYN-JHS-000094,Grade 9 Mathematics,20021,SYN-JHS-COURSE-000031,Grade 9 Mathematics,20069,,INST JHS MLA_AY 2023-2024_Annual_Official,20001,SY_2023_JHS_OFFICIAL,62.99,62.99,active,62.99,62.99,,76,76,76,76,
Jennifer G. Tapia,10265,SYN-JHS-000004,Grade 9 Mathematics,20021,SYN-JHS-COURSE-000031,Grade 9 Mathematics,20069,,INST JHS MLA_AY 2023-2024_Annual_Official,20001,SY_2023_JHS_OFFICIAL,60.42,60.42,active,60.42,60.42,,75,75,75,75,
John T. Jones,10032,SYN-JHS-000041,Grade 9 Mathematics,20021,SYN-JHS-COURSE-000031,Grade 9 Mathematics,20069,,INST JHS MLA_AY 2023-2024_Annual_Official,20001,SY_2023_JHS_OFFICIAL,70.11,70.11,active,70.11,70.11,,81,81,81,81,
Rachel T. Davis,10020,SYN-JHS-000031,Grade 9 Mathematics,20021,SYN-JHS-COURSE-000031,Grade 9 Mathematics,20069,,INST JHS MLA_AY 2023-2024_Annual_Official,20001,SY_2023_JHS_OFFICIAL,60.13,60.13,active,60.13,60.13,,75,75,75,75,
Rebecca T. Castro,10043,SYN-JHS-000050,Grade 9 Mathematics,20021,SYN-JHS-COURSE-000031,Grade 9 Mathematics,20069,,INST JHS MLA_AY 2023-2024_Annual_Official,20001,SY_2023_JHS_OFFICIAL,96.11,96.11,active,96.11,96.11,,97,97,97,97,
Sandra K. Bean,10270,SYN-JHS-000007,Grade 9 Mathematics,20021,SYN-JHS-COURSE-000031,Grade 9 Mathematics,20069,,INST JHS MLA_AY 2023-2024_Annual_Official,20001,SY_2023_JHS_OFFICIAL,94.99,94.99,active,94.99,94.99,,96,96,96,96,
Dorothy T. Fernandez,10079,SYN-JHS-000096,Grade 9 Mathematics,20021,SYN-JHS-COURSE-000031,Grade 9 Mathematics,20069,,INST JHS MLA_AY 2023-2024_Annual_Official,20001,SY_2023_JHS_OFFICIAL,78.98,78.98,active,78.98,78.98,,86,86,86,86,
Alice S. Webb,10019,SYN-JHS-000028,Grade 9 Mathematics,20021,SYN-JHS-COURSE-000031,Grade 9 Mathematics,20069,,INST JHS MLA_AY 2023-2024_Annual_Official,20001,SY_2023_JHS_OFFICIAL,84.96,84.96,active,84.96,84.96,,90,90,90,90,
April L. Harris,10081,SYN-JHS-000062,Grade 9 Mathematics,20021,SYN-JHS-COURSE-000031,Grade 9 Mathematics,20069,,INST JHS MLA_AY 2023-2024_Annual_Official,20001,SY_2023_JHS_OFFICIAL,66.72,66.72,active,66.72,66.72,,79,79,79,79,
Charles L. Solis,10025,SYN-JHS-000035,Grade 9 Mathematics,20021,SYN-JHS-COURSE-000031,Grade 9 Mathematics,20069,,INST JHS MLA_AY 2023-2024_Annual_Official,20001,SY_2023_JHS_OFFICIAL,60.81,60.81,active,60.81,60.81,,75,75,75,75,
Ashley G. Robles,10096,SYN-JHS-000105,Grade 9 Mathematics,20021,SYN-JHS-COURSE-000031,Grade 9 Mathematics,20069,,INST JHS MLA_AY 2023-2024_Annual_Official,20001,SY_2023_JHS_OFFICIAL,80.93,80.93,active,80.93,80.93,,88,88,88,88,
Lisa E. Wells,10002,SYN-JHS-000011,Grade 9 Mathematics,20021,SYN-JHS-COURSE-000031,Grade 9 Mathematics,20069,,INST JHS MLA_AY 2023-2024_Annual_Official,20001,SY_2023_JHS_OFFICIAL,90.05,90.05,active,90.05,90.05,,93,93,93,93,
Philip R. Evans,10066,SYN-JHS-000084,Grade 9 Mathematics,20021,SYN-JHS-COURSE-000031,Grade 9 Mathematics,20069,,INST JHS MLA_AY 2023-2024_Annual_Official,20001,SY_2023_JHS_OFFICIAL,91.65,91.65,active,91.65,91.65,,94,94,94,94,
Jimmy A. Wolf,10097,SYN-JHS-000106,Grade 9 Mathematics,20021,SYN-JHS-COURSE-000031,Grade 9 Mathematics,20069,,INST JHS MLA_AY 2023-2024_Annual_Official,20001,SY_2023_JHS_OFFICIAL,74.78,74.78,active,74.78,74.78,,84,84,84,84,
William A. Ruiz,10044,SYN-JHS-000053,Grade 9 Mathematics,20021,SYN-JHS-COURSE-000031,Grade 9 Mathematics,20069,,INST JHS MLA_AY 2023-2024_Annual_Official,20001,SY_2023_JHS_OFFICIAL,85.52,85.52,active,85.52,85.52,,90,90,90,90,
Christian A. Williams,10060,SYN-JHS-000075,Grade 9 Mathematics,20021,SYN-JHS-COURSE-000031,Grade 9 Mathematics,20069,,INST JHS MLA_AY 2023-2024_Annual_Official,20001,SY_2023_JHS_OFFICIAL,80.52,80.52,active,80.52,80.52,,87,87,87,87,
Larry E. Cohen,10045,SYN-JHS-000054,Grade 9 Mathematics,20021,SYN-JHS-COURSE-000031,Grade 9 Mathematics,20069,,INST JHS MLA_AY 2023-2024_Annual_Official,20001,SY_2023_JHS_OFFICIAL,88.18,88.18,active,88.18,88.18,,92,92,92,92,
Andrew J. Becker,10051,SYN-JHS-000058,Grade 9 Mathematics,20021,SYN-JHS-COURSE-000031,Grade 9 Mathematics,20069,,INST JHS MLA_AY 2023-2024_Annual_Official,20001,SY_2023_JHS_OFFICIAL,86.92,86.92,active,86.92,86.92,,91,91,91,91,
Diana J. Smith,10086,SYN-JHS-000079,Grade 9 Mathematics,20021,SYN-JHS-COURSE-000031,Grade 9 Mathematics,20069,,INST JHS MLA_AY 2023-2024_Annual_Official,20001,SY_2023_JHS_OFFICIAL,66.14,66.14,active,66.14,66.14,,78,78,78,78,
Tracy S. Evans,10028,SYN-JHS-000038,Grade 9 Mathematics,20021,SYN-JHS-COURSE-000031,Grade 9 Mathematics,20069,,INST JHS MLA_AY 2023-2024_Annual_Official,20001,SY_2023_JHS_OFFICIAL,70.63,70.63,active,70.63,70.63,,81,81,81,81,
Carl T. Hill,10039,SYN-JHS-000047,Grade 9 Mathematics,20021,SYN-JHS-COURSE-000031,Grade 9 Mathematics,20069,,INST JHS MLA_AY 2023-2024_Annual_Official,20001,SY_2023_JHS_OFFICIAL,0.0,0.0,active,0.0,0.0,,60,60,60,60,
Derrick C. Hancock,10100,SYN-JHS-000109,Grade 9 Mathematics,20021,SYN-JHS-COURSE-000031,Grade 9 Mathematics,20069,,INST JHS MLA_AY 2023-2024_Annual_Official,20001,SY_2023_JHS_OFFICIAL,94.37,94.37,active,94.37,94.37,,96,96,96,96,
Jeremy R. Stark,10263,SYN-JHS-000002,Grade 9 Science,20022,SYN-JHS-COURSE-000032,Grade 9 Science,20092,,INST JHS MLA_AY 2023-2024_Annual_Official,20001,SY_2023_JHS_OFFICIAL,88.0,88.0,active,88.0,88.0,,92,92,92,92,
Maurice M. Anderson,10018,SYN-JHS-000023,Grade 9 Science,20022,SYN-JHS-COURSE-000032,Grade 9 Science,20092,,INST JHS MLA_AY 2023-2024_Annual_Official,20001,SY_2023_JHS_OFFICIAL,81.2,81.2,active,81.2,81.2,,88,88,88,88,
Amanda K. Myers,10005,SYN-JHS-000022,Grade 9 Science,20022,SYN-JHS-COURSE-000032,Grade 9 Science,20092,,INST JHS MLA_AY 2023-2024_Annual_Official,20001,SY_2023_JHS_OFFICIAL,86.8,86.8,active,86.8,86.8,,91,91,91,91,
Carol W. Davis,10006,SYN-JHS-000025,Grade 9 Science,20022,SYN-JHS-COURSE-000032,Grade 9 Science,20092,,INST JHS MLA_AY 2023-2024_Annual_Official,20001,SY_2023_JHS_OFFICIAL,85.6,85.6,active,85.6,85.6,,91,91,91,91,
John B. Baldwin,10054,SYN-JHS-000069,Grade 9 Science,20022,SYN-JHS-COURSE-000032,Grade 9 Science,20092,,INST JHS MLA_AY 2023-2024_Annual_Official,20001,SY_2023_JHS_OFFICIAL,78.7,78.7,active,78.7,78.7,,86,86,86,86,
Kristen J. Hensley,10264,SYN-JHS-000003,Grade 9 Science,20022,SYN-JHS-COURSE-000032,Grade 9 Science,20092,,INST JHS MLA_AY 2023-2024_Annual_Official,20001,SY_2023_JHS_OFFICIAL,90.33,90.33,active,90.33,90.33,,93,93,93,93,
Amanda M. Clayton,10004,SYN-JHS-000019,Grade 9 Science,20022,SYN-JHS-COURSE-000032,Grade 9 Science,20092,,INST JHS MLA_AY 2023-2024_Annual_Official,20001,SY_2023_JHS_OFFICIAL,94.53,94.53,active,94.53,94.53,,96,96,96,96,
Amanda M. Chan,10057,SYN-JHS-000072,Grade 9 Science,20022,SYN-JHS-COURSE-000032,Grade 9 Science,20092,,INST JHS MLA_AY 2023-2024_Annual_Official,20001,SY_2023_JHS_OFFICIAL,79.6,79.6,active,79.6,79.6,,87,87,87,87,
Daniel C. Nixon,10273,SYN-JHS-000008,Grade 9 Science,20022,SYN-JHS-COURSE-000032,Grade 9 Science,20092,,INST JHS MLA_AY 2023-2024_Annual_Official,20001,SY_2023_JHS_OFFICIAL,79.37,79.37,active,79.37,79.37,,87,87,87,87,
Kathy A. Meyer,10001,SYN-JHS-000010,Grade 9 Science,20022,SYN-JHS-COURSE-000032,Grade 9 Science,20092,,INST JHS MLA_AY 2023-2024_Annual_Official,20001,SY_2023_JHS_OFFICIAL,88.97,88.97,active,88.97,88.97,,93,93,93,93,
Garrett L. Bell,10274,SYN-JHS-000009,Grade 9 Science,20022,SYN-JHS-COURSE-000032,Grade 9 Science,20092,,INST JHS MLA_AY 2023-2024_Annual_Official,20001,SY_2023_JHS_OFFICIAL,77.43,77.43,active,77.43,77.43,,85,85,85,85,
Douglas M. Pham,10271,SYN-JHS-000005,Grade 9 Science,20022,SYN-JHS-COURSE-000032,Grade 9 Science,20092,,INST JHS MLA_AY 2023-2024_Annual_Official,20001,SY_2023_JHS_OFFICIAL,85.03,85.03,active,85.03,85.03,,90,90,90,90,
Terri V. Ortiz,10046,SYN-JHS-000055,Grade 9 Science,20022,SYN-JHS-COURSE-000032,Grade 9 Science,20092,,INST JHS MLA_AY 2023-2024_Annual_Official,20001,SY_2023_JHS_OFFICIAL,85.23,85.23,active,85.23,85.23,,90,90,90,90,
Tara L. Diaz,10056,SYN-JHS-000071,Grade 9 Science,20022,SYN-JHS-COURSE-000032,Grade 9 Science,20092,,INST JHS MLA_AY 2023-2024_Annual_Official,20001,SY_2023_JHS_OFFICIAL,78.8,78.8,active,78.8,78.8,,86,86,86,86,
Timothy S. Heath,10024,SYN-JHS-000021,Grade 9 Science,20022,SYN-JHS-COURSE-000032,Grade 9 Science,20092,,INST JHS MLA_AY 2023-2024_Annual_Official,20001,SY_2023_JHS_OFFICIAL,89.3,89.3,active,89.3,89.3,,93,93,93,93,
Andrea S. Walsh,10262,SYN-JHS-000001,Grade 9 Science,20022,SYN-JHS-COURSE-000032,Grade 9 Science,20092,,INST JHS MLA_AY 2023-2024_Annual_Official,20001,SY_2023_JHS_OFFICIAL,72.17,72.17,active,72.17,72.17,,82,82,82,82,
Randy B. Shelton,10077,SYN-JHS-000094,Grade 9 Science,20022,SYN-JHS-COURSE-000032,Grade 9 Science,20092,,INST JHS MLA_AY 2023-2024_Annual_Official,20001,SY_2023_JHS_OFFICIAL,80.5,80.5,active,80.5,80.5,,87,87,87,87,
Jennifer G. Tapia,10265,SYN-JHS-000004,Grade 9 Science,20022,SYN-JHS-COURSE-000032,Grade 9 Science,20092,,INST JHS MLA_AY 2023-2024_Annual_Official,20001,SY_2023_JHS_OFFICIAL,69.57,69.57,active,69.57,69.57,,80,80,80,80,
John T. Jones,10032,SYN-JHS-000041,Grade 9 Science,20022,SYN-JHS-COURSE-000032,Grade 9 Science,20092,,INST JHS MLA_AY 2023-2024_Annual_Official,20001,SY_2023_JHS_OFFICIAL,80.73,80.73,active,80.73,80.73,,87,87,87,87,
Rachel T. Davis,10020,SYN-JHS-000031,Grade 9 Science,20022,SYN-JHS-COURSE-000032,Grade 9 Science,20092,,INST JHS MLA_AY 2023-2024_Annual_Official,20001,SY_2023_JHS_OFFICIAL,77.1,77.1,active,77.1,77.1,,85,85,85,85,
Rebecca T. Castro,10043,SYN-JHS-000050,Grade 9 Science,20022,SYN-JHS-COURSE-000032,Grade 9 Science,20092,,INST JHS MLA_AY 2023-2024_Annual_Official,20001,SY_2023_JHS_OFFICIAL,93.07,93.07,active,93.07,93.07,,95,95,95,95,
Sandra K. Bean,10270,SYN-JHS-000007,Grade 9 Science,20022,SYN-JHS-COURSE-000032,Grade 9 Science,20092,,INST JHS MLA_AY 2023-2024_Annual_Official,20001,SY_2023_JHS_OFFICIAL,92.67,92.67,active,92.67,92.67,,95,95,95,95,
Dorothy T. Fernandez,10079,SYN-JHS-000096,Grade 9 Science,20022,SYN-JHS-COURSE-000032,Grade 9 Science,20092,,INST JHS MLA_AY 2023-2024_Annual_Official,20001,SY_2023_JHS_OFFICIAL,84.07,84.07,active,84.07,84.07,,90,90,90,90,
Alice S. Webb,10019,SYN-JHS-000028,Grade 9 Science,20022,SYN-JHS-COURSE-000032,Grade 9 Science,20092,,INST JHS MLA_AY 2023-2024_Annual_Official,20001,SY_2023_JHS_OFFICIAL,89.73,89.73,active,89.73,89.73,,93,93,93,93,
April L. Harris,10081,SYN-JHS-000062,Grade 9 Science,20022,SYN-JHS-COURSE-000032,Grade 9 Science,20092,,INST JHS MLA_AY 2023-2024_Annual_Official,20001,SY_2023_JHS_OFFICIAL,78.57,78.57,active,78.57,78.57,,86,86,86,86,
Charles L. Solis,10025,SYN-JHS-000035,Grade 9 Science,20022,SYN-JHS-COURSE-000032,Grade 9 Science,20092,,INST JHS MLA_AY 2023-2024_Annual_Official,20001,SY_2023_JHS_OFFICIAL,72.97,72.97,active,72.97,72.97,,83,83,83,83,
Ashley G. Robles,10096,SYN-JHS-000105,Grade 9 Science,20022,SYN-JHS-COURSE-000032,Grade 9 Science,20092,,INST JHS MLA_AY 2023-2024_Annual_Official,20001,SY_2023_JHS_OFFICIAL,83.87,83.87,active,83.87,83.87,,89,89,89,89,
Lisa E. Wells,10002,SYN-JHS-000011,Grade 9 Science,20022,SYN-JHS-COURSE-000032,Grade 9 Science,20092,,INST JHS MLA_AY 2023-2024_Annual_Official,20001,SY_2023_JHS_OFFICIAL,85.57,85.57,active,85.57,85.57,,90,90,90,90,
Philip R. Evans,10066,SYN-JHS-000084,Grade 9 Science,20022,SYN-JHS-COURSE-000032,Grade 9 Science,20092,,INST JHS MLA_AY 2023-2024_Annual_Official,20001,SY_2023_JHS_OFFICIAL,85.1,85.1,active,85.1,85.1,,90,90,90,90,
Jimmy A. Wolf,10097,SYN-JHS-000106,Grade 9 Science,20022,SYN-JHS-COURSE-000032,Grade 9 Science,20092,,INST JHS MLA_AY 2023-2024_Annual_Official,20001,SY_2023_JHS_OFFICIAL,78.97,78.97,active,78.97,78.97,,86,86,86,86,
William A. Ruiz,10044,SYN-JHS-000053,Grade 9 Science,20022,SYN-JHS-COURSE-000032,Grade 9 Science,20092,,INST JHS MLA_AY 2023-2024_Annual_Official,20001,SY_2023_JHS_OFFICIAL,92.0,92.0,active,92.0,92.0,,95,95,95,95,
Christian A. Williams,10060,SYN-JHS-000075,Grade 9 Science,20022,SYN-JHS-COURSE-000032,Grade 9 Science,20092,,INST JHS MLA_AY 2023-2024_Annual_Official,20001,SY_2023_JHS_OFFICIAL,88.63,88.63,active,88.63,88.63,,92,92,92,92,
Larry E. Cohen,10045,SYN-JHS-000054,Grade 9 Science,20022,SYN-JHS-COURSE-000032,Grade 9 Science,20092,,INST JHS MLA_AY 2023-2024_Annual_Official,20001,SY_2023_JHS_OFFICIAL,84.53,84.53,active,84.53,84.53,,90,90,90,90,
Andrew J. Becker,10051,SYN-JHS-000058,Grade 9 Science,20022,SYN-JHS-COURSE-000032,Grade 9 Science,20092,,INST JHS MLA_AY 2023-2024_Annual_Official,20001,SY_2023_JHS_OFFICIAL,88.4,88.4,active,88.4,88.4,,92,92,92,92,
Diana J. Smith,10086,SYN-JHS-000079,Grade 9 Science,20022,SYN-JHS-COURSE-000032,Grade 9 Science,20092,,INST JHS MLA_AY 2023-2024_Annual_Official,20001,SY_2023_JHS_OFFICIAL,83.6,83.6,active,83.6,83.6,,89,89,89,89,
James G. Hall,10034,SYN-JHS-000042,Grade 9 Science,20022,SYN-JHS-COURSE-000032,Grade 9 Science,20092,,INST JHS MLA_AY 2023-2024_Annual_Official,20001,SY_2023_JHS_OFFICIAL,85.5,85.5,active,85.5,85.5,,90,90,90,90,
Kimberly D. Williams,10042,SYN-JHS-000052,Grade 9 Science,20022,SYN-JHS-COURSE-000032,Grade 9 Science,20092,,INST JHS MLA_AY 2023-2024_Annual_Official,20001,SY_2023_JHS_OFFICIAL,82.27,82.27,active,82.27,82.27,,88,88,88,88,
Christina J. Hickman,10003,SYN-JHS-000012,Grade 9 Science,20022,SYN-JHS-COURSE-000032,Grade 9 Science,20092,,INST JHS MLA_AY 2023-2024_Annual_Official,20001,SY_2023_JHS_OFFICIAL,90.8,90.8,active,90.8,90.8,,94,94,94,94,
Nicholas L. Cobb,10272,SYN-JHS-000006,Grade 9 Science,20022,SYN-JHS-COURSE-000032,Grade 9 Science,20092,,INST JHS MLA_AY 2023-2024_Annual_Official,20001,SY_2023_JHS_OFFICIAL,87.47,87.47,active,87.47,87.47,,92,92,92,92,
Pamela S. Davenport,10094,SYN-JHS-000103,Grade 9 Science,20022,SYN-JHS-COURSE-000032,Grade 9 Science,20092,,INST JHS MLA_AY 2023-2024_Annual_Official,20001,SY_2023_JHS_OFFICIAL,87.33,87.33,active,87.33,87.33,,92,92,92,92,
Nicholas J. Mercer,10082,SYN-JHS-000063,Grade 9 Science,20022,SYN-JHS-COURSE-000032,Grade 9 Science,20092,,INST JHS MLA_AY 2023-2024_Annual_Official,20001,SY_2023_JHS_OFFICIAL,84.17,84.17,active,84.17,84.17,,90,90,90,90,
Tracy S. Evans,10028,SYN-JHS-000038,Grade 9 Science,20022,SYN-JHS-COURSE-000032,Grade 9 Science,20092,,INST JHS MLA_AY 2023-2024_Annual_Official,20001,SY_2023_JHS_OFFICIAL,87.87,87.87,active,87.87,87.87,,92,92,92,92,
Carl T. Hill,10039,SYN-JHS-000047,Grade 9 Science,20022,SYN-JHS-COURSE-000032,Grade 9 Science,20092,,INST JHS MLA_AY 2023-2024_Annual_Official,20001,SY_2023_JHS_OFFICIAL,0.0,0.0,active,0.0,0.0,,60,60,60,60,
Derrick C. Hancock,10100,SYN-JHS-000109,Grade 9 Science,20022,SYN-JHS-COURSE-000032,Grade 9 Science,20092,,INST JHS MLA_AY 2023-2024_Annual_Official,20001,SY_2023_JHS_OFFICIAL,91.47,91.47,active,91.47,91.47,,94,94,94,94,
Jennifer G. Tapia,10265,SYN-JHS-000004,Grade 9 Technology and Livelihood Education,20023,SYN-JHS-COURSE-000033,Grade 9 Technology and Livelihood Education,20097,,INST JHS MLA_AY 2023-2024_Annual_Official,20001,SY_2023_JHS_OFFICIAL,71.93,71.93,active,71.93,71.93,,82,82,82,82,
John T. Jones,10032,SYN-JHS-000041,Grade 9 Technology and Livelihood Education,20023,SYN-JHS-COURSE-000033,Grade 9 Technology and Livelihood Education,20097,,INST JHS MLA_AY 2023-2024_Annual_Official,20001,SY_2023_JHS_OFFICIAL,80.4,80.4,active,80.4,80.4,,87,87,87,87,
Rachel T. Davis,10020,SYN-JHS-000031,Grade 9 Technology and Livelihood Education,20023,SYN-JHS-COURSE-000033,Grade 9 Technology and Livelihood Education,20097,,INST JHS MLA_AY 2023-2024_Annual_Official,20001,SY_2023_JHS_OFFICIAL,83.47,83.47,active,83.47,83.47,,89,89,89,89,
Sandra K. Bean,10270,SYN-JHS-000007,Grade 9 Technology and Livelihood Education,20023,SYN-JHS-COURSE-000033,Grade 9 Technology and Livelihood Education,20097,,INST JHS MLA_AY 2023-2024_Annual_Official,20001,SY_2023_JHS_OFFICIAL,94.13,94.13,active,94.13,94.13,,96,96,96,96,
Alice S. Webb,10019,SYN-JHS-000028,Grade 9 Technology and Livelihood Education,20023,SYN-JHS-COURSE-000033,Grade 9 Technology and Livelihood Education,20097,,INST JHS MLA_AY 2023-2024_Annual_Official,20001,SY_2023_JHS_OFFICIAL,87.73,87.73,active,87.73,87.73,,92,92,92,92,
Charles L. Solis,10025,SYN-JHS-000035,Grade 9 Technology and Livelihood Education,20023,SYN-JHS-COURSE-000033,Grade 9 Technology and Livelihood Education,20097,,INST JHS MLA_AY 2023-2024_Annual_Official,20001,SY_2023_JHS_OFFICIAL,74.0,74.0,active,74.0,74.0,,83,83,83,83,
Lisa E. Wells,10002,SYN-JHS-000011,Grade 9 Technology and Livelihood Education,20023,SYN-JHS-COURSE-000033,Grade 9 Technology and Livelihood Education,20097,,INST JHS MLA_AY 2023-2024_Annual_Official,20001,SY_2023_JHS_OFFICIAL,93.73,93.73,active,93.73,93.73,,96,96,96,96,
Christina J. Hickman,10003,SYN-JHS-000012,Grade 9 Technology and Livelihood Education,20023,SYN-JHS-COURSE-000033,Grade 9 Technology and Livelihood Education,20097,,INST JHS MLA_AY 2023-2024_Annual_Official,20001,SY_2023_JHS_OFFICIAL,93.73,93.73,active,93.73,93.73,,96,96,96,96,
Nicholas L. Cobb,10272,SYN-JHS-000006,Grade 9 Technology and Livelihood Education,20023,SYN-JHS-COURSE-000033,Grade 9 Technology and Livelihood Education,20097,,INST JHS MLA_AY 2023-2024_Annual_Official,20001,SY_2023_JHS_OFFICIAL,92.93,92.93,active,92.93,92.93,,95,95,95,95,
Jeremy R. Stark,10263,SYN-JHS-000002,Grade 9 Technology and Livelihood Education,20023,SYN-JHS-COURSE-000033,Grade 9 Technology and Livelihood Education,20097,,INST JHS MLA_AY 2023-2024_Annual_Official,20001,SY_2023_JHS_OFFICIAL,85.0,85.0,active,85.0,85.0,,90,90,90,90,
Maurice M. Anderson,10018,SYN-JHS-000023,Grade 9 Technology and Livelihood Education,20023,SYN-JHS-COURSE-000033,Grade 9 Technology and Livelihood Education,20097,,INST JHS MLA_AY 2023-2024_Annual_Official,20001,SY_2023_JHS_OFFICIAL,89.93,89.93,active,89.93,89.93,,93,93,93,93,
Amanda K. Myers,10005,SYN-JHS-000022,Grade 9 Technology and Livelihood Education,20023,SYN-JHS-COURSE-000033,Grade 9 Technology and Livelihood Education,20097,,INST JHS MLA_AY 2023-2024_Annual_Official,20001,SY_2023_JHS_OFFICIAL,86.4,86.4,active,86.4,86.4,,91,91,91,91,
Carol W. Davis,10006,SYN-JHS-000025,Grade 9 Technology and Livelihood Education,20023,SYN-JHS-COURSE-000033,Grade 9 Technology and Livelihood Education,20097,,INST JHS MLA_AY 2023-2024_Annual_Official,20001,SY_2023_JHS_OFFICIAL,83.67,83.67,active,83.67,83.67,,89,89,89,89,
Kristen J. Hensley,10264,SYN-JHS-000003,Grade 9 Technology and Livelihood Education,20023,SYN-JHS-COURSE-000033,Grade 9 Technology and Livelihood Education,20097,,INST JHS MLA_AY 2023-2024_Annual_Official,20001,SY_2023_JHS_OFFICIAL,93.47,93.47,active,93.47,93.47,,95,95,95,95,
Amanda M. Clayton,10004,SYN-JHS-000019,Grade 9 Technology and Livelihood Education,20023,SYN-JHS-COURSE-000033,Grade 9 Technology and Livelihood Education,20097,,INST JHS MLA_AY 2023-2024_Annual_Official,20001,SY_2023_JHS_OFFICIAL,94.53,94.53,active,94.53,94.53,,96,96,96,96,
Daniel C. Nixon,10273,SYN-JHS-000008,Grade 9 Technology and Livelihood Education,20023,SYN-JHS-COURSE-000033,Grade 9 Technology and Livelihood Education,20097,,INST JHS MLA_AY 2023-2024_Annual_Official,20001,SY_2023_JHS_OFFICIAL,89.4,89.4,active,89.4,89.4,,93,93,93,93,
Kathy A. Meyer,10001,SYN-JHS-000010,Grade 9 Technology and Livelihood Education,20023,SYN-JHS-COURSE-000033,Grade 9 Technology and Livelihood Education,20097,,INST JHS MLA_AY 2023-2024_Annual_Official,20001,SY_2023_JHS_OFFICIAL,87.2,87.2,active,87.2,87.2,,92,92,92,92,
Garrett L. Bell,10274,SYN-JHS-000009,Grade 9 Technology and Livelihood Education,20023,SYN-JHS-COURSE-000033,Grade 9 Technology and Livelihood Education,20097,,INST JHS MLA_AY 2023-2024_Annual_Official,20001,SY_2023_JHS_OFFICIAL,63.53,63.53,active,63.53,63.53,,77,77,77,77,
Douglas M. Pham,10271,SYN-JHS-000005,Grade 9 Technology and Livelihood Education,20023,SYN-JHS-COURSE-000033,Grade 9 Technology and Livelihood Education,20097,,INST JHS MLA_AY 2023-2024_Annual_Official,20001,SY_2023_JHS_OFFICIAL,73.27,73.27,active,73.27,73.27,,83,83,83,83,
Timothy S. Heath,10024,SYN-JHS-000021,Grade 9 Technology and Livelihood Education,20023,SYN-JHS-COURSE-000033,Grade 9 Technology and Livelihood Education,20097,,INST JHS MLA_AY 2023-2024_Annual_Official,20001,SY_2023_JHS_OFFICIAL,91.93,91.93,active,91.93,91.93,,94,94,94,94,
Andrea S. Walsh,10262,SYN-JHS-000001,Grade 9 Technology and Livelihood Education,20023,SYN-JHS-COURSE-000033,Grade 9 Technology and Livelihood Education,20097,,INST JHS MLA_AY 2023-2024_Annual_Official,20001,SY_2023_JHS_OFFICIAL,76.4,76.4,active,76.4,76.4,,85,85,85,85,
Tracy S. Evans,10028,SYN-JHS-000038,Grade 9 Technology and Livelihood Education,20023,SYN-JHS-COURSE-000033,Grade 9 Technology and Livelihood Education,20097,,INST JHS MLA_AY 2023-2024_Annual_Official,20001,SY_2023_JHS_OFFICIAL,79.6,79.6,active,79.6,79.6,,87,87,87,87,
Andrew J. Becker,10051,SYN-JHS-000058,"Grade 9 Music, Arts, PE and Health",20024,SYN-JHS-COURSE-000030,"Grade 9 Music, Arts, PE and Health",20094,,INST JHS MLA_AY 2023-2024_Annual_Official,20001,SY_2023_JHS_OFFICIAL,85.2,85.2,active,85.2,85.2,,90,90,90,90,
Diana J. Smith,10086,SYN-JHS-000079,"Grade 9 Music, Arts, PE and Health",20024,SYN-JHS-COURSE-000030,"Grade 9 Music, Arts, PE and Health",20094,,INST JHS MLA_AY 2023-2024_Annual_Official,20001,SY_2023_JHS_OFFICIAL,81.67,81.67,active,81.67,81.67,,88,88,88,88,
James G. Hall,10034,SYN-JHS-000042,"Grade 9 Music, Arts, PE and Health",20024,SYN-JHS-COURSE-000030,"Grade 9 Music, Arts, PE and Health",20094,,INST JHS MLA_AY 2023-2024_Annual_Official,20001,SY_2023_JHS_OFFICIAL,90.97,90.97,active,90.97,90.97,,94,94,94,94,
Kimberly D. Williams,10042,SYN-JHS-000052,"Grade 9 Music, Arts, PE and Health",20024,SYN-JHS-COURSE-000030,"Grade 9 Music, Arts, PE and Health",20094,,INST JHS MLA_AY 2023-2024_Annual_Official,20001,SY_2023_JHS_OFFICIAL,83.5,83.5,active,83.5,83.5,,89,89,89,89,
Christina J. Hickman,10003,SYN-JHS-000012,"Grade 9 Music, Arts, PE and Health",20024,SYN-JHS-COURSE-000030,"Grade 9 Music, Arts, PE and Health",20094,,INST JHS MLA_AY 2023-2024_Annual_Official,20001,SY_2023_JHS_OFFICIAL,93.2,93.2,active,93.2,93.2,,95,95,95,95,
Nicholas L. Cobb,10272,SYN-JHS-000006,"Grade 9 Music, Arts, PE and Health",20024,SYN-JHS-COURSE-000030,"Grade 9 Music, Arts, PE and Health",20094,,INST JHS MLA_AY 2023-2024_Annual_Official,20001,SY_2023_JHS_OFFICIAL,88.0,88.0,active,88.0,88.0,,92,92,92,92,
Pamela S. Davenport,10094,SYN-JHS-000103,"Grade 9 Music, Arts, PE and Health",20024,SYN-JHS-COURSE-000030,"Grade 9 Music, Arts, PE and Health",20094,,INST JHS MLA_AY 2023-2024_Annual_Official,20001,SY_2023_JHS_OFFICIAL,90.43,90.43,active,90.43,90.43,,94,94,94,94,
Nicholas J. Mercer,10082,SYN-JHS-000063,"Grade 9 Music, Arts, PE and Health",20024,SYN-JHS-COURSE-000030,"Grade 9 Music, Arts, PE and Health",20094,,INST JHS MLA_AY 2023-2024_Annual_Official,20001,SY_2023_JHS_OFFICIAL,80.53,80.53,active,80.53,80.53,,87,87,87,87,
Jeremy R. Stark,10263,SYN-JHS-000002,"Grade 9 Music, Arts, PE and Health",20024,SYN-JHS-COURSE-000030,"Grade 9 Music, Arts, PE and Health",20094,,INST JHS MLA_AY 2023-2024_Annual_Official,20001,SY_2023_JHS_OFFICIAL,90.0,90.0,active,90.0,90.0,,93,93,93,93,
Maurice M. Anderson,10018,SYN-JHS-000023,"Grade 9 Music, Arts, PE and Health",20024,SYN-JHS-COURSE-000030,"Grade 9 Music, Arts, PE and Health",20094,,INST JHS MLA_AY 2023-2024_Annual_Official,20001,SY_2023_JHS_OFFICIAL,86.9,86.9,active,86.9,86.9,,91,91,91,91,
Amanda K. Myers,10005,SYN-JHS-000022,"Grade 9 Music, Arts, PE and Health",20024,SYN-JHS-COURSE-000030,"Grade 9 Music, Arts, PE and Health",20094,,INST JHS MLA_AY 2023-2024_Annual_Official,20001,SY_2023_JHS_OFFICIAL,83.97,83.97,active,83.97,83.97,,89,89,89,89,
Carol W. Davis,10006,SYN-JHS-000025,"Grade 9 Music, Arts, PE and Health",20024,SYN-JHS-COURSE-000030,"Grade 9 Music, Arts, PE and Health",20094,,INST JHS MLA_AY 2023-2024_Annual_Official,20001,SY_2023_JHS_OFFICIAL,91.33,91.33,active,91.33,91.33,,94,94,94,94,
John B. Baldwin,10054,SYN-JHS-000069,"Grade 9 Music, Arts, PE and Health",20024,SYN-JHS-COURSE-000030,"Grade 9 Music, Arts, PE and Health",20094,,INST JHS MLA_AY 2023-2024_Annual_Official,20001,SY_2023_JHS_OFFICIAL,85.3,85.3,active,85.3,85.3,,90,90,90,90,
Kristen J. Hensley,10264,SYN-JHS-000003,"Grade 9 Music, Arts, PE and Health",20024,SYN-JHS-COURSE-000030,"Grade 9 Music, Arts, PE and Health",20094,,INST JHS MLA_AY 2023-2024_Annual_Official,20001,SY_2023_JHS_OFFICIAL,90.7,90.7,active,90.7,90.7,,94,94,94,94,
Amanda M. Clayton,10004,SYN-JHS-000019,"Grade 9 Music, Arts, PE and Health",20024,SYN-JHS-COURSE-000030,"Grade 9 Music, Arts, PE and Health",20094,,INST JHS MLA_AY 2023-2024_Annual_Official,20001,SY_2023_JHS_OFFICIAL,86.83,86.83,active,86.83,86.83,,91,91,91,91,
Amanda M. Chan,10057,SYN-JHS-000072,"Grade 9 Music, Arts, PE and Health",20024,SYN-JHS-COURSE-000030,"Grade 9 Music, Arts, PE and Health",20094,,INST JHS MLA_AY 2023-2024_Annual_Official,20001,SY_2023_JHS_OFFICIAL,86.67,86.67,active,86.67,86.67,,91,91,91,91,
Daniel C. Nixon,10273,SYN-JHS-000008,"Grade 9 Music, Arts, PE and Health",20024,SYN-JHS-COURSE-000030,"Grade 9 Music, Arts, PE and Health",20094,,INST JHS MLA_AY 2023-2024_Annual_Official,20001,SY_2023_JHS_OFFICIAL,90.97,90.97,active,90.97,90.97,,94,94,94,94,
Kathy A. Meyer,10001,SYN-JHS-000010,"Grade 9 Music, Arts, PE and Health",20024,SYN-JHS-COURSE-000030,"Grade 9 Music, Arts, PE and Health",20094,,INST JHS MLA_AY 2023-2024_Annual_Official,20001,SY_2023_JHS_OFFICIAL,85.83,85.83,active,85.83,85.83,,91,91,91,91,
Garrett L. Bell,10274,SYN-JHS-000009,"Grade 9 Music, Arts, PE and Health",20024,SYN-JHS-COURSE-000030,"Grade 9 Music, Arts, PE and Health",20094,,INST JHS MLA_AY 2023-2024_Annual_Official,20001,SY_2023_JHS_OFFICIAL,79.63,79.63,active,79.63,79.63,,87,87,87,87,
Douglas M. Pham,10271,SYN-JHS-000005,"Grade 9 Music, Arts, PE and Health",20024,SYN-JHS-COURSE-000030,"Grade 9 Music, Arts, PE and Health",20094,,INST JHS MLA_AY 2023-2024_Annual_Official,20001,SY_2023_JHS_OFFICIAL,82.2,82.2,active,82.2,82.2,,88,88,88,88,
Terri V. Ortiz,10046,SYN-JHS-000055,"Grade 9 Music, Arts, PE and Health",20024,SYN-JHS-COURSE-000030,"Grade 9 Music, Arts, PE and Health",20094,,INST JHS MLA_AY 2023-2024_Annual_Official,20001,SY_2023_JHS_OFFICIAL,89.53,89.53,active,89.53,89.53,,93,93,93,93,
Tara L. Diaz,10056,SYN-JHS-000071,"Grade 9 Music, Arts, PE and Health",20024,SYN-JHS-COURSE-000030,"Grade 9 Music, Arts, PE and Health",20094,,INST JHS MLA_AY 2023-2024_Annual_Official,20001,SY_2023_JHS_OFFICIAL,78.77,78.77,active,78.77,78.77,,86,86,86,86,
Timothy S. Heath,10024,SYN-JHS-000021,"Grade 9 Music, Arts, PE and Health",20024,SYN-JHS-COURSE-000030,"Grade 9 Music, Arts, PE and Health",20094,,INST JHS MLA_AY 2023-2024_Annual_Official,20001,SY_2023_JHS_OFFICIAL,87.0,87.0,active,87.0,87.0,,91,91,91,91,
Andrea S. Walsh,10262,SYN-JHS-000001,"Grade 9 Music, Arts, PE and Health",20024,SYN-JHS-COURSE-000030,"Grade 9 Music, Arts, PE and Health",20094,,INST JHS MLA_AY 2023-2024_Annual_Official,20001,SY_2023_JHS_OFFICIAL,79.7,79.7,active,79.7,79.7,,87,87,87,87,
Randy B. Shelton,10077,SYN-JHS-000094,"Grade 9 Music, Arts, PE and Health",20024,SYN-JHS-COURSE-000030,"Grade 9 Music, Arts, PE and Health",20094,,INST JHS MLA_AY 2023-2024_Annual_Official,20001,SY_2023_JHS_OFFICIAL,78.13,78.13,active,78.13,78.13,,86,86,86,86,
Jennifer G. Tapia,10265,SYN-JHS-000004,"Grade 9 Music, Arts, PE and Health",20024,SYN-JHS-COURSE-000030,"Grade 9 Music, Arts, PE and Health",20094,,INST JHS MLA_AY 2023-2024_Annual_Official,20001,SY_2023_JHS_OFFICIAL,82.2,82.2,active,82.2,82.2,,88,88,88,88,
John T. Jones,10032,SYN-JHS-000041,"Grade 9 Music, Arts, PE and Health",20024,SYN-JHS-COURSE-000030,"Grade 9 Music, Arts, PE and Health",20094,,INST JHS MLA_AY 2023-2024_Annual_Official,20001,SY_2023_JHS_OFFICIAL,86.73,86.73,active,86.73,86.73,,91,91,91,91,
Rachel T. Davis,10020,SYN-JHS-000031,"Grade 9 Music, Arts, PE and Health",20024,SYN-JHS-COURSE-000030,"Grade 9 Music, Arts, PE and Health",20094,,INST JHS MLA_AY 2023-2024_Annual_Official,20001,SY_2023_JHS_OFFICIAL,80.73,80.73,active,80.73,80.73,,87,87,87,87,
Rebecca T. Castro,10043,SYN-JHS-000050,"Grade 9 Music, Arts, PE and Health",20024,SYN-JHS-COURSE-000030,"Grade 9 Music, Arts, PE and Health",20094,,INST JHS MLA_AY 2023-2024_Annual_Official,20001,SY_2023_JHS_OFFICIAL,90.77,90.77,active,90.77,90.77,,94,94,94,94,
Sandra K. Bean,10270,SYN-JHS-000007,"Grade 9 Music, Arts, PE and Health",20024,SYN-JHS-COURSE-000030,"Grade 9 Music, Arts, PE and Health",20094,,INST JHS MLA_AY 2023-2024_Annual_Official,20001,SY_2023_JHS_OFFICIAL,90.03,90.03,active,90.03,90.03,,93,93,93,93,
Dorothy T. Fernandez,10079,SYN-JHS-000096,"Grade 9 Music, Arts, PE and Health",20024,SYN-JHS-COURSE-000030,"Grade 9 Music, Arts, PE and Health",20094,,INST JHS MLA_AY 2023-2024_Annual_Official,20001,SY_2023_JHS_OFFICIAL,91.27,91.27,active,91.27,91.27,,94,94,94,94,
Alice S. Webb,10019,SYN-JHS-000028,"Grade 9 Music, Arts, PE and Health",20024,SYN-JHS-COURSE-000030,"Grade 9 Music, Arts, PE and Health",20094,,INST JHS MLA_AY 2023-2024_Annual_Official,20001,SY_2023_JHS_OFFICIAL,90.53,90.53,active,90.53,90.53,,94,94,94,94,
April L. Harris,10081,SYN-JHS-000062,"Grade 9 Music, Arts, PE and Health",20024,SYN-JHS-COURSE-000030,"Grade 9 Music, Arts, PE and Health",20094,,INST JHS MLA_AY 2023-2024_Annual_Official,20001,SY_2023_JHS_OFFICIAL,77.63,77.63,active,77.63,77.63,,86,86,86,86,
Charles L. Solis,10025,SYN-JHS-000035,"Grade 9 Music, Arts, PE and Health",20024,SYN-JHS-COURSE-000030,"Grade 9 Music, Arts, PE and Health",20094,,INST JHS MLA_AY 2023-2024_Annual_Official,20001,SY_2023_JHS_OFFICIAL,75.2,75.2,active,75.2,75.2,,84,84,84,84,
Ashley G. Robles,10096,SYN-JHS-000105,"Grade 9 Music, Arts, PE and Health",20024,SYN-JHS-COURSE-000030,"Grade 9 Music, Arts, PE and Health",20094,,INST JHS MLA_AY 2023-2024_Annual_Official,20001,SY_2023_JHS_OFFICIAL,80.23,80.23,active,80.23,80.23,,87,87,87,87,
Lisa E. Wells,10002,SYN-JHS-000011,"Grade 9 Music, Arts, PE and Health",20024,SYN-JHS-COURSE-000030,"Grade 9 Music, Arts, PE and Health",20094,,INST JHS MLA_AY 2023-2024_Annual_Official,20001,SY_2023_JHS_OFFICIAL,89.37,89.37,active,89.37,89.37,,93,93,93,93,
Philip R. Evans,10066,SYN-JHS-000084,"Grade 9 Music, Arts, PE and Health",20024,SYN-JHS-COURSE-000030,"Grade 9 Music, Arts, PE and Health",20094,,INST JHS MLA_AY 2023-2024_Annual_Official,20001,SY_2023_JHS_OFFICIAL,85.03,85.03,active,85.03,85.03,,90,90,90,90,
Jimmy A. Wolf,10097,SYN-JHS-000106,"Grade 9 Music, Arts, PE and Health",20024,SYN-JHS-COURSE-000030,"Grade 9 Music, Arts, PE and Health",20094,,INST JHS MLA_AY 2023-2024_Annual_Official,20001,SY_2023_JHS_OFFICIAL,83.77,83.77,active,83.77,83.77,,89,89,89,89,
William A. Ruiz,10044,SYN-JHS-000053,"Grade 9 Music, Arts, PE and Health",20024,SYN-JHS-COURSE-000030,"Grade 9 Music, Arts, PE and Health",20094,,INST JHS MLA_AY 2023-2024_Annual_Official,20001,SY_2023_JHS_OFFICIAL,91.7,91.7,active,91.7,91.7,,94,94,94,94,
Christian A. Williams,10060,SYN-JHS-000075,"Grade 9 Music, Arts, PE and Health",20024,SYN-JHS-COURSE-000030,"Grade 9 Music, Arts, PE and Health",20094,,INST JHS MLA_AY 2023-2024_Annual_Official,20001,SY_2023_JHS_OFFICIAL,85.1,85.1,active,85.1,85.1,,90,90,90,90,
Larry E. Cohen,10045,SYN-JHS-000054,"Grade 9 Music, Arts, PE and Health",20024,SYN-JHS-COURSE-000030,"Grade 9 Music, Arts, PE and Health",20094,,INST JHS MLA_AY 2023-2024_Annual_Official,20001,SY_2023_JHS_OFFICIAL,82.8,82.8,active,82.8,82.8,,89,89,89,89,
Carl T. Hill,10039,SYN-JHS-000047,"Grade 9 Music, Arts, PE and Health",20024,SYN-JHS-COURSE-000030,"Grade 9 Music, Arts, PE and Health",20094,,INST JHS MLA_AY 2023-2024_Annual_Official,20001,SY_2023_JHS_OFFICIAL,0.0,0.0,active,0.0,0.0,,60,60,60,60,
Tracy S. Evans,10028,SYN-JHS-000038,"Grade 9 Music, Arts, PE and Health",20024,SYN-JHS-COURSE-000030,"Grade 9 Music, Arts, PE and Health",20094,,INST JHS MLA_AY 2023-2024_Annual_Official,20001,SY_2023_JHS_OFFICIAL,86.9,86.9,active,86.9,86.9,,91,91,91,91,
Derrick C. Hancock,10100,SYN-JHS-000109,"Grade 9 Music, Arts, PE and Health",20024,SYN-JHS-COURSE-000030,"Grade 9 Music, Arts, PE and Health",20094,,INST JHS MLA_AY 2023-2024_Annual_Official,20001,SY_2023_JHS_OFFICIAL,86.03,86.03,active,86.03,86.03,,91,91,91,91,
Miranda R. Adams,10061,SYN-JHS-000076,Grade 10 Araling Panlipunan,20025,SYN-JHS-COURSE-000001,Grade 10 Araling Panlipunan,20098,,INST JHS MLA_AY 2023-2024_Annual_Official,20001,SY_2023_JHS_OFFICIAL,76.37,76.37,active,76.37,76.37,,85,85,85,85,
Nancy J. Flores,10035,SYN-JHS-000044,Grade 10 Araling Panlipunan,20025,SYN-JHS-COURSE-000001,Grade 10 Araling Panlipunan,20098,,INST JHS MLA_AY 2023-2024_Annual_Official,20001,SY_2023_JHS_OFFICIAL,72.47,72.47,active,72.47,72.47,,82,82,82,82,
Kimberly R. Kelly,10068,SYN-JHS-000087,Grade 10 Araling Panlipunan,20025,SYN-JHS-COURSE-000001,Grade 10 Araling Panlipunan,20098,,INST JHS MLA_AY 2023-2024_Annual_Official,20001,SY_2023_JHS_OFFICIAL,84.57,84.57,active,84.57,84.57,,90,90,90,90,
Erin J. West,10037,SYN-JHS-000046,Grade 10 Araling Panlipunan,20025,SYN-JHS-COURSE-000001,Grade 10 Araling Panlipunan,20098,,INST JHS MLA_AY 2023-2024_Annual_Official,20001,SY_2023_JHS_OFFICIAL,24.67,24.67,active,24.67,24.67,,66,66,66,66,
Marcia J. Hall,10074,SYN-JHS-000090,Grade 10 Araling Panlipunan,20025,SYN-JHS-COURSE-000001,Grade 10 Araling Panlipunan,20098,,INST JHS MLA_AY 2023-2024_Annual_Official,20001,SY_2023_JHS_OFFICIAL,73.3,73.3,active,73.3,73.3,,83,83,83,83,
Brian K. Nichols,10048,SYN-JHS-000057,Grade 10 Araling Panlipunan,20025,SYN-JHS-COURSE-000001,Grade 10 Araling Panlipunan,20098,,INST JHS MLA_AY 2023-2024_Annual_Official,20001,SY_2023_JHS_OFFICIAL,81.55,81.55,active,81.55,81.55,,88,88,88,88,
Kelly S. Daniels,10059,SYN-JHS-000074,Grade 10 Araling Panlipunan,20025,SYN-JHS-COURSE-000001,Grade 10 Araling Panlipunan,20098,,INST JHS MLA_AY 2023-2024_Annual_Official,20001,SY_2023_JHS_OFFICIAL,81.28,81.28,active,81.28,81.28,,88,88,88,88,
Jacob T. Smith,10089,SYN-JHS-000091,Grade 10 Araling Panlipunan,20025,SYN-JHS-COURSE-000001,Grade 10 Araling Panlipunan,20098,,INST JHS MLA_AY 2023-2024_Annual_Official,20001,SY_2023_JHS_OFFICIAL,83.1,83.1,active,83.1,83.1,,89,89,89,89,
William R. Snyder,10069,SYN-JHS-000065,Grade 10 Araling Panlipunan,20025,SYN-JHS-COURSE-000001,Grade 10 Araling Panlipunan,20098,,INST JHS MLA_AY 2023-2024_Annual_Official,20001,SY_2023_JHS_OFFICIAL,63.05,63.05,active,63.05,63.05,,76,76,76,76,
Haley A. Robinson,10036,SYN-JHS-000045,Grade 10 Araling Panlipunan,20025,SYN-JHS-COURSE-000001,Grade 10 Araling Panlipunan,20098,,INST JHS MLA_AY 2023-2024_Annual_Official,20001,SY_2023_JHS_OFFICIAL,82.58,82.58,active,82.58,82.58,,89,89,89,89,
Dawn L. Simmons,10075,SYN-JHS-000092,Grade 10 Araling Panlipunan,20025,SYN-JHS-COURSE-000001,Grade 10 Araling Panlipunan,20098,,INST JHS MLA_AY 2023-2024_Annual_Official,20001,SY_2023_JHS_OFFICIAL,78.2,78.2,active,78.2,78.2,,86,86,86,86,
Michelle T. Rogers,10092,SYN-JHS-000101,Grade 10 Araling Panlipunan,20025,SYN-JHS-COURSE-000001,Grade 10 Araling Panlipunan,20098,,INST JHS MLA_AY 2023-2024_Annual_Official,20001,SY_2023_JHS_OFFICIAL,67.78,67.78,active,67.78,67.78,,79,79,79,79,
Eric T. Taylor,10099,SYN-JHS-000108,Grade 10 Araling Panlipunan,20025,SYN-JHS-COURSE-000001,Grade 10 Araling Panlipunan,20098,,INST JHS MLA_AY 2023-2024_Annual_Official,20001,SY_2023_JHS_OFFICIAL,89.37,89.37,active,89.37,89.37,,93,93,93,93,
Joseph M. Alvarado,10070,SYN-JHS-000066,Grade 10 Araling Panlipunan,20025,SYN-JHS-COURSE-000001,Grade 10 Araling Panlipunan,20098,,INST JHS MLA_AY 2023-2024_Annual_Official,20001,SY_2023_JHS_OFFICIAL,86.1,86.1,active,86.1,86.1,,91,91,91,91,
Jane S. Oliver,10098,SYN-JHS-000107,Grade 10 Araling Panlipunan,20025,SYN-JHS-COURSE-000001,Grade 10 Araling Panlipunan,20098,,INST JHS MLA_AY 2023-2024_Annual_Official,20001,SY_2023_JHS_OFFICIAL,64.0,64.0,active,64.0,64.0,,77,77,77,77,
Cody D. Williams,10102,SYN-JHS-000111,Grade 10 Araling Panlipunan,20025,SYN-JHS-COURSE-000001,Grade 10 Araling Panlipunan,20098,,INST JHS MLA_AY 2023-2024_Annual_Official,20001,SY_2023_JHS_OFFICIAL,72.4,72.4,active,72.4,72.4,,82,82,82,82,
Miranda R. Adams,10061,SYN-JHS-000076,Grade 10 English,20026,SYN-JHS-COURSE-000002,Grade 10 English,20073,,INST JHS MLA_AY 2023-2024_Annual_Official,20001,SY_2023_JHS_OFFICIAL,91.68,91.68,active,91.68,91.68,,94,94,94,94,
Nancy J. Flores,10035,SYN-JHS-000044,Grade 10 English,20026,SYN-JHS-COURSE-000002,Grade 10 English,20073,,INST JHS MLA_AY 2023-2024_Annual_Official,20001,SY_2023_JHS_OFFICIAL,83.47,83.47,active,83.47,83.47,,89,89,89,89,
Kimberly R. Kelly,10068,SYN-JHS-000087,Grade 10 English,20026,SYN-JHS-COURSE-000002,Grade 10 English,20073,,INST JHS MLA_AY 2023-2024_Annual_Official,20001,SY_2023_JHS_OFFICIAL,96.99,96.99,active,96.99,96.99,,98,98,98,98,
Erin J. West,10037,SYN-JHS-000046,Grade 10 English,20026,SYN-JHS-COURSE-000002,Grade 10 English,20073,,INST JHS MLA_AY 2023-2024_Annual_Official,20001,SY_2023_JHS_OFFICIAL,36.43,36.43,active,36.43,36.43,,69,69,69,69,
Marcia J. Hall,10074,SYN-JHS-000090,Grade 10 English,20026,SYN-JHS-COURSE-000002,Grade 10 English,20073,,INST JHS MLA_AY 2023-2024_Annual_Official,20001,SY_2023_JHS_OFFICIAL,71.7,71.7,active,71.7,71.7,,82,82,82,82,
Brian K. Nichols,10048,SYN-JHS-000057,Grade 10 English,20026,SYN-JHS-COURSE-000002,Grade 10 English,20073,,INST JHS MLA_AY 2023-2024_Annual_Official,20001,SY_2023_JHS_OFFICIAL,88.91,88.91,active,88.91,88.91,,93,93,93,93,
Kelly S. Daniels,10059,SYN-JHS-000074,Grade 10 English,20026,SYN-JHS-COURSE-000002,Grade 10 English,20073,,INST JHS MLA_AY 2023-2024_Annual_Official,20001,SY_2023_JHS_OFFICIAL,87.67,87.67,active,87.67,87.67,,92,92,92,92,
Jacob T. Smith,10089,SYN-JHS-000091,Grade 10 English,20026,SYN-JHS-COURSE-000002,Grade 10 English,20073,,INST JHS MLA_AY 2023-2024_Annual_Official,20001,SY_2023_JHS_OFFICIAL,89.3,89.3,active,89.3,89.3,,93,93,93,93,
William R. Snyder,10069,SYN-JHS-000065,Grade 10 English,20026,SYN-JHS-COURSE-000002,Grade 10 English,20073,,INST JHS MLA_AY 2023-2024_Annual_Official,20001,SY_2023_JHS_OFFICIAL,77.21,77.21,active,77.21,77.21,,85,85,85,85,
Haley A. Robinson,10036,SYN-JHS-000045,Grade 10 English,20026,SYN-JHS-COURSE-000002,Grade 10 English,20073,,INST JHS MLA_AY 2023-2024_Annual_Official,20001,SY_2023_JHS_OFFICIAL,96.34,96.34,active,96.34,96.34,,97,97,97,97,
Dawn L. Simmons,10075,SYN-JHS-000092,Grade 10 English,20026,SYN-JHS-COURSE-000002,Grade 10 English,20073,,INST JHS MLA_AY 2023-2024_Annual_Official,20001,SY_2023_JHS_OFFICIAL,74.4,74.4,active,74.4,74.4,,84,84,84,84,
Michelle T. Rogers,10092,SYN-JHS-000101,Grade 10 English,20026,SYN-JHS-COURSE-000002,Grade 10 English,20073,,INST JHS MLA_AY 2023-2024_Annual_Official,20001,SY_2023_JHS_OFFICIAL,86.15,86.15,active,86.15,86.15,,91,91,91,91,
Eric T. Taylor,10099,SYN-JHS-000108,Grade 10 English,20026,SYN-JHS-COURSE-000002,Grade 10 English,20073,,INST JHS MLA_AY 2023-2024_Annual_Official,20001,SY_2023_JHS_OFFICIAL,92.22,92.22,active,92.22,92.22,,95,95,95,95,
Joseph M. Alvarado,10070,SYN-JHS-000066,Grade 10 English,20026,SYN-JHS-COURSE-000002,Grade 10 English,20073,,INST JHS MLA_AY 2023-2024_Annual_Official,20001,SY_2023_JHS_OFFICIAL,94.52,94.52,active,94.52,94.52,,96,96,96,96,
Jane S. Oliver,10098,SYN-JHS-000107,Grade 10 English,20026,SYN-JHS-COURSE-000002,Grade 10 English,20073,,INST JHS MLA_AY 2023-2024_Annual_Official,20001,SY_2023_JHS_OFFICIAL,63.58,63.58,active,63.58,63.58,,77,77,77,77,
Cody D. Williams,10102,SYN-JHS-000111,Grade 10 English,20026,SYN-JHS-COURSE-000002,Grade 10 English,20073,,INST JHS MLA_AY 2023-2024_Annual_Official,20001,SY_2023_JHS_OFFICIAL,88.17,88.17,active,88.17,88.17,,92,92,92,92,
Miranda R. Adams,10061,SYN-JHS-000076,Grade 10 Edukasyon sa Pagpapakatao,20027,SYN-JHS-COURSE-000003,Grade 10 Edukasyon sa Pagpapakatao,20096,,INST JHS MLA_AY 2023-2024_Annual_Official,20001,SY_2023_JHS_OFFICIAL,90.0,90.0,active,90.0,90.0,,93,93,93,93,
Nancy J. Flores,10035,SYN-JHS-000044,Grade 10 Edukasyon sa Pagpapakatao,20027,SYN-JHS-COURSE-000003,Grade 10 Edukasyon sa Pagpapakatao,20096,,INST JHS MLA_AY 2023-2024_Annual_Official,20001,SY_2023_JHS_OFFICIAL,84.0,84.0,active,84.0,84.0,,90,90,90,90,
Kimberly R. Kelly,10068,SYN-JHS-000087,Grade 10 Edukasyon sa Pagpapakatao,20027,SYN-JHS-COURSE-000003,Grade 10 Edukasyon sa Pagpapakatao,20096,,INST JHS MLA_AY 2023-2024_Annual_Official,20001,SY_2023_JHS_OFFICIAL,84.5,84.5,active,84.5,84.5,,90,90,90,90,
Erin J. West,10037,SYN-JHS-000046,Grade 10 Edukasyon sa Pagpapakatao,20027,SYN-JHS-COURSE-000003,Grade 10 Edukasyon sa Pagpapakatao,20096,,INST JHS MLA_AY 2023-2024_Annual_Official,20001,SY_2023_JHS_OFFICIAL,42.5,42.5,active,42.5,42.5,,70,70,70,70,
Marcia J. Hall,10074,SYN-JHS-000090,Grade 10 Edukasyon sa Pagpapakatao,20027,SYN-JHS-COURSE-000003,Grade 10 Edukasyon sa Pagpapakatao,20096,,INST JHS MLA_AY 2023-2024_Annual_Official,20001,SY_2023_JHS_OFFICIAL,80.0,80.0,active,80.0,80.0,,87,87,87,87,
Brian K. Nichols,10048,SYN-JHS-000057,Grade 10 Edukasyon sa Pagpapakatao,20027,SYN-JHS-COURSE-000003,Grade 10 Edukasyon sa Pagpapakatao,20096,,INST JHS MLA_AY 2023-2024_Annual_Official,20001,SY_2023_JHS_OFFICIAL,81.5,81.5,active,81.5,81.5,,88,88,88,88,
Kelly S. Daniels,10059,SYN-JHS-000074,Grade 10 Edukasyon sa Pagpapakatao,20027,SYN-JHS-COURSE-000003,Grade 10 Edukasyon sa Pagpapakatao,20096,,INST JHS MLA_AY 2023-2024_Annual_Official,20001,SY_2023_JHS_OFFICIAL,84.0,84.0,active,84.0,84.0,,90,90,90,90,
Jacob T. Smith,10089,SYN-JHS-000091,Grade 10 Edukasyon sa Pagpapakatao,20027,SYN-JHS-COURSE-000003,Grade 10 Edukasyon sa Pagpapakatao,20096,,INST JHS MLA_AY 2023-2024_Annual_Official,20001,SY_2023_JHS_OFFICIAL,81.5,81.5,active,81.5,81.5,,88,88,88,88,
William R. Snyder,10069,SYN-JHS-000065,Grade 10 Edukasyon sa Pagpapakatao,20027,SYN-JHS-COURSE-000003,Grade 10 Edukasyon sa Pagpapakatao,20096,,INST JHS MLA_AY 2023-2024_Annual_Official,20001,SY_2023_JHS_OFFICIAL,81.5,81.5,active,81.5,81.5,,88,88,88,88,
Haley A. Robinson,10036,SYN-JHS-000045,Grade 10 Edukasyon sa Pagpapakatao,20027,SYN-JHS-COURSE-000003,Grade 10 Edukasyon sa Pagpapakatao,20096,,INST JHS MLA_AY 2023-2024_Annual_Official,20001,SY_2023_JHS_OFFICIAL,88.5,88.5,active,88.5,88.5,,92,92,92,92,
Dawn L. Simmons,10075,SYN-JHS-000092,Grade 10 Edukasyon sa Pagpapakatao,20027,SYN-JHS-COURSE-000003,Grade 10 Edukasyon sa Pagpapakatao,20096,,INST JHS MLA_AY 2023-2024_Annual_Official,20001,SY_2023_JHS_OFFICIAL,87.5,87.5,active,87.5,87.5,,92,92,92,92,
Michelle T. Rogers,10092,SYN-JHS-000101,Grade 10 Edukasyon sa Pagpapakatao,20027,SYN-JHS-COURSE-000003,Grade 10 Edukasyon sa Pagpapakatao,20096,,INST JHS MLA_AY 2023-2024_Annual_Official,20001,SY_2023_JHS_OFFICIAL,82.0,82.0,active,82.0,82.0,,88,88,88,88,
Eric T. Taylor,10099,SYN-JHS-000108,Grade 10 Edukasyon sa Pagpapakatao,20027,SYN-JHS-COURSE-000003,Grade 10 Edukasyon sa Pagpapakatao,20096,,INST JHS MLA_AY 2023-2024_Annual_Official,20001,SY_2023_JHS_OFFICIAL,89.0,89.0,active,89.0,89.0,,93,93,93,93,
Joseph M. Alvarado,10070,SYN-JHS-000066,Grade 10 Edukasyon sa Pagpapakatao,20027,SYN-JHS-COURSE-000003,Grade 10 Edukasyon sa Pagpapakatao,20096,,INST JHS MLA_AY 2023-2024_Annual_Official,20001,SY_2023_JHS_OFFICIAL,84.0,84.0,active,84.0,84.0,,90,90,90,90,
Jane S. Oliver,10098,SYN-JHS-000107,Grade 10 Edukasyon sa Pagpapakatao,20027,SYN-JHS-COURSE-000003,Grade 10 Edukasyon sa Pagpapakatao,20096,,INST JHS MLA_AY 2023-2024_Annual_Official,20001,SY_2023_JHS_OFFICIAL,78.5,78.5,active,78.5,78.5,,86,86,86,86,
Cody D. Williams,10102,SYN-JHS-000111,Grade 10 Edukasyon sa Pagpapakatao,20027,SYN-JHS-COURSE-000003,Grade 10 Edukasyon sa Pagpapakatao,20096,,INST JHS MLA_AY 2023-2024_Annual_Official,20001,SY_2023_JHS_OFFICIAL,82.5,82.5,active,82.5,82.5,,89,89,89,89,
Miranda R. Adams,10061,SYN-JHS-000076,Grade 10 Filipino,20028,SYN-JHS-COURSE-000004,Grade 10 Filipino,20071,,INST JHS MLA_AY 2023-2024_Annual_Official,20001,SY_2023_JHS_OFFICIAL,91.05,91.05,active,91.05,91.05,,94,94,94,94,
Nancy J. Flores,10035,SYN-JHS-000044,Grade 10 Filipino,20028,SYN-JHS-COURSE-000004,Grade 10 Filipino,20071,,INST JHS MLA_AY 2023-2024_Annual_Official,20001,SY_2023_JHS_OFFICIAL,84.65,84.65,active,84.65,84.65,,90,90,90,90,
Kimberly R. Kelly,10068,SYN-JHS-000087,Grade 10 Filipino,20028,SYN-JHS-COURSE-000004,Grade 10 Filipino,20071,,INST JHS MLA_AY 2023-2024_Annual_Official,20001,SY_2023_JHS_OFFICIAL,98.8,98.8,active,98.8,98.8,,99,99,99,99,
Erin J. West,10037,SYN-JHS-000046,Grade 10 Filipino,20028,SYN-JHS-COURSE-000004,Grade 10 Filipino,20071,,INST JHS MLA_AY 2023-2024_Annual_Official,20001,SY_2023_JHS_OFFICIAL,12.0,12.0,active,12.0,12.0,,63,63,63,63,
Marcia J. Hall,10074,SYN-JHS-000090,Grade 10 Filipino,20028,SYN-JHS-COURSE-000004,Grade 10 Filipino,20071,,INST JHS MLA_AY 2023-2024_Annual_Official,20001,SY_2023_JHS_OFFICIAL,72.3,72.3,active,72.3,72.3,,82,82,82,82,
Brian K. Nichols,10048,SYN-JHS-000057,Grade 10 Filipino,20028,SYN-JHS-COURSE-000004,Grade 10 Filipino,20071,,INST JHS MLA_AY 2023-2024_Annual_Official,20001,SY_2023_JHS_OFFICIAL,84.85,84.85,active,84.85,84.85,,90,90,90,90,
Kelly S. Daniels,10059,SYN-JHS-000074,Grade 10 Filipino,20028,SYN-JHS-COURSE-000004,Grade 10 Filipino,20071,,INST JHS MLA_AY 2023-2024_Annual_Official,20001,SY_2023_JHS_OFFICIAL,94.7,94.7,active,94.7,94.7,,96,96,96,96,
Jacob T. Smith,10089,SYN-JHS-000091,Grade 10 Filipino,20028,SYN-JHS-COURSE-000004,Grade 10 Filipino,20071,,INST JHS MLA_AY 2023-2024_Annual_Official,20001,SY_2023_JHS_OFFICIAL,83.85,83.85,active,83.85,83.85,,89,89,89,89,
William R. Snyder,10069,SYN-JHS-000065,Grade 10 Filipino,20028,SYN-JHS-COURSE-000004,Grade 10 Filipino,20071,,INST JHS MLA_AY 2023-2024_Annual_Official,20001,SY_2023_JHS_OFFICIAL,69.35,69.35,active,69.35,69.35,,80,80,80,80,
Haley A. Robinson,10036,SYN-JHS-000045,Grade 10 Filipino,20028,SYN-JHS-COURSE-000004,Grade 10 Filipino,20071,,INST JHS MLA_AY 2023-2024_Annual_Official,20001,SY_2023_JHS_OFFICIAL,94.4,94.4,active,94.4,94.4,,96,96,96,96,
Dawn L. Simmons,10075,SYN-JHS-000092,Grade 10 Filipino,20028,SYN-JHS-COURSE-000004,Grade 10 Filipino,20071,,INST JHS MLA_AY 2023-2024_Annual_Official,20001,SY_2023_JHS_OFFICIAL,90.2,90.2,active,90.2,90.2,,93,93,93,93,
Michelle T. Rogers,10092,SYN-JHS-000101,Grade 10 Filipino,20028,SYN-JHS-COURSE-000004,Grade 10 Filipino,20071,,INST JHS MLA_AY 2023-2024_Annual_Official,20001,SY_2023_JHS_OFFICIAL,76.85,76.85,active,76.85,76.85,,85,85,85,85,
Eric T. Taylor,10099,SYN-JHS-000108,Grade 10 Filipino,20028,SYN-JHS-COURSE-000004,Grade 10 Filipino,20071,,INST JHS MLA_AY 2023-2024_Annual_Official,20001,SY_2023_JHS_OFFICIAL,92.25,92.25,active,92.25,92.25,,95,95,95,95,
Joseph M. Alvarado,10070,SYN-JHS-000066,Grade 10 Filipino,20028,SYN-JHS-COURSE-000004,Grade 10 Filipino,20071,,INST JHS MLA_AY 2023-2024_Annual_Official,20001,SY_2023_JHS_OFFICIAL,86.9,86.9,active,86.9,86.9,,91,91,91,91,
Jane S. Oliver,10098,SYN-JHS-000107,Grade 10 Filipino,20028,SYN-JHS-COURSE-000004,Grade 10 Filipino,20071,,INST JHS MLA_AY 2023-2024_Annual_Official,20001,SY_2023_JHS_OFFICIAL,74.05,74.05,active,74.05,74.05,,83,83,83,83,
Cody D. Williams,10102,SYN-JHS-000111,Grade 10 Filipino,20028,SYN-JHS-COURSE-000004,Grade 10 Filipino,20071,,INST JHS MLA_AY 2023-2024_Annual_Official,20001,SY_2023_JHS_OFFICIAL,78.5,78.5,active,78.5,78.5,,86,86,86,86,
Miranda R. Adams,10061,SYN-JHS-000076,Grade 10 Mathematics,20029,SYN-JHS-COURSE-000006,Grade 10 Mathematics,20070,,INST JHS MLA_AY 2023-2024_Annual_Official,20001,SY_2023_JHS_OFFICIAL,79.8,79.8,active,79.8,79.8,,87,87,87,87,
Nancy J. Flores,10035,SYN-JHS-000044,Grade 10 Mathematics,20029,SYN-JHS-COURSE-000006,Grade 10 Mathematics,20070,,INST JHS MLA_AY 2023-2024_Annual_Official,20001,SY_2023_JHS_OFFICIAL,78.0,78.0,active,78.0,78.0,,86,86,86,86,
Kimberly R. Kelly,10068,SYN-JHS-000087,Grade 10 Mathematics,20029,SYN-JHS-COURSE-000006,Grade 10 Mathematics,20070,,INST JHS MLA_AY 2023-2024_Annual_Official,20001,SY_2023_JHS_OFFICIAL,95.2,95.2,active,95.2,95.2,,97,97,97,97,
Erin J. West,10037,SYN-JHS-000046,Grade 10 Mathematics,20029,SYN-JHS-COURSE-000006,Grade 10 Mathematics,20070,,INST JHS MLA_AY 2023-2024_Annual_Official,20001,SY_2023_JHS_OFFICIAL,35.5,35.5,active,35.5,35.5,,68,68,68,68,
Marcia J. Hall,10074,SYN-JHS-000090,Grade 10 Mathematics,20029,SYN-JHS-COURSE-000006,Grade 10 Mathematics,20070,,INST JHS MLA_AY 2023-2024_Annual_Official,20001,SY_2023_JHS_OFFICIAL,66.7,66.7,active,66.7,66.7,,79,79,79,79,
Brian K. Nichols,10048,SYN-JHS-000057,Grade 10 Mathematics,20029,SYN-JHS-COURSE-000006,Grade 10 Mathematics,20070,,INST JHS MLA_AY 2023-2024_Annual_Official,20001,SY_2023_JHS_OFFICIAL,89.6,89.6,active,89.6,89.6,,93,93,93,93,
Kelly S. Daniels,10059,SYN-JHS-000074,Grade 10 Mathematics,20029,SYN-JHS-COURSE-000006,Grade 10 Mathematics,20070,,INST JHS MLA_AY 2023-2024_Annual_Official,20001,SY_2023_JHS_OFFICIAL,86.5,86.5,active,86.5,86.5,,91,91,91,91,
Jacob T. Smith,10089,SYN-JHS-000091,Grade 10 Mathematics,20029,SYN-JHS-COURSE-000006,Grade 10 Mathematics,20070,,INST JHS MLA_AY 2023-2024_Annual_Official,20001,SY_2023_JHS_OFFICIAL,82.8,82.8,active,82.8,82.8,,89,89,89,89,
William R. Snyder,10069,SYN-JHS-000065,Grade 10 Mathematics,20029,SYN-JHS-COURSE-000006,Grade 10 Mathematics,20070,,INST JHS MLA_AY 2023-2024_Annual_Official,20001,SY_2023_JHS_OFFICIAL,75.2,75.2,active,75.2,75.2,,84,84,84,84,
Haley A. Robinson,10036,SYN-JHS-000045,Grade 10 Mathematics,20029,SYN-JHS-COURSE-000006,Grade 10 Mathematics,20070,,INST JHS MLA_AY 2023-2024_Annual_Official,20001,SY_2023_JHS_OFFICIAL,85.4,85.4,active,85.4,85.4,,90,90,90,90,
Dawn L. Simmons,10075,SYN-JHS-000092,Grade 10 Mathematics,20029,SYN-JHS-COURSE-000006,Grade 10 Mathematics,20070,,INST JHS MLA_AY 2023-2024_Annual_Official,20001,SY_2023_JHS_OFFICIAL,77.0,77.0,active,77.0,77.0,,85,85,85,85,
Michelle T. Rogers,10092,SYN-JHS-000101,Grade 10 Mathematics,20029,SYN-JHS-COURSE-000006,Grade 10 Mathematics,20070,,INST JHS MLA_AY 2023-2024_Annual_Official,20001,SY_2023_JHS_OFFICIAL,75.4,75.4,active,75.4,75.4,,84,84,84,84,
Eric T. Taylor,10099,SYN-JHS-000108,Grade 10 Mathematics,20029,SYN-JHS-COURSE-000006,Grade 10 Mathematics,20070,,INST JHS MLA_AY 2023-2024_Annual_Official,20001,SY_2023_JHS_OFFICIAL,82.4,82.4,active,82.4,82.4,,89,89,89,89,
Joseph M. Alvarado,10070,SYN-JHS-000066,Grade 10 Mathematics,20029,SYN-JHS-COURSE-000006,Grade 10 Mathematics,20070,,INST JHS MLA_AY 2023-2024_Annual_Official,20001,SY_2023_JHS_OFFICIAL,86.4,86.4,active,86.4,86.4,,91,91,91,91,
Jane S. Oliver,10098,SYN-JHS-000107,Grade 10 Mathematics,20029,SYN-JHS-COURSE-000006,Grade 10 Mathematics,20070,,INST JHS MLA_AY 2023-2024_Annual_Official,20001,SY_2023_JHS_OFFICIAL,78.2,78.2,active,78.2,78.2,,86,86,86,86,
Cody D. Williams,10102,SYN-JHS-000111,Grade 10 Mathematics,20029,SYN-JHS-COURSE-000006,Grade 10 Mathematics,20070,,INST JHS MLA_AY 2023-2024_Annual_Official,20001,SY_2023_JHS_OFFICIAL,75.9,75.9,active,75.9,75.9,,84,84,84,84,
Miranda R. Adams,10061,SYN-JHS-000076,Grade 10 Science,20030,SYN-JHS-COURSE-000007,Grade 10 Science,20074,,INST JHS MLA_AY 2023-2024_Annual_Official,20001,SY_2023_JHS_OFFICIAL,78.47,78.47,active,78.47,78.47,,86,86,86,86,
Nancy J. Flores,10035,SYN-JHS-000044,Grade 10 Science,20030,SYN-JHS-COURSE-000007,Grade 10 Science,20074,,INST JHS MLA_AY 2023-2024_Annual_Official,20001,SY_2023_JHS_OFFICIAL,72.97,72.97,active,72.97,72.97,,83,83,83,83,
Kimberly R. Kelly,10068,SYN-JHS-000087,Grade 10 Science,20030,SYN-JHS-COURSE-000007,Grade 10 Science,20074,,INST JHS MLA_AY 2023-2024_Annual_Official,20001,SY_2023_JHS_OFFICIAL,98.4,98.4,active,98.4,98.4,,99,99,99,99,
Erin J. West,10037,SYN-JHS-000046,Grade 10 Science,20030,SYN-JHS-COURSE-000007,Grade 10 Science,20074,,INST JHS MLA_AY 2023-2024_Annual_Official,20001,SY_2023_JHS_OFFICIAL,30.46,30.46,active,30.46,30.46,,67,67,67,67,
Marcia J. Hall,10074,SYN-JHS-000090,Grade 10 Science,20030,SYN-JHS-COURSE-000007,Grade 10 Science,20074,,INST JHS MLA_AY 2023-2024_Annual_Official,20001,SY_2023_JHS_OFFICIAL,60.87,60.87,active,60.87,60.87,,75,75,75,75,
Brian K. Nichols,10048,SYN-JHS-000057,Grade 10 Science,20030,SYN-JHS-COURSE-000007,Grade 10 Science,20074,,INST JHS MLA_AY 2023-2024_Annual_Official,20001,SY_2023_JHS_OFFICIAL,88.64,88.64,active,88.64,88.64,,92,92,92,92,
Kelly S. Daniels,10059,SYN-JHS-000074,Grade 10 Science,20030,SYN-JHS-COURSE-000007,Grade 10 Science,20074,,INST JHS MLA_AY 2023-2024_Annual_Official,20001,SY_2023_JHS_OFFICIAL,85.8,85.8,active,85.8,85.8,,91,91,91,91,
Jacob T. Smith,10089,SYN-JHS-000091,Grade 10 Science,20030,SYN-JHS-COURSE-000007,Grade 10 Science,20074,,INST JHS MLA_AY 2023-2024_Annual_Official,20001,SY_2023_JHS_OFFICIAL,84.07,84.07,active,84.07,84.07,,90,90,90,90,
William R. Snyder,10069,SYN-JHS-000065,Grade 10 Science,20030,SYN-JHS-COURSE-000007,Grade 10 Science,20074,,INST JHS MLA_AY 2023-2024_Annual_Official,20001,SY_2023_JHS_OFFICIAL,61.73,61.73,active,61.73,61.73,,76,76,76,76,
Haley A. Robinson,10036,SYN-JHS-000045,Grade 10 Science,20030,SYN-JHS-COURSE-000007,Grade 10 Science,20074,,INST JHS MLA_AY 2023-2024_Annual_Official,20001,SY_2023_JHS_OFFICIAL,80.87,80.87,active,80.87,80.87,,88,88,88,88,
Dawn L. Simmons,10075,SYN-JHS-000092,Grade 10 Science,20030,SYN-JHS-COURSE-000007,Grade 10 Science,20074,,INST JHS MLA_AY 2023-2024_Annual_Official,20001,SY_2023_JHS_OFFICIAL,67.77,67.77,active,67.77,67.77,,79,79,79,79,
Michelle T. Rogers,10092,SYN-JHS-000101,Grade 10 Science,20030,SYN-JHS-COURSE-000007,Grade 10 Science,20074,,INST JHS MLA_AY 2023-2024_Annual_Official,20001,SY_2023_JHS_OFFICIAL,65.04,65.04,active,65.04,65.04,,78,78,78,78,
Eric T. Taylor,10099,SYN-JHS-000108,Grade 10 Science,20030,SYN-JHS-COURSE-000007,Grade 10 Science,20074,,INST JHS MLA_AY 2023-2024_Annual_Official,20001,SY_2023_JHS_OFFICIAL,87.37,87.37,active,87.37,87.37,,92,92,92,92,
Joseph M. Alvarado,10070,SYN-JHS-000066,Grade 10 Science,20030,SYN-JHS-COURSE-000007,Grade 10 Science,20074,,INST JHS MLA_AY 2023-2024_Annual_Official,20001,SY_2023_JHS_OFFICIAL,88.04,88.04,active,88.04,88.04,,92,92,92,92,
Jane S. Oliver,10098,SYN-JHS-000107,Grade 10 Science,20030,SYN-JHS-COURSE-000007,Grade 10 Science,20074,,INST JHS MLA_AY 2023-2024_Annual_Official,20001,SY_2023_JHS_OFFICIAL,71.17,71.17,active,71.17,71.17,,81,81,81,81,
Cody D. Williams,10102,SYN-JHS-000111,Grade 10 Science,20030,SYN-JHS-COURSE-000007,Grade 10 Science,20074,,INST JHS MLA_AY 2023-2024_Annual_Official,20001,SY_2023_JHS_OFFICIAL,64.8,64.8,active,64.8,64.8,,78,78,78,78,
Miranda R. Adams,10061,SYN-JHS-000076,Grade 10 Technology and Livelihood Education,20031,SYN-JHS-COURSE-000008,Grade 10 Technology and Livelihood Education,20075,,INST JHS MLA_AY 2023-2024_Annual_Official,20001,SY_2023_JHS_OFFICIAL,78.82,78.82,active,78.82,78.82,,86,86,86,86,
Nancy J. Flores,10035,SYN-JHS-000044,Grade 10 Technology and Livelihood Education,20031,SYN-JHS-COURSE-000008,Grade 10 Technology and Livelihood Education,20075,,INST JHS MLA_AY 2023-2024_Annual_Official,20001,SY_2023_JHS_OFFICIAL,77.62,77.62,active,77.62,77.62,,86,86,86,86,
Kimberly R. Kelly,10068,SYN-JHS-000087,Grade 10 Technology and Livelihood Education,20031,SYN-JHS-COURSE-000008,Grade 10 Technology and Livelihood Education,20075,,INST JHS MLA_AY 2023-2024_Annual_Official,20001,SY_2023_JHS_OFFICIAL,100.0,100.0,active,100.0,100.0,,100,100,100,100,
Erin J. West,10037,SYN-JHS-000046,Grade 10 Technology and Livelihood Education,20031,SYN-JHS-COURSE-000008,Grade 10 Technology and Livelihood Education,20075,,INST JHS MLA_AY 2023-2024_Annual_Official,20001,SY_2023_JHS_OFFICIAL,6.67,6.67,active,6.67,6.67,,61,61,61,61,
Marcia J. Hall,10074,SYN-JHS-000090,Grade 10 Technology and Livelihood Education,20031,SYN-JHS-COURSE-000008,Grade 10 Technology and Livelihood Education,20075,,INST JHS MLA_AY 2023-2024_Annual_Official,20001,SY_2023_JHS_OFFICIAL,72.84,72.84,active,72.84,72.84,,83,83,83,83,
Brian K. Nichols,10048,SYN-JHS-000057,Grade 10 Technology and Livelihood Education,20031,SYN-JHS-COURSE-000008,Grade 10 Technology and Livelihood Education,20075,,INST JHS MLA_AY 2023-2024_Annual_Official,20001,SY_2023_JHS_OFFICIAL,92.2,92.2,active,92.2,92.2,,95,95,95,95,
Kelly S. Daniels,10059,SYN-JHS-000074,Grade 10 Technology and Livelihood Education,20031,SYN-JHS-COURSE-000008,Grade 10 Technology and Livelihood Education,20075,,INST JHS MLA_AY 2023-2024_Annual_Official,20001,SY_2023_JHS_OFFICIAL,86.9,86.9,active,86.9,86.9,,91,91,91,91,
Jacob T. Smith,10089,SYN-JHS-000091,Grade 10 Technology and Livelihood Education,20031,SYN-JHS-COURSE-000008,Grade 10 Technology and Livelihood Education,20075,,INST JHS MLA_AY 2023-2024_Annual_Official,20001,SY_2023_JHS_OFFICIAL,86.71,86.71,active,86.71,86.71,,91,91,91,91,
William R. Snyder,10069,SYN-JHS-000065,Grade 10 Technology and Livelihood Education,20031,SYN-JHS-COURSE-000008,Grade 10 Technology and Livelihood Education,20075,,INST JHS MLA_AY 2023-2024_Annual_Official,20001,SY_2023_JHS_OFFICIAL,81.11,81.11,active,81.11,81.11,,88,88,88,88,
Haley A. Robinson,10036,SYN-JHS-000045,Grade 10 Technology and Livelihood Education,20031,SYN-JHS-COURSE-000008,Grade 10 Technology and Livelihood Education,20075,,INST JHS MLA_AY 2023-2024_Annual_Official,20001,SY_2023_JHS_OFFICIAL,87.79,87.79,active,87.79,87.79,,92,92,92,92,
Dawn L. Simmons,10075,SYN-JHS-000092,Grade 10 Technology and Livelihood Education,20031,SYN-JHS-COURSE-000008,Grade 10 Technology and Livelihood Education,20075,,INST JHS MLA_AY 2023-2024_Annual_Official,20001,SY_2023_JHS_OFFICIAL,81.73,81.73,active,81.73,81.73,,88,88,88,88,
Michelle T. Rogers,10092,SYN-JHS-000101,Grade 10 Technology and Livelihood Education,20031,SYN-JHS-COURSE-000008,Grade 10 Technology and Livelihood Education,20075,,INST JHS MLA_AY 2023-2024_Annual_Official,20001,SY_2023_JHS_OFFICIAL,78.4,78.4,active,78.4,78.4,,86,86,86,86,
Eric T. Taylor,10099,SYN-JHS-000108,Grade 10 Technology and Livelihood Education,20031,SYN-JHS-COURSE-000008,Grade 10 Technology and Livelihood Education,20075,,INST JHS MLA_AY 2023-2024_Annual_Official,20001,SY_2023_JHS_OFFICIAL,91.3,91.3,active,91.3,91.3,,94,94,94,94,
Joseph M. Alvarado,10070,SYN-JHS-000066,Grade 10 Technology and Livelihood Education,20031,SYN-JHS-COURSE-000008,Grade 10 Technology and Livelihood Education,20075,,INST JHS MLA_AY 2023-2024_Annual_Official,20001,SY_2023_JHS_OFFICIAL,90.58,90.58,active,90.58,90.58,,94,94,94,94,
Jane S. Oliver,10098,SYN-JHS-000107,Grade 10 Technology and Livelihood Education,20031,SYN-JHS-COURSE-000008,Grade 10 Technology and Livelihood Education,20075,,INST JHS MLA_AY 2023-2024_Annual_Official,20001,SY_2023_JHS_OFFICIAL,87.93,87.93,active,87.93,87.93,,92,92,92,92,
Cody D. Williams,10102,SYN-JHS-000111,Grade 10 Technology and Livelihood Education,20031,SYN-JHS-COURSE-000008,Grade 10 Technology and Livelihood Education,20075,,INST JHS MLA_AY 2023-2024_Annual_Official,20001,SY_2023_JHS_OFFICIAL,70.41,70.41,active,70.41,70.41,,81,81,81,81,
Miranda R. Adams,10061,SYN-JHS-000076,"Grade 10 Music, Arts, PE and Health",20032,SYN-JHS-COURSE-000005,"Grade 10 Music, Arts, PE and Health",20072,,INST JHS MLA_AY 2023-2024_Annual_Official,20001,SY_2023_JHS_OFFICIAL,83.24,83.24,active,83.24,83.24,,89,89,89,89,
Nancy J. Flores,10035,SYN-JHS-000044,"Grade 10 Music, Arts, PE and Health",20032,SYN-JHS-COURSE-000005,"Grade 10 Music, Arts, PE and Health",20072,,INST JHS MLA_AY 2023-2024_Annual_Official,20001,SY_2023_JHS_OFFICIAL,87.35,87.35,active,87.35,87.35,,92,92,92,92,
Kimberly R. Kelly,10068,SYN-JHS-000087,"Grade 10 Music, Arts, PE and Health",20032,SYN-JHS-COURSE-000005,"Grade 10 Music, Arts, PE and Health",20072,,INST JHS MLA_AY 2023-2024_Annual_Official,20001,SY_2023_JHS_OFFICIAL,96.7,96.7,active,96.7,96.7,,97,97,97,97,
Erin J. West,10037,SYN-JHS-000046,"Grade 10 Music, Arts, PE and Health",20032,SYN-JHS-COURSE-000005,"Grade 10 Music, Arts, PE and Health",20072,,INST JHS MLA_AY 2023-2024_Annual_Official,20001,SY_2023_JHS_OFFICIAL,21.88,21.88,active,21.88,21.88,,65,65,65,65,
Marcia J. Hall,10074,SYN-JHS-000090,"Grade 10 Music, Arts, PE and Health",20032,SYN-JHS-COURSE-000005,"Grade 10 Music, Arts, PE and Health",20072,,INST JHS MLA_AY 2023-2024_Annual_Official,20001,SY_2023_JHS_OFFICIAL,83.25,83.25,active,83.25,83.25,,89,89,89,89,
Brian K. Nichols,10048,SYN-JHS-000057,"Grade 10 Music, Arts, PE and Health",20032,SYN-JHS-COURSE-000005,"Grade 10 Music, Arts, PE and Health",20072,,INST JHS MLA_AY 2023-2024_Annual_Official,20001,SY_2023_JHS_OFFICIAL,89.6,89.6,active,89.6,89.6,,93,93,93,93,
Kelly S. Daniels,10059,SYN-JHS-000074,"Grade 10 Music, Arts, PE and Health",20032,SYN-JHS-COURSE-000005,"Grade 10 Music, Arts, PE and Health",20072,,INST JHS MLA_AY 2023-2024_Annual_Official,20001,SY_2023_JHS_OFFICIAL,86.5,86.5,active,86.5,86.5,,91,91,91,91,
Jacob T. Smith,10089,SYN-JHS-000091,"Grade 10 Music, Arts, PE and Health",20032,SYN-JHS-COURSE-000005,"Grade 10 Music, Arts, PE and Health",20072,,INST JHS MLA_AY 2023-2024_Annual_Official,20001,SY_2023_JHS_OFFICIAL,87.21,87.21,active,87.21,87.21,,92,92,92,92,
William R. Snyder,10069,SYN-JHS-000065,"Grade 10 Music, Arts, PE and Health",20032,SYN-JHS-COURSE-000005,"Grade 10 Music, Arts, PE and Health",20072,,INST JHS MLA_AY 2023-2024_Annual_Official,20001,SY_2023_JHS_OFFICIAL,75.63,75.63,active,75.63,75.63,,84,84,84,84,
Haley A. Robinson,10036,SYN-JHS-000045,"Grade 10 Music, Arts, PE and Health",20032,SYN-JHS-COURSE-000005,"Grade 10 Music, Arts, PE and Health",20072,,INST JHS MLA_AY 2023-2024_Annual_Official,20001,SY_2023_JHS_OFFICIAL,93.5,93.5,active,93.5,93.5,,95,95,95,95,
Dawn L. Simmons,10075,SYN-JHS-000092,"Grade 10 Music, Arts, PE and Health",20032,SYN-JHS-COURSE-000005,"Grade 10 Music, Arts, PE and Health",20072,,INST JHS MLA_AY 2023-2024_Annual_Official,20001,SY_2023_JHS_OFFICIAL,83.23,83.23,active,83.23,83.23,,89,89,89,89,
Michelle T. Rogers,10092,SYN-JHS-000101,"Grade 10 Music, Arts, PE and Health",20032,SYN-JHS-COURSE-000005,"Grade 10 Music, Arts, PE and Health",20072,,INST JHS MLA_AY 2023-2024_Annual_Official,20001,SY_2023_JHS_OFFICIAL,81.44,81.44,active,81.44,81.44,,88,88,88,88,
Eric T. Taylor,10099,SYN-JHS-000108,"Grade 10 Music, Arts, PE and Health",20032,SYN-JHS-COURSE-000005,"Grade 10 Music, Arts, PE and Health",20072,,INST JHS MLA_AY 2023-2024_Annual_Official,20001,SY_2023_JHS_OFFICIAL,91.29,91.29,active,91.29,91.29,,94,94,94,94,
Joseph M. Alvarado,10070,SYN-JHS-000066,"Grade 10 Music, Arts, PE and Health",20032,SYN-JHS-COURSE-000005,"Grade 10 Music, Arts, PE and Health",20072,,INST JHS MLA_AY 2023-2024_Annual_Official,20001,SY_2023_JHS_OFFICIAL,92.89,92.89,active,92.89,92.89,,95,95,95,95,
Jane S. Oliver,10098,SYN-JHS-000107,"Grade 10 Music, Arts, PE and Health",20032,SYN-JHS-COURSE-000005,"Grade 10 Music, Arts, PE and Health",20072,,INST JHS MLA_AY 2023-2024_Annual_Official,20001,SY_2023_JHS_OFFICIAL,77.74,77.74,active,77.74,77.74,,86,86,86,86,
Cody D. Williams,10102,SYN-JHS-000111,"Grade 10 Music, Arts, PE and Health",20032,SYN-JHS-COURSE-000005,"Grade 10 Music, Arts, PE and Health",20072,,INST JHS MLA_AY 2023-2024_Annual_Official,20001,SY_2023_JHS_OFFICIAL,84.95,84.95,active,84.95,84.95,,90,90,90,90,
James G. Hall,10034,SYN-JHS-000042,Grade 9 Technology and Livelihood Education,20033,SYN-JHS-COURSE-000025,Grade 9 Technology and Livelihood Education,20099,,INST JHS MLA_AY 2023-2024_Annual_Official,20001,SY_2023_JHS_OFFICIAL,98.4,98.4,active,98.4,98.4,,99,99,99,99,
Kimberly D. Williams,10042,SYN-JHS-000052,Grade 9 Technology and Livelihood Education,20033,SYN-JHS-COURSE-000025,Grade 9 Technology and Livelihood Education,20099,,INST JHS MLA_AY 2023-2024_Annual_Official,20001,SY_2023_JHS_OFFICIAL,85.0,85.0,active,85.0,85.0,,90,90,90,90,
Pamela S. Davenport,10094,SYN-JHS-000103,Grade 9 Technology and Livelihood Education,20033,SYN-JHS-COURSE-000025,Grade 9 Technology and Livelihood Education,20099,,INST JHS MLA_AY 2023-2024_Annual_Official,20001,SY_2023_JHS_OFFICIAL,76.8,76.8,active,76.8,76.8,,85,85,85,85,
Nicholas J. Mercer,10082,SYN-JHS-000063,Grade 9 Technology and Livelihood Education,20033,SYN-JHS-COURSE-000025,Grade 9 Technology and Livelihood Education,20099,,INST JHS MLA_AY 2023-2024_Annual_Official,20001,SY_2023_JHS_OFFICIAL,81.2,81.2,active,81.2,81.2,,88,88,88,88,
John B. Baldwin,10054,SYN-JHS-000069,Grade 9 Technology and Livelihood Education,20033,SYN-JHS-COURSE-000025,Grade 9 Technology and Livelihood Education,20099,,INST JHS MLA_AY 2023-2024_Annual_Official,20001,SY_2023_JHS_OFFICIAL,81.7,81.7,active,81.7,81.7,,88,88,88,88,
Amanda M. Chan,10057,SYN-JHS-000072,Grade 9 Technology and Livelihood Education,20033,SYN-JHS-COURSE-000025,Grade 9 Technology and Livelihood Education,20099,,INST JHS MLA_AY 2023-2024_Annual_Official,20001,SY_2023_JHS_OFFICIAL,68.3,68.3,active,68.3,68.3,,80,80,80,80,
Terri V. Ortiz,10046,SYN-JHS-000055,Grade 9 Technology and Livelihood Education,20033,SYN-JHS-COURSE-000025,Grade 9 Technology and Livelihood Education,20099,,INST JHS MLA_AY 2023-2024_Annual_Official,20001,SY_2023_JHS_OFFICIAL,93.1,93.1,active,93.1,93.1,,95,95,95,95,
Tara L. Diaz,10056,SYN-JHS-000071,Grade 9 Technology and Livelihood Education,20033,SYN-JHS-COURSE-000025,Grade 9 Technology and Livelihood Education,20099,,INST JHS MLA_AY 2023-2024_Annual_Official,20001,SY_2023_JHS_OFFICIAL,68.4,68.4,active,68.4,68.4,,80,80,80,80,
Randy B. Shelton,10077,SYN-JHS-000094,Grade 9 Technology and Livelihood Education,20033,SYN-JHS-COURSE-000025,Grade 9 Technology and Livelihood Education,20099,,INST JHS MLA_AY 2023-2024_Annual_Official,20001,SY_2023_JHS_OFFICIAL,66.8,66.8,active,66.8,66.8,,79,79,79,79,
Derrick C. Hancock,10100,SYN-JHS-000109,Grade 9 Technology and Livelihood Education,20033,SYN-JHS-COURSE-000025,Grade 9 Technology and Livelihood Education,20099,,INST JHS MLA_AY 2023-2024_Annual_Official,20001,SY_2023_JHS_OFFICIAL,97.3,97.3,active,97.3,97.3,,98,98,98,98,
Rebecca T. Castro,10043,SYN-JHS-000050,Grade 9 Technology and Livelihood Education,20033,SYN-JHS-COURSE-000025,Grade 9 Technology and Livelihood Education,20099,,INST JHS MLA_AY 2023-2024_Annual_Official,20001,SY_2023_JHS_OFFICIAL,92.0,92.0,active,92.0,92.0,,95,95,95,95,
Dorothy T. Fernandez,10079,SYN-JHS-000096,Grade 9 Technology and Livelihood Education,20033,SYN-JHS-COURSE-000025,Grade 9 Technology and Livelihood Education,20099,,INST JHS MLA_AY 2023-2024_Annual_Official,20001,SY_2023_JHS_OFFICIAL,90.0,90.0,active,90.0,90.0,,93,93,93,93,
April L. Harris,10081,SYN-JHS-000062,Grade 9 Technology and Livelihood Education,20033,SYN-JHS-COURSE-000025,Grade 9 Technology and Livelihood Education,20099,,INST JHS MLA_AY 2023-2024_Annual_Official,20001,SY_2023_JHS_OFFICIAL,74.2,74.2,active,74.2,74.2,,83,83,83,83,
Ashley G. Robles,10096,SYN-JHS-000105,Grade 9 Technology and Livelihood Education,20033,SYN-JHS-COURSE-000025,Grade 9 Technology and Livelihood Education,20099,,INST JHS MLA_AY 2023-2024_Annual_Official,20001,SY_2023_JHS_OFFICIAL,92.8,92.8,active,92.8,92.8,,95,95,95,95,
Philip R. Evans,10066,SYN-JHS-000084,Grade 9 Technology and Livelihood Education,20033,SYN-JHS-COURSE-000025,Grade 9 Technology and Livelihood Education,20099,,INST JHS MLA_AY 2023-2024_Annual_Official,20001,SY_2023_JHS_OFFICIAL,92.6,92.6,active,92.6,92.6,,95,95,95,95,
Jimmy A. Wolf,10097,SYN-JHS-000106,Grade 9 Technology and Livelihood Education,20033,SYN-JHS-COURSE-000025,Grade 9 Technology and Livelihood Education,20099,,INST JHS MLA_AY 2023-2024_Annual_Official,20001,SY_2023_JHS_OFFICIAL,82.3,82.3,active,82.3,82.3,,88,88,88,88,
William A. Ruiz,10044,SYN-JHS-000053,Grade 9 Technology and Livelihood Education,20033,SYN-JHS-COURSE-000025,Grade 9 Technology and Livelihood Education,20099,,INST JHS MLA_AY 2023-2024_Annual_Official,20001,SY_2023_JHS_OFFICIAL,94.3,94.3,active,94.3,94.3,,96,96,96,96,
Christian A. Williams,10060,SYN-JHS-000075,Grade 9 Technology and Livelihood Education,20033,SYN-JHS-COURSE-000025,Grade 9 Technology and Livelihood Education,20099,,INST JHS MLA_AY 2023-2024_Annual_Official,20001,SY_2023_JHS_OFFICIAL,88.1,88.1,active,88.1,88.1,,92,92,92,92,
Larry E. Cohen,10045,SYN-JHS-000054,Grade 9 Technology and Livelihood Education,20033,SYN-JHS-COURSE-000025,Grade 9 Technology and Livelihood Education,20099,,INST JHS MLA_AY 2023-2024_Annual_Official,20001,SY_2023_JHS_OFFICIAL,90.4,90.4,active,90.4,90.4,,94,94,94,94,
Andrew J. Becker,10051,SYN-JHS-000058,Grade 9 Technology and Livelihood Education,20033,SYN-JHS-COURSE-000025,Grade 9 Technology and Livelihood Education,20099,,INST JHS MLA_AY 2023-2024_Annual_Official,20001,SY_2023_JHS_OFFICIAL,85.4,85.4,active,85.4,85.4,,90,90,90,90,
Diana J. Smith,10086,SYN-JHS-000079,Grade 9 Technology and Livelihood Education,20033,SYN-JHS-COURSE-000025,Grade 9 Technology and Livelihood Education,20099,,INST JHS MLA_AY 2023-2024_Annual_Official,20001,SY_2023_JHS_OFFICIAL,40.2,40.2,active,40.2,40.2,,70,70,70,70,
Carl T. Hill,10039,SYN-JHS-000047,Grade 9 Technology and Livelihood Education,20033,SYN-JHS-COURSE-000025,Grade 9 Technology and Livelihood Education,20099,,INST JHS MLA_AY 2023-2024_Annual_Official,20001,SY_2023_JHS_OFFICIAL,0.0,0.0,active,0.0,0.0,,60,60,60,60,
