student name,student id,student sis,course,course id,course sis,section,section id,section sis,term,term id,term sis,current score,final score,enrollment state,unposted current score,unposted final score,override score,current grade,final grade,unposted current grade,unposted final grade,override grade
Trevor H. Vincent,10091,SYN-JHS-000100,Grade 7 Araling Panlipunan,20001,SYN-JHS-COURSE-000009,Grade 7 Araling Panlipunan,20076,,INST JHS MLA_AY 2023-2024_Annual_Official,20001,SY_2023_JHS_OFFICIAL,73.22,73.22,active,73.22,73.22,,83,83,83,83,
James V. Reed,10087,SYN-JHS-000097,Grade 7 Araling Panlipunan,20001,SYN-JHS-COURSE-000009,Grade 7 Araling Panlipunan,20076,,INST JHS MLA_AY 2023-2024_Annual_Official,20001,SY_2023_JHS_OFFICIAL,87.87,87.87,active,87.87,87.87,,92,92,92,92,
Rebecca K. Barry,10058,SYN-JHS-000073,Grade 7 Araling Panlipunan,20001,SYN-JHS-COURSE-000009,Grade 7 Araling Panlipunan,20076,,INST JHS MLA_AY 2023-2024_Annual_Official,20001,SY_2023_JHS_OFFICIAL,80.48,80.48,active,80.48,80.48,,87,87,87,87,
David H. Kent,10038,SYN-JHS-000048,Grade 7 Araling Panlipunan,20001,SYN-JHS-COURSE-000009,Grade 7 Araling Panlipunan,20076,,INST JHS MLA_AY 2023-2024_Annual_Official,20001,SY_2023_JHS_OFFICIAL,80.93,80.93,active,80.93,80.93,,88,88,88,88,
Adam P. Davis,10071,SYN-JHS-000085,Grade 7 Araling Panlipunan,20001,SYN-JHS-COURSE-000009,Grade 7 Araling Panlipunan,20076,,INST JHS MLA_AY 2023-2024_Annual_Official,20001,SY_2023_JHS_OFFICIAL,0.0,0.0,active,0.0,0.0,,60,60,60,60,
Amber C. Hall,10050,SYN-JHS-000060,Grade 7 Araling Panlipunan,20001,SYN-JHS-COURSE-000009,Grade 7 Araling Panlipunan,20076,,INST JHS MLA_AY 2023-2024_Annual_Official,20001,SY_2023_JHS_OFFICIAL,64.01,64.01,active,64.01,64.01,,77,77,77,77,
Angela J. Flores,10095,SYN-JHS-000104,Grade 7 Araling Panlipunan,20001,SYN-JHS-COURSE-000009,Grade 7 Araling Panlipunan,20076,,INST JHS MLA_AY 2023-2024_Annual_Official,20001,SY_2023_JHS_OFFICIAL,82.33,82.33,active,82.33,82.33,,88,88,88,88,
Paul K. Green,10062,SYN-JHS-000080,Grade 7 Araling Panlipunan,20001,SYN-JHS-COURSE-000009,Grade 7 Araling Panlipunan,20076,,INST JHS MLA_AY 2023-2024_Annual_Official,20001,SY_2023_JHS_OFFICIAL,63.29,63.29,active,63.29,63.29,,77,77,77,77,
Shawn S. Wall,10090,SYN-JHS-000099,Grade 7 Araling Panlipunan,20001,SYN-JHS-COURSE-000009,Grade 7 Araling Panlipunan,20076,,INST JHS MLA_AY 2023-2024_Annual_Official,20001,SY_2023_JHS_OFFICIAL,60.17,60.17,active,60.17,60.17,,75,75,75,75,
Michelle B. Graham,10083,SYN-JHS-000064,Grade 7 Araling Panlipunan,20001,SYN-JHS-COURSE-000009,Grade 7 Araling Panlipunan,20076,,INST JHS MLA_AY 2023-2024_Annual_Official,20001,SY_2023_JHS_OFFICIAL,70.04,70.04,active,70.04,70.04,,81,81,81,81,
Paul M. Walker,10088,SYN-JHS-000098,Grade 7 Araling Panlipunan,20001,SYN-JHS-COURSE-000009,Grade 7 Araling Panlipunan,20076,,INST JHS MLA_AY 2023-2024_Annual_Official,20001,SY_2023_JHS_OFFICIAL,65.81,65.81,active,65.81,65.81,,78,78,78,78,
Stephanie S. Cameron,10064,SYN-JHS-000082,Grade 7 Araling Panlipunan,20001,SYN-JHS-COURSE-000009,Grade 7 Araling Panlipunan,20076,,INST JHS MLA_AY 2023-2024_Annual_Official,20001,SY_2023_JHS_OFFICIAL,26.83,26.83,active,26.83,26.83,,66,66,66,66,
Lauren C. Gibson,10041,SYN-JHS-000051,Grade 7 Araling Panlipunan,20001,SYN-JHS-COURSE-000009,Grade 7 Araling Panlipunan,20076,,INST JHS MLA_AY 2023-2024_Annual_Official,20001,SY_2023_JHS_OFFICIAL,41.58,41.58,active,41.58,41.58,,70,70,70,70,
Megan D. Cameron,10033,SYN-JHS-000043,Grade 7 Araling Panlipunan,20001,SYN-JHS-COURSE-000009,Grade 7 Araling Panlipunan,20076,,INST JHS MLA_AY 2023-2024_Annual_Official,20001,SY_2023_JHS_OFFICIAL,63.56,63.56,active,63.56,63.56,,77,77,77,77,
Thomas J. Young,10084,SYN-JHS-000077,Grade 7 Araling Panlipunan,20001,SYN-JHS-COURSE-000009,Grade 7 Araling Panlipunan,20076,,INST JHS MLA_AY 2023-2024_Annual_Official,20001,SY_2023_JHS_OFFICIAL,92.54,92.54,active,92.54,92.54,,95,95,95,95,
Gregory R. Carpenter,10052,SYN-JHS-000067,Grade 7 Araling Panlipunan,20001,SYN-JHS-COURSE-000009,Grade 7 Araling Panlipunan,20076,,INST JHS MLA_AY 2023-2024_Annual_Official,20001,SY_2023_JHS_OFFICIAL,60.76,60.76,active,60.76,60.76,,75,75,75,75,
Maria M. Swanson,10067,SYN-JHS-000086,Grade 7 Araling Panlipunan,20001,SYN-JHS-COURSE-000009,Grade 7 Araling Panlipunan,20076,,INST JHS MLA_AY 2023-2024_Annual_Official,20001,SY_2023_JHS_OFFICIAL,76.55,76.55,active,76.55,76.55,,85,85,85,85,
Kari T. Porter,10085,SYN-JHS-000078,Grade 7 Araling Panlipunan,20001,SYN-JHS-COURSE-000009,Grade 7 Araling Panlipunan,20076,,INST JHS MLA_AY 2023-2024_Annual_Official,20001,SY_2023_JHS_OFFICIAL,60.56,60.56,active,60.56,60.56,,75,75,75,75,
Virginia K. Peterson,10078,SYN-JHS-000095,Grade 7 Araling Panlipunan,20001,SYN-JHS-COURSE-000009,Grade 7 Araling Panlipunan,20076,,INST JHS MLA_AY 2023-2024_Annual_Official,20001,SY_2023_JHS_OFFICIAL,95.74,95.74,active,95.74,95.74,,97,97,97,97,
Kevin A. Campbell,10040,SYN-JHS-000049,Grade 7 Araling Panlipunan,20001,SYN-JHS-COURSE-000009,Grade 7 Araling Panlipunan,20076,,INST JHS MLA_AY 2023-2024_Annual_Official,20001,SY_2023_JHS_OFFICIAL,75.71,75.71,active,75.71,75.71,,84,84,84,84,
Bradley M. Turner,10072,SYN-JHS-000088,Grade 7 Araling Panlipunan,20001,SYN-JHS-COURSE-000009,Grade 7 Araling Panlipunan,20076,,INST JHS MLA_AY 2023-2024_Annual_Official,20001,SY_2023_JHS_OFFICIAL,0.0,0.0,active,0.0,0.0,,60,60,60,60,
Maria M. Swanson,10067,SYN-JHS-000086,Grade 7 English,20002,SYN-JHS-COURSE-000010,Grade 7 English,20077,,INST JHS MLA_AY 2023-2024_Annual_Official,20001,SY_2023_JHS_OFFICIAL,78.42,78.42,active,78.42,78.42,,86,86,86,86,
Kari T. Porter,10085,SYN-JHS-000078,Grade 7 English,20002,SYN-JHS-COURSE-000010,Grade 7 English,20077,,INST JHS MLA_AY 2023-2024_Annual_Official,20001,SY_2023_JHS_OFFICIAL,63.45,63.45,active,63.45,63.45,,77,77,77,77,
Virginia K. Peterson,10078,SYN-JHS-000095,Grade 7 English,20002,SYN-JHS-COURSE-000010,Grade 7 English,20077,,INST JHS MLA_AY 2023-2024_Annual_Official,20001,SY_2023_JHS_OFFICIAL,93.27,93.27,active,93.27,93.27,,95,95,95,95,
Kevin A. Campbell,10040,SYN-JHS-000049,Grade 7 English,20002,SYN-JHS-COURSE-000010,Grade 7 English,20077,,INST JHS MLA_AY 2023-2024_Annual_Official,20001,SY_2023_JHS_OFFICIAL,77.65,77.65,active,77.65,77.65,,86,86,86,86,
Trevor H. Vincent,10091,SYN-JHS-000100,Grade 7 English,20002,SYN-JHS-COURSE-000010,Grade 7 English,20077,,INST JHS MLA_AY 2023-2024_Annual_Official,20001,SY_2023_JHS_OFFICIAL,75.46,75.46,active,75.46,75.46,,84,84,84,84,
James V. Reed,10087,SYN-JHS-000097,Grade 7 English,20002,SYN-JHS-COURSE-000010,Grade 7 English,20077,,INST JHS MLA_AY 2023-2024_Annual_Official,20001,SY_2023_JHS_OFFICIAL,89.09,89.09,active,89.09,89.09,,93,93,93,93,
Rebecca K. Barry,10058,SYN-JHS-000073,Grade 7 English,20002,SYN-JHS-COURSE-000010,Grade 7 English,20077,,INST JHS MLA_AY 2023-2024_Annual_Official,20001,SY_2023_JHS_OFFICIAL,84.28,84.28,active,84.28,84.28,,90,90,90,90,
David H. Kent,10038,SYN-JHS-000048,Grade 7 English,20002,SYN-JHS-COURSE-000010,Grade 7 English,20077,,INST JHS MLA_AY 2023-2024_Annual_Official,20001,SY_2023_JHS_OFFICIAL,80.91,80.91,active,80.91,80.91,,88,88,88,88,
Adam P. Davis,10071,SYN-JHS-000085,Grade 7 English,20002,SYN-JHS-COURSE-000010,Grade 7 English,20077,,INST JHS MLA_AY 2023-2024_Annual_Official,20001,SY_2023_JHS_OFFICIAL,0.0,0.0,active,0.0,0.0,,60,60,60,60,
Amber C. Hall,10050,SYN-JHS-000060,Grade 7 English,20002,SYN-JHS-COURSE-000010,Grade 7 English,20077,,INST JHS MLA_AY 2023-2024_Annual_Official,20001,SY_2023_JHS_OFFICIAL,64.76,64.76,active,64.76,64.76,,77,77,77,77,
Angela J. Flores,10095,SYN-JHS-000104,Grade 7 English,20002,SYN-JHS-COURSE-000010,Grade 7 English,20077,,INST JHS MLA_AY 2023-2024_Annual_Official,20001,SY_2023_JHS_OFFICIAL,84.12,84.12,active,84.12,84.12,,90,90,90,90,
Paul K. Green,10062,SYN-JHS-000080,Grade 7 English,20002,SYN-JHS-COURSE-000010,Grade 7 English,20077,,INST JHS MLA_AY 2023-2024_Annual_Official,20001,SY_2023_JHS_OFFICIAL,67.48,67.48,active,67.48,67.48,,79,79,79,79,
Shawn S. Wall,10090,SYN-JHS-000099,Grade 7 English,20002,SYN-JHS-COURSE-000010,Grade 7 English,20077,,INST JHS MLA_AY 2023-2024_Annual_Official,20001,SY_2023_JHS_OFFICIAL,63.63,63.63,active,63.63,63.63,,77,77,77,77,
Michelle B. Graham,10083,SYN-JHS-000064,Grade 7 English,20002,SYN-JHS-COURSE-000010,Grade 7 English,20077,,INST JHS MLA_AY 2023-2024_Annual_Official,20001,SY_2023_JHS_OFFICIAL,70.23,70.23,active,70.23,70.23,,81,81,81,81,
Paul M. Walker,10088,SYN-JHS-000098,Grade 7 English,20002,SYN-JHS-COURSE-000010,Grade 7 English,20077,,INST JHS MLA_AY 2023-2024_Annual_Official,20001,SY_2023_JHS_OFFICIAL,83.83,83.83,active,83.83,83.83,,89,89,89,89,
Stephanie S. Cameron,10064,SYN-JHS-000082,Grade 7 English,20002,SYN-JHS-COURSE-000010,Grade 7 English,20077,,INST JHS MLA_AY 2023-2024_Annual_Official,20001,SY_2023_JHS_OFFICIAL,66.92,66.92,active,66.92,66.92,,79,79,79,79,
Lauren C. Gibson,10041,SYN-JHS-000051,Grade 7 English,20002,SYN-JHS-COURSE-000010,Grade 7 English,20077,,INST JHS MLA_AY 2023-2024_Annual_Official,20001,SY_2023_JHS_OFFICIAL,45.88,45.88,active,45.88,45.88,,71,71,71,71,
Megan D. Cameron,10033,SYN-JHS-000043,Grade 7 English,20002,SYN-JHS-COURSE-000010,Grade 7 English,20077,,INST JHS MLA_AY 2023-2024_Annual_Official,20001,SY_2023_JHS_OFFICIAL,68.74,68.74,active,68.74,68.74,,80,80,80,80,
Thomas J. Young,10084,SYN-JHS-000077,Grade 7 English,20002,SYN-JHS-COURSE-000010,Grade 7 English,20077,,INST JHS MLA_AY 2023-2024_Annual_Official,20001,SY_2023_JHS_OFFICIAL,93.8,93.8,active,93.8,93.8,,96,96,96,96,
Gregory R. Carpenter,10052,SYN-JHS-000067,Grade 7 English,20002,SYN-JHS-COURSE-000010,Grade 7 English,20077,,INST JHS MLA_AY 2023-2024_Annual_Official,20001,SY_2023_JHS_OFFICIAL,70.54,70.54,active,70.54,70.54,,81,81,81,81,
Bradley M. Turner,10072,SYN-JHS-000088,Grade 7 English,20002,SYN-JHS-COURSE-000010,Grade 7 English,20077,,INST JHS MLA_AY 2023-2024_Annual_Official,20001,SY_2023_JHS_OFFICIAL,0.0,0.0,active,0.0,0.0,,60,60,60,60,
Shawn S. Wall,10090,SYN-JHS-000099,Grade 7 Edukasyon sa Pagpapakatao,20003,SYN-JHS-COURSE-000011,Grade 7 Edukasyon sa Pagpapakatao,20078,,INST JHS MLA_AY 2023-2024_Annual_Official,20001,SY_2023_JHS_OFFICIAL,86.0,86.0,active,86.0,86.0,,91,91,91,91,
Michelle B. Graham,10083,SYN-JHS-000064,Grade 7 Edukasyon sa Pagpapakatao,20003,SYN-JHS-COURSE-000011,Grade 7 Edukasyon sa Pagpapakatao,20078,,INST JHS MLA_AY 2023-2024_Annual_Official,20001,SY_2023_JHS_OFFICIAL,86.25,86.25,active,86.25,86.25,,91,91,91,91,
Paul M. Walker,10088,SYN-JHS-000098,Grade 7 Edukasyon sa Pagpapakatao,20003,SYN-JHS-COURSE-000011,Grade 7 Edukasyon sa Pagpapakatao,20078,,INST JHS MLA_AY 2023-2024_Annual_Official,20001,SY_2023_JHS_OFFICIAL,86.0,86.0,active,86.0,86.0,,91,91,91,91,
Stephanie S. Cameron,10064,SYN-JHS-000082,Grade 7 Edukasyon sa Pagpapakatao,20003,SYN-JHS-COURSE-000011,Grade 7 Edukasyon sa Pagpapakatao,20078,,INST JHS MLA_AY 2023-2024_Annual_Official,20001,SY_2023_JHS_OFFICIAL,65.0,65.0,active,65.0,65.0,,78,78,78,78,
Lauren C. Gibson,10041,SYN-JHS-000051,Grade 7 Edukasyon sa Pagpapakatao,20003,SYN-JHS-COURSE-000011,Grade 7 Edukasyon sa Pagpapakatao,20078,,INST JHS MLA_AY 2023-2024_Annual_Official,20001,SY_2023_JHS_OFFICIAL,47.75,47.75,active,47.75,47.75,,71,71,71,71,
Megan D. Cameron,10033,SYN-JHS-000043,Grade 7 Edukasyon sa Pagpapakatao,20003,SYN-JHS-COURSE-000011,Grade 7 Edukasyon sa Pagpapakatao,20078,,INST JHS MLA_AY 2023-2024_Annual_Official,20001,SY_2023_JHS_OFFICIAL,90.75,90.75,active,90.75,90.75,,94,94,94,94,
Thomas J. Young,10084,SYN-JHS-000077,Grade 7 Edukasyon sa Pagpapakatao,20003,SYN-JHS-COURSE-000011,Grade 7 Edukasyon sa Pagpapakatao,20078,,INST JHS MLA_AY 2023-2024_Annual_Official,20001,SY_2023_JHS_OFFICIAL,100.0,100.0,active,100.0,100.0,,100,100,100,100,
Gregory R. Carpenter,10052,SYN-JHS-000067,Grade 7 Edukasyon sa Pagpapakatao,20003,SYN-JHS-COURSE-000011,Grade 7 Edukasyon sa Pagpapakatao,20078,,INST JHS MLA_AY 2023-2024_Annual_Official,20001,SY_2023_JHS_OFFICIAL,78.25,78.25,active,78.25,78.25,,86,86,86,86,
Maria M. Swanson,10067,SYN-JHS-000086,Grade 7 Edukasyon sa Pagpapakatao,20003,SYN-JHS-COURSE-000011,Grade 7 Edukasyon sa Pagpapakatao,20078,,INST JHS MLA_AY 2023-2024_Annual_Official,20001,SY_2023_JHS_OFFICIAL,94.0,94.0,active,94.0,94.0,,96,96,96,96,
Kari T. Porter,10085,SYN-JHS-000078,Grade 7 Edukasyon sa Pagpapakatao,20003,SYN-JHS-COURSE-000011,Grade 7 Edukasyon sa Pagpapakatao,20078,,INST JHS MLA_AY 2023-2024_Annual_Official,20001,SY_2023_JHS_OFFICIAL,64.5,64.5,active,64.5,64.5,,77,77,77,77,
Virginia K. Peterson,10078,SYN-JHS-000095,Grade 7 Edukasyon sa Pagpapakatao,20003,SYN-JHS-COURSE-000011,Grade 7 Edukasyon sa Pagpapakatao,20078,,INST JHS MLA_AY 2023-2024_Annual_Official,20001,SY_2023_JHS_OFFICIAL,100.0,100.0,active,100.0,100.0,,100,100,100,100,
Kevin A. Campbell,10040,SYN-JHS-000049,Grade 7 Edukasyon sa Pagpapakatao,20003,SYN-JHS-COURSE-000011,Grade 7 Edukasyon sa Pagpapakatao,20078,,INST JHS MLA_AY 2023-2024_Annual_Official,20001,SY_2023_JHS_OFFICIAL,97.5,97.5,active,97.5,97.5,,98,98,98,98,
Trevor H. Vincent,10091,SYN-JHS-000100,Grade 7 Edukasyon sa Pagpapakatao,20003,SYN-JHS-COURSE-000011,Grade 7 Edukasyon sa Pagpapakatao,20078,,INST JHS MLA_AY 2023-2024_Annual_Official,20001,SY_2023_JHS_OFFICIAL,79.25,79.25,active,79.25,79.25,,87,87,87,87,
James V. Reed,10087,SYN-JHS-000097,Grade 7 Edukasyon sa Pagpapakatao,20003,SYN-JHS-COURSE-000011,Grade 7 Edukasyon sa Pagpapakatao,20078,,INST JHS MLA_AY 2023-2024_Annual_Official,20001,SY_2023_JHS_OFFICIAL,97.5,97.5,active,97.5,97.5,,98,98,98,98,
Rebecca K. Barry,10058,SYN-JHS-000073,Grade 7 Edukasyon sa Pagpapakatao,20003,SYN-JHS-COURSE-000011,Grade 7 Edukasyon sa Pagpapakatao,20078,,INST JHS MLA_AY 2023-2024_Annual_Official,20001,SY_2023_JHS_OFFICIAL,91.5,91.5,active,91.5,91.5,,94,94,94,94,
David H. Kent,10038,SYN-JHS-000048,Grade 7 Edukasyon sa Pagpapakatao,20003,SYN-JHS-COURSE-000011,Grade 7 Edukasyon sa Pagpapakatao,20078,,INST JHS MLA_AY 2023-2024_Annual_Official,20001,SY_2023_JHS_OFFICIAL,91.75,91.75,active,91.75,91.75,,94,94,94,94,
Adam P. Davis,10071,SYN-JHS-000085,Grade 7 Edukasyon sa Pagpapakatao,20003,SYN-JHS-COURSE-000011,Grade 7 Edukasyon sa Pagpapakatao,20078,,INST JHS MLA_AY 2023-2024_Annual_Official,20001,SY_2023_JHS_OFFICIAL,0.0,0.0,active,0.0,0.0,,60,60,60,60,
Amber C. Hall,10050,SYN-JHS-000060,Grade 7 Edukasyon sa Pagpapakatao,20003,SYN-JHS-COURSE-000011,Grade 7 Edukasyon sa Pagpapakatao,20078,,INST JHS MLA_AY 2023-2024_Annual_Official,20001,SY_2023_JHS_OFFICIAL,38.0,38.0,active,38.0,38.0,,69,69,69,69,
Angela J. Flores,10095,SYN-JHS-000104,Grade 7 Edukasyon sa Pagpapakatao,20003,SYN-JHS-COURSE-000011,Grade 7 Edukasyon sa Pagpapakatao,20078,,INST JHS MLA_AY 2023-2024_Annual_Official,20001,SY_2023_JHS_OFFICIAL,93.0,93.0,active,93.0,93.0,,95,95,95,95,
Paul K. Green,10062,SYN-JHS-000080,Grade 7 Edukasyon sa Pagpapakatao,20003,SYN-JHS-COURSE-000011,Grade 7 Edukasyon sa Pagpapakatao,20078,,INST JHS MLA_AY 2023-2024_Annual_Official,20001,SY_2023_JHS_OFFICIAL,78.0,78.0,active,78.0,78.0,,86,86,86,86,
Bradley M. Turner,10072,SYN-JHS-000088,Grade 7 Edukasyon sa Pagpapakatao,20003,SYN-JHS-COURSE-000011,Grade 7 Edukasyon sa Pagpapakatao,20078,,INST JHS MLA_AY 2023-2024_Annual_Official,20001,SY_2023_JHS_OFFICIAL,0.0,0.0,active,0.0,0.0,,60,60,60,60,
Trevor H. Vincent,10091,SYN-JHS-000100,Grade 7 Filipino,20004,SYN-JHS-COURSE-000012,Grade 7 Filipino,20079,,INST JHS MLA_AY 2023-2024_Annual_Official,20001,SY_2023_JHS_OFFICIAL,70.4,70.4,active,70.4,70.4,,81,81,81,81,
James V. Reed,10087,SYN-JHS-000097,Grade 7 Filipino,20004,SYN-JHS-COURSE-000012,Grade 7 Filipino,20079,,INST JHS MLA_AY 2023-2024_Annual_Official,20001,SY_2023_JHS_OFFICIAL,89.73,89.73,active,89.73,89.73,,93,93,93,93,
Rebecca K. Barry,10058,SYN-JHS-000073,Grade 7 Filipino,20004,SYN-JHS-COURSE-000012,Grade 7 Filipino,20079,,INST JHS MLA_AY 2023-2024_Annual_Official,20001,SY_2023_JHS_OFFICIAL,92.4,92.4,active,92.4,92.4,,95,95,95,95,
David H. Kent,10038,SYN-JHS-000048,Grade 7 Filipino,20004,SYN-JHS-COURSE-000012,Grade 7 Filipino,20079,,INST JHS MLA_AY 2023-2024_Annual_Official,20001,SY_2023_JHS_OFFICIAL,78.53,78.53,active,78.53,78.53,,86,86,86,86,
Adam P. Davis,10071,SYN-JHS-000085,Grade 7 Filipino,20004,SYN-JHS-COURSE-000012,Grade 7 Filipino,20079,,INST JHS MLA_AY 2023-2024_Annual_Official,20001,SY_2023_JHS_OFFICIAL,0.0,0.0,active,0.0,0.0,,60,60,60,60,
Amber C. Hall,10050,SYN-JHS-000060,Grade 7 Filipino,20004,SYN-JHS-COURSE-000012,Grade 7 Filipino,20079,,INST JHS MLA_AY 2023-2024_Annual_Official,20001,SY_2023_JHS_OFFICIAL,77.73,77.73,active,77.73,77.73,,86,86,86,86,
Angela J. Flores,10095,SYN-JHS-000104,Grade 7 Filipino,20004,SYN-JHS-COURSE-000012,Grade 7 Filipino,20079,,INST JHS MLA_AY 2023-2024_Annual_Official,20001,SY_2023_JHS_OFFICIAL,93.87,93.87,active,93.87,93.87,,96,96,96,96,
Paul K. Green,10062,SYN-JHS-000080,Grade 7 Filipino,20004,SYN-JHS-COURSE-000012,Grade 7 Filipino,20079,,INST JHS MLA_AY 2023-2024_Annual_Official,20001,SY_2023_JHS_OFFICIAL,66.93,66.93,active,66.93,66.93,,79,79,79,79,
Shawn S. Wall,10090,SYN-JHS-000099,Grade 7 Filipino,20004,SYN-JHS-COURSE-000012,Grade 7 Filipino,20079,,INST JHS MLA_AY 2023-2024_Annual_Official,20001,SY_2023_JHS_OFFICIAL,63.6,63.6,active,63.6,63.6,,77,77,77,77,
Michelle B. Graham,10083,SYN-JHS-000064,Grade 7 Filipino,20004,SYN-JHS-COURSE-000012,Grade 7 Filipino,20079,,INST JHS MLA_AY 2023-2024_Annual_Official,20001,SY_2023_JHS_OFFICIAL,71.07,71.07,active,71.07,71.07,,81,81,81,81,
Paul M. Walker,10088,SYN-JHS-000098,Grade 7 Filipino,20004,SYN-JHS-COURSE-000012,Grade 7 Filipino,20079,,INST JHS MLA_AY 2023-2024_Annual_Official,20001,SY_2023_JHS_OFFICIAL,76.4,76.4,active,76.4,76.4,,85,85,85,85,
Stephanie S. Cameron,10064,SYN-JHS-000082,Grade 7 Filipino,20004,SYN-JHS-COURSE-000012,Grade 7 Filipino,20079,,INST JHS MLA_AY 2023-2024_Annual_Official,20001,SY_2023_JHS_OFFICIAL,64.67,64.67,active,64.67,64.67,,77,77,77,77,
Lauren C. Gibson,10041,SYN-JHS-000051,Grade 7 Filipino,20004,SYN-JHS-COURSE-000012,Grade 7 Filipino,20079,,INST JHS MLA_AY 2023-2024_Annual_Official,20001,SY_2023_JHS_OFFICIAL,27.47,27.47,active,27.47,27.47,,66,66,66,66,
Megan D. Cameron,10033,SYN-JHS-000043,Grade 7 Filipino,20004,SYN-JHS-COURSE-000012,Grade 7 Filipino,20079,,INST JHS MLA_AY 2023-2024_Annual_Official,20001,SY_2023_JHS_OFFICIAL,69.2,69.2,active,69.2,69.2,,80,80,80,80,
Thomas J. Young,10084,SYN-JHS-000077,Grade 7 Filipino,20004,SYN-JHS-COURSE-000012,Grade 7 Filipino,20079,,INST JHS MLA_AY 2023-2024_Annual_Official,20001,SY_2023_JHS_OFFICIAL,96.27,96.27,active,96.27,96.27,,97,97,97,97,
Gregory R. Carpenter,10052,SYN-JHS-000067,Grade 7 Filipino,20004,SYN-JHS-COURSE-000012,Grade 7 Filipino,20079,,INST JHS MLA_AY 2023-2024_Annual_Official,20001,SY_2023_JHS_OFFICIAL,60.13,60.13,active,60.13,60.13,,75,75,75,75,
Maria M. Swanson,10067,SYN-JHS-000086,Grade 7 Filipino,20004,SYN-JHS-COURSE-000012,Grade 7 Filipino,20079,,INST JHS MLA_AY 2023-2024_Annual_Official,20001,SY_2023_JHS_OFFICIAL,88.13,88.13,active,88.13,88.13,,92,92,92,92,
Kari T. Porter,10085,SYN-JHS-000078,Grade 7 Filipino,20004,SYN-JHS-COURSE-000012,Grade 7 Filipino,20079,,INST JHS MLA_AY 2023-2024_Annual_Official,20001,SY_2023_JHS_OFFICIAL,60.27,60.27,active,60.27,60.27,,75,75,75,75,
Virginia K. Peterson,10078,SYN-JHS-000095,Grade 7 Filipino,20004,SYN-JHS-COURSE-000012,Grade 7 Filipino,20079,,INST JHS MLA_AY 2023-2024_Annual_Official,20001,SY_2023_JHS_OFFICIAL,94.0,94.0,active,94.0,94.0,,96,96,96,96,
Kevin A. Campbell,10040,SYN-JHS-000049,Grade 7 Filipino,20004,SYN-JHS-COURSE-000012,Grade 7 Filipino,20079,,INST JHS MLA_AY 2023-2024_Annual_Official,20001,SY_2023_JHS_OFFICIAL,68.53,68.53,active,68.53,68.53,,80,80,80,80,
Bradley M. Turner,10072,SYN-JHS-000088,Grade 7 Filipino,20004,SYN-JHS-COURSE-000012,Grade 7 Filipino,20079,,INST JHS MLA_AY 2023-2024_Annual_Official,20001,SY_2023_JHS_OFFICIAL,0.0,0.0,active,0.0,0.0,,60,60,60,60,
Trevor H. Vincent,10091,SYN-JHS-000100,Grade 7 Mathematics,20005,SYN-JHS-COURSE-000014,Grade 7 Mathematics,20067,,INST JHS MLA_AY 2023-2024_Annual_Official,20001,SY_2023_JHS_OFFICIAL,76.23,76.23,active,76.23,76.23,,85,85,85,85,
James V. Reed,10087,SYN-JHS-000097,Grade 7 Mathematics,20005,SYN-JHS-COURSE-000014,Grade 7 Mathematics,20067,,INST JHS MLA_AY 2023-2024_Annual_Official,20001,SY_2023_JHS_OFFICIAL,88.34,88.34,active,88.34,88.34,,92,92,92,92,
Rebecca K. Barry,10058,SYN-JHS-000073,Grade 7 Mathematics,20005,SYN-JHS-COURSE-000014,Grade 7 Mathematics,20067,,INST JHS MLA_AY 2023-2024_Annual_Official,20001,SY_2023_JHS_OFFICIAL,87.64,87.64,active,87.64,87.64,,92,92,92,92,
David H. Kent,10038,SYN-JHS-000048,Grade 7 Mathematics,20005,SYN-JHS-COURSE-000014,Grade 7 Mathematics,20067,,INST JHS MLA_AY 2023-2024_Annual_Official,20001,SY_2023_JHS_OFFICIAL,69.67,69.67,active,69.67,69.67,,81,81,81,81,
Adam P. Davis,10071,SYN-JHS-000085,Grade 7 Mathematics,20005,SYN-JHS-COURSE-000014,Grade 7 Mathematics,20067,,INST JHS MLA_AY 2023-2024_Annual_Official,20001,SY_2023_JHS_OFFICIAL,0.0,0.0,active,0.0,0.0,,60,60,60,60,
Amber C. Hall,10050,SYN-JHS-000060,Grade 7 Mathematics,20005,SYN-JHS-COURSE-000014,Grade 7 Mathematics,20067,,INST JHS MLA_AY 2023-2024_Annual_Official,20001,SY_2023_JHS_OFFICIAL,60.22,60.22,active,60.22,60.22,,75,75,75,75,
Angela J. Flores,10095,SYN-JHS-000104,Grade 7 Mathematics,20005,SYN-JHS-COURSE-000014,Grade 7 Mathematics,20067,,INST JHS MLA_AY 2023-2024_Annual_Official,20001,SY_2023_JHS_OFFICIAL,76.45,76.45,active,76.45,76.45,,85,85,85,85,
Paul K. Green,10062,SYN-JHS-000080,Grade 7 Mathematics,20005,SYN-JHS-COURSE-000014,Grade 7 Mathematics,20067,,INST JHS MLA_AY 2023-2024_Annual_Official,20001,SY_2023_JHS_OFFICIAL,62.87,62.87,active,62.87,62.87,,76,76,76,76,
Shawn S. Wall,10090,SYN-JHS-000099,Grade 7 Mathematics,20005,SYN-JHS-COURSE-000014,Grade 7 Mathematics,20067,,INST JHS MLA_AY 2023-2024_Annual_Official,20001,SY_2023_JHS_OFFICIAL,70.64,70.64,active,70.64,70.64,,81,81,81,81,
Michelle B. Graham,10083,SYN-JHS-000064,Grade 7 Mathematics,20005,SYN-JHS-COURSE-000014,Grade 7 Mathematics,20067,,INST JHS MLA_AY 2023-2024_Annual_Official,20001,SY_2023_JHS_OFFICIAL,70.74,70.74,active,70.74,70.74,,81,81,81,81,
Paul M. Walker,10088,SYN-JHS-000098,Grade 7 Mathematics,20005,SYN-JHS-COURSE-000014,Grade 7 Mathematics,20067,,INST JHS MLA_AY 2023-2024_Annual_Official,20001,SY_2023_JHS_OFFICIAL,69.06,69.06,active,69.06,69.06,,80,80,80,80,
Stephanie S. Cameron,10064,SYN-JHS-000082,Grade 7 Mathematics,20005,SYN-JHS-COURSE-000014,Grade 7 Mathematics,20067,,INST JHS MLA_AY 2023-2024_Annual_Official,20001,SY_2023_JHS_OFFICIAL,60.71,60.71,active,60.71,60.71,,75,75,75,75,
Lauren C. Gibson,10041,SYN-JHS-000051,Grade 7 Mathematics,20005,SYN-JHS-COURSE-000014,Grade 7 Mathematics,20067,,INST JHS MLA_AY 2023-2024_Annual_Official,20001,SY_2023_JHS_OFFICIAL,40.31,40.31,active,40.31,40.31,,70,70,70,70,
Megan D. Cameron,10033,SYN-JHS-000043,Grade 7 Mathematics,20005,SYN-JHS-COURSE-000014,Grade 7 Mathematics,20067,,INST JHS MLA_AY 2023-2024_Annual_Official,20001,SY_2023_JHS_OFFICIAL,68.9,68.9,active,68.9,68.9,,80,80,80,80,
Thomas J. Young,10084,SYN-JHS-000077,Grade 7 Mathematics,20005,SYN-JHS-COURSE-000014,Grade 7 Mathematics,20067,,INST JHS MLA_AY 2023-2024_Annual_Official,20001,SY_2023_JHS_OFFICIAL,87.81,87.81,active,87.81,87.81,,92,92,92,92,
Gregory R. Carpenter,10052,SYN-JHS-000067,Grade 7 Mathematics,20005,SYN-JHS-COURSE-000014,Grade 7 Mathematics,20067,,INST JHS MLA_AY 2023-2024_Annual_Official,20001,SY_2023_JHS_OFFICIAL,72.74,72.74,active,72.74,72.74,,82,82,82,82,
Maria M. Swanson,10067,SYN-JHS-000086,Grade 7 Mathematics,20005,SYN-JHS-COURSE-000014,Grade 7 Mathematics,20067,,INST JHS MLA_AY 2023-2024_Annual_Official,20001,SY_2023_JHS_OFFICIAL,76.52,76.52,active,76.52,76.52,,85,85,85,85,
Kari T. Porter,10085,SYN-JHS-000078,Grade 7 Mathematics,20005,SYN-JHS-COURSE-000014,Grade 7 Mathematics,20067,,INST JHS MLA_AY 2023-2024_Annual_Official,20001,SY_2023_JHS_OFFICIAL,46.78,46.78,active,46.78,46.78,,71,71,71,71,
Virginia K. Peterson,10078,SYN-JHS-000095,Grade 7 Mathematics,20005,SYN-JHS-COURSE-000014,Grade 7 Mathematics,20067,,INST JHS MLA_AY 2023-2024_Annual_Official,20001,SY_2023_JHS_OFFICIAL,90.41,90.41,active,90.41,90.41,,94,94,94,94,
Kevin A. Campbell,10040,SYN-JHS-000049,Grade 7 Mathematics,20005,SYN-JHS-COURSE-000014,Grade 7 Mathematics,20067,,INST JHS MLA_AY 2023-2024_Annual_Official,20001,SY_2023_JHS_OFFICIAL,68.31,68.31,active,68.31,68.31,,80,80,80,80,
Bradley M. Turner,10072,SYN-JHS-000088,Grade 7 Mathematics,20005,SYN-JHS-COURSE-000014,Grade 7 Mathematics,20067,,INST JHS MLA_AY 2023-2024_Annual_Official,20001,SY_2023_JHS_OFFICIAL,0.0,0.0,active,0.0,0.0,,60,60,60,60,
Trevor H. Vincent,10091,SYN-JHS-000100,Grade 7 Science,20006,SYN-JHS-COURSE-000015,Grade 7 Science,20080,,INST JHS MLA_AY 2023-2024_Annual_Official,20001,SY_2023_JHS_OFFICIAL,84.04,84.04,active,84.04,84.04,,90,90,90,90,
James V. Reed,10087,SYN-JHS-000097,Grade 7 Science,20006,SYN-JHS-COURSE-000015,Grade 7 Science,20080,,INST JHS MLA_AY 2023-2024_Annual_Official,20001,SY_2023_JHS_OFFICIAL,84.57,84.57,active,84.57,84.57,,90,90,90,90,
Rebecca K. Barry,10058,SYN-JHS-000073,Grade 7 Science,20006,SYN-JHS-COURSE-000015,Grade 7 Science,20080,,INST JHS MLA_AY 2023-2024_Annual_Official,20001,SY_2023_JHS_OFFICIAL,81.33,81.33,active,81.33,81.33,,88,88,88,88,
David H. Kent,10038,SYN-JHS-000048,Grade 7 Science,20006,SYN-JHS-COURSE-000015,Grade 7 Science,20080,,INST JHS MLA_AY 2023-2024_Annual_Official,20001,SY_2023_JHS_OFFICIAL,84.15,84.15,active,84.15,84.15,,90,90,90,90,
Adam P. Davis,10071,SYN-JHS-000085,Grade 7 Science,20006,SYN-JHS-COURSE-000015,Grade 7 Science,20080,,INST JHS MLA_AY 2023-2024_Annual_Official,20001,SY_2023_JHS_OFFICIAL,0.0,0.0,active,0.0,0.0,,60,60,60,60,
Amber C. Hall,10050,SYN-JHS-000060,Grade 7 Science,20006,SYN-JHS-COURSE-000015,Grade 7 Science,20080,,INST JHS MLA_AY 2023-2024_Annual_Official,20001,SY_2023_JHS_OFFICIAL,67.1,67.1,active,67.1,67.1,,79,79,79,79,
Angela J. Flores,10095,SYN-JHS-000104,Grade 7 Science,20006,SYN-JHS-COURSE-000015,Grade 7 Science,20080,,INST JHS MLA_AY 2023-2024_Annual_Official,20001,SY_2023_JHS_OFFICIAL,84.42,84.42,active,84.42,84.42,,90,90,90,90,
Paul K. Green,10062,SYN-JHS-000080,Grade 7 Science,20006,SYN-JHS-COURSE-000015,Grade 7 Science,20080,,INST JHS MLA_AY 2023-2024_Annual_Official,20001,SY_2023_JHS_OFFICIAL,68.27,68.27,active,68.27,68.27,,80,80,80,80,
Shawn S. Wall,10090,SYN-JHS-000099,Grade 7 Science,20006,SYN-JHS-COURSE-000015,Grade 7 Science,20080,,INST JHS MLA_AY 2023-2024_Annual_Official,20001,SY_2023_JHS_OFFICIAL,56.93,56.93,active,56.93,56.93,,74,74,74,74,
Michelle B. Graham,10083,SYN-JHS-000064,Grade 7 Science,20006,SYN-JHS-COURSE-000015,Grade 7 Science,20080,,INST JHS MLA_AY 2023-2024_Annual_Official,20001,SY_2023_JHS_OFFICIAL,77.09,77.09,active,77.09,77.09,,85,85,85,85,
Paul M. Walker,10088,SYN-JHS-000098,Grade 7 Science,20006,SYN-JHS-COURSE-000015,Grade 7 Science,20080,,INST JHS MLA_AY 2023-2024_Annual_Official,20001,SY_2023_JHS_OFFICIAL,78.84,78.84,active,78.84,78.84,,86,86,86,86,
Stephanie S. Cameron,10064,SYN-JHS-000082,Grade 7 Science,20006,SYN-JHS-COURSE-000015,Grade 7 Science,20080,,INST JHS MLA_AY 2023-2024_Annual_Official,20001,SY_2023_JHS_OFFICIAL,70.27,70.27,active,70.27,70.27,,81,81,81,81,
Lauren C. Gibson,10041,SYN-JHS-000051,Grade 7 Science,20006,SYN-JHS-COURSE-000015,Grade 7 Science,20080,,INST JHS MLA_AY 2023-2024_Annual_Official,20001,SY_2023_JHS_OFFICIAL,77.1,77.1,active,77.1,77.1,,85,85,85,85,
Megan D. Cameron,10033,SYN-JHS-000043,Grade 7 Science,20006,SYN-JHS-COURSE-000015,Grade 7 Science,20080,,INST JHS MLA_AY 2023-2024_Annual_Official,20001,SY_2023_JHS_OFFICIAL,71.24,71.24,active,71.24,71.24,,82,82,82,82,
Thomas J. Young,10084,SYN-JHS-000077,Grade 7 Science,20006,SYN-JHS-COURSE-000015,Grade 7 Science,20080,,INST JHS MLA_AY 2023-2024_Annual_Official,20001,SY_2023_JHS_OFFICIAL,84.34,84.34,active,84.34,84.34,,90,90,90,90,
Gregory R. Carpenter,10052,SYN-JHS-000067,Grade 7 Science,20006,SYN-JHS-COURSE-000015,Grade 7 Science,20080,,INST JHS MLA_AY 2023-2024_Annual_Official,20001,SY_2023_JHS_OFFICIAL,64.0,64.0,active,64.0,64.0,,77,77,77,77,
Maria M. Swanson,10067,SYN-JHS-000086,Grade 7 Science,20006,SYN-JHS-COURSE-000015,Grade 7 Science,20080,,INST JHS MLA_AY 2023-2024_Annual_Official,20001,SY_2023_JHS_OFFICIAL,82.69,82.69,active,82.69,82.69,,89,89,89,89,
Kari T. Porter,10085,SYN-JHS-000078,Grade 7 Science,20006,SYN-JHS-COURSE-000015,Grade 7 Science,20080,,INST JHS MLA_AY 2023-2024_Annual_Official,20001,SY_2023_JHS_OFFICIAL,58.0,58.0,active,58.0,58.0,,74,74,74,74,
Virginia K. Peterson,10078,SYN-JHS-000095,Grade 7 Science,20006,SYN-JHS-COURSE-000015,Grade 7 Science,20080,,INST JHS MLA_AY 2023-2024_Annual_Official,20001,SY_2023_JHS_OFFICIAL,91.16,91.16,active,91.16,91.16,,94,94,94,94,
Kevin A. Campbell,10040,SYN-JHS-000049,Grade 7 Science,20006,SYN-JHS-COURSE-000015,Grade 7 Science,20080,,INST JHS MLA_AY 2023-2024_Annual_Official,20001,SY_2023_JHS_OFFICIAL,75.33,75.33,active,75.33,75.33,,84,84,84,84,
Bradley M. Turner,10072,SYN-JHS-000088,Grade 7 Science,20006,SYN-JHS-COURSE-000015,Grade 7 Science,20080,,INST JHS MLA_AY 2023-2024_Annual_Official,20001,SY_2023_JHS_OFFICIAL,0.0,0.0,active,0.0,0.0,,60,60,60,60,
Trevor H. Vincent,10091,SYN-JHS-000100,Grade 7 Technology and Livelihood Education,20007,SYN-JHS-COURSE-000016,Grade 7 Technology and Livelihood Education,20081,,INST JHS MLA_AY 2023-2024_Annual_Official,20001,SY_2023_JHS_OFFICIAL,90.8,90.8,active,90.8,90.8,,94,94,94,94,
James V. Reed,10087,SYN-JHS-000097,Grade 7 Technology and Livelihood Education,20007,SYN-JHS-COURSE-000016,Grade 7 Technology and Livelihood Education,20081,,INST JHS MLA_AY 2023-2024_Annual_Official,20001,SY_2023_JHS_OFFICIAL,86.05,86.05,active,86.05,86.05,,91,91,91,91,
Rebecca K. Barry,10058,SYN-JHS-000073,Grade 7 Technology and Livelihood Education,20007,SYN-JHS-COURSE-000016,Grade 7 Technology and Livelihood Education,20081,,INST JHS MLA_AY 2023-2024_Annual_Official,20001,SY_2023_JHS_OFFICIAL,86.85,86.85,active,86.85,86.85,,91,91,91,91,
David H. Kent,10038,SYN-JHS-000048,Grade 7 Technology and Livelihood Education,20007,SYN-JHS-COURSE-000016,Grade 7 Technology and Livelihood Education,20081,,INST JHS MLA_AY 2023-2024_Annual_Official,20001,SY_2023_JHS_OFFICIAL,89.7,89.7,active,89.7,89.7,,93,93,93,93,
Adam P. Davis,10071,SYN-JHS-000085,Grade 7 Technology and Livelihood Education,20007,SYN-JHS-COURSE-000016,Grade 7 Technology and Livelihood Education,20081,,INST JHS MLA_AY 2023-2024_Annual_Official,20001,SY_2023_JHS_OFFICIAL,,0.0,active,,0.0,,,60,,60,
Amber C. Hall,10050,SYN-JHS-000060,Grade 7 Technology and Livelihood Education,20007,SYN-JHS-COURSE-000016,Grade 7 Technology and Livelihood Education,20081,,INST JHS MLA_AY 2023-2024_Annual_Official,20001,SY_2023_JHS_OFFICIAL,76.73,76.73,active,76.73,76.73,,85,85,85,85,
Angela J. Flores,10095,SYN-JHS-000104,Grade 7 Technology and Livelihood Education,20007,SYN-JHS-COURSE-000016,Grade 7 Technology and Livelihood Education,20081,,INST JHS MLA_AY 2023-2024_Annual_Official,20001,SY_2023_JHS_OFFICIAL,86.77,86.77,active,86.77,86.77,,91,91,91,91,
Paul K. Green,10062,SYN-JHS-000080,Grade 7 Technology and Livelihood Education,20007,SYN-JHS-COURSE-000016,Grade 7 Technology and Livelihood Education,20081,,INST JHS MLA_AY 2023-2024_Annual_Official,20001,SY_2023_JHS_OFFICIAL,58.41,58.41,active,58.41,58.41,,74,74,74,74,
Shawn S. Wall,10090,SYN-JHS-000099,Grade 7 Technology and Livelihood Education,20007,SYN-JHS-COURSE-000016,Grade 7 Technology and Livelihood Education,20081,,INST JHS MLA_AY 2023-2024_Annual_Official,20001,SY_2023_JHS_OFFICIAL,65.33,65.33,active,65.33,65.33,,78,78,78,78,
Michelle B. Graham,10083,SYN-JHS-000064,Grade 7 Technology and Livelihood Education,20007,SYN-JHS-COURSE-000016,Grade 7 Technology and Livelihood Education,20081,,INST JHS MLA_AY 2023-2024_Annual_Official,20001,SY_2023_JHS_OFFICIAL,89.03,89.03,active,89.03,89.03,,93,93,93,93,
Paul M. Walker,10088,SYN-JHS-000098,Grade 7 Technology and Livelihood Education,20007,SYN-JHS-COURSE-000016,Grade 7 Technology and Livelihood Education,20081,,INST JHS MLA_AY 2023-2024_Annual_Official,20001,SY_2023_JHS_OFFICIAL,92.85,92.85,active,92.85,92.85,,95,95,95,95,
Stephanie S. Cameron,10064,SYN-JHS-000082,Grade 7 Technology and Livelihood Education,20007,SYN-JHS-COURSE-000016,Grade 7 Technology and Livelihood Education,20081,,INST JHS MLA_AY 2023-2024_Annual_Official,20001,SY_2023_JHS_OFFICIAL,49.07,49.07,active,49.07,49.07,,72,72,72,72,
Lauren C. Gibson,10041,SYN-JHS-000051,Grade 7 Technology and Livelihood Education,20007,SYN-JHS-COURSE-000016,Grade 7 Technology and Livelihood Education,20081,,INST JHS MLA_AY 2023-2024_Annual_Official,20001,SY_2023_JHS_OFFICIAL,64.8,64.8,active,64.8,64.8,,78,78,78,78,
Megan D. Cameron,10033,SYN-JHS-000043,Grade 7 Technology and Livelihood Education,20007,SYN-JHS-COURSE-000016,Grade 7 Technology and Livelihood Education,20081,,INST JHS MLA_AY 2023-2024_Annual_Official,20001,SY_2023_JHS_OFFICIAL,74.63,74.63,active,74.63,74.63,,84,84,84,84,
Thomas J. Young,10084,SYN-JHS-000077,Grade 7 Technology and Livelihood Education,20007,SYN-JHS-COURSE-000016,Grade 7 Technology and Livelihood Education,20081,,INST JHS MLA_AY 2023-2024_Annual_Official,20001,SY_2023_JHS_OFFICIAL,91.92,91.92,active,91.92,91.92,,94,94,94,94,
Gregory R. Carpenter,10052,SYN-JHS-000067,Grade 7 Technology and Livelihood Education,20007,SYN-JHS-COURSE-000016,Grade 7 Technology and Livelihood Education,20081,,INST JHS MLA_AY 2023-2024_Annual_Official,20001,SY_2023_JHS_OFFICIAL,91.12,91.12,active,91.12,91.12,,94,94,94,94,
Maria M. Swanson,10067,SYN-JHS-000086,Grade 7 Technology and Livelihood Education,20007,SYN-JHS-COURSE-000016,Grade 7 Technology and Livelihood Education,20081,,INST JHS MLA_AY 2023-2024_Annual_Official,20001,SY_2023_JHS_OFFICIAL,79.75,79.75,active,79.75,79.75,,87,87,87,87,
Kari T. Porter,10085,SYN-JHS-000078,Grade 7 Technology and Livelihood Education,20007,SYN-JHS-COURSE-000016,Grade 7 Technology and Livelihood Education,20081,,INST JHS MLA_AY 2023-2024_Annual_Official,20001,SY_2023_JHS_OFFICIAL,44.02,44.02,active,44.02,44.02,,71,71,71,71,
Virginia K. Peterson,10078,SYN-JHS-000095,Grade 7 Technology and Livelihood Education,20007,SYN-JHS-COURSE-000016,Grade 7 Technology and Livelihood Education,20081,,INST JHS MLA_AY 2023-2024_Annual_Official,20001,SY_2023_JHS_OFFICIAL,90.18,90.18,active,90.18,90.18,,93,93,93,93,
Kevin A. Campbell,10040,SYN-JHS-000049,Grade 7 Technology and Livelihood Education,20007,SYN-JHS-COURSE-000016,Grade 7 Technology and Livelihood Education,20081,,INST JHS MLA_AY 2023-2024_Annual_Official,20001,SY_2023_JHS_OFFICIAL,73.62,73.62,active,73.62,73.62,,83,83,83,83,
Bradley M. Turner,10072,SYN-JHS-000088,Grade 7 Technology and Livelihood Education,20007,SYN-JHS-COURSE-000016,Grade 7 Technology and Livelihood Education,20081,,INST JHS MLA_AY 2023-2024_Annual_Official,20001,SY_2023_JHS_OFFICIAL,,0.0,active,,0.0,,,60,,60,
Trevor H. Vincent,10091,SYN-JHS-000100,"Grade 7 Music, Arts, PE and Health",20008,SYN-JHS-COURSE-000013,"Grade 7 Music, Arts, PE and Health",20093,,INST JHS MLA_AY 2023-2024_Annual_Official,20001,SY_2023_JHS_OFFICIAL,84.13,84.13,active,84.13,84.13,,90,90,90,90,
James V. Reed,10087,SYN-JHS-000097,"Grade 7 Music, Arts, PE and Health",20008,SYN-JHS-COURSE-000013,"Grade 7 Music, Arts, PE and Health",20093,,INST JHS MLA_AY 2023-2024_Annual_Official,20001,SY_2023_JHS_OFFICIAL,84.87,84.87,active,84.87,84.87,,90,90,90,90,
Rebecca K. Barry,10058,SYN-JHS-000073,"Grade 7 Music, Arts, PE and Health",20008,SYN-JHS-COURSE-000013,"Grade 7 Music, Arts, PE and Health",20093,,INST JHS MLA_AY 2023-2024_Annual_Official,20001,SY_2023_JHS_OFFICIAL,82.13,82.13,active,82.13,82.13,,88,88,88,88,
David H. Kent,10038,SYN-JHS-000048,"Grade 7 Music, Arts, PE and Health",20008,SYN-JHS-COURSE-000013,"Grade 7 Music, Arts, PE and Health",20093,,INST JHS MLA_AY 2023-2024_Annual_Official,20001,SY_2023_JHS_OFFICIAL,84.27,84.27,active,84.27,84.27,,90,90,90,90,
Adam P. Davis,10071,SYN-JHS-000085,"Grade 7 Music, Arts, PE and Health",20008,SYN-JHS-COURSE-000013,"Grade 7 Music, Arts, PE and Health",20093,,INST JHS MLA_AY 2023-2024_Annual_Official,20001,SY_2023_JHS_OFFICIAL,0.0,0.0,active,0.0,0.0,,60,60,60,60,
Amber C. Hall,10050,SYN-JHS-000060,"Grade 7 Music, Arts, PE and Health",20008,SYN-JHS-COURSE-000013,"Grade 7 Music, Arts, PE and Health",20093,,INST JHS MLA_AY 2023-2024_Annual_Official,20001,SY_2023_JHS_OFFICIAL,69.27,69.27,active,69.27,69.27,,80,80,80,80,
Angela J. Flores,10095,SYN-JHS-000104,"Grade 7 Music, Arts, PE and Health",20008,SYN-JHS-COURSE-000013,"Grade 7 Music, Arts, PE and Health",20093,,INST JHS MLA_AY 2023-2024_Annual_Official,20001,SY_2023_JHS_OFFICIAL,86.2,86.2,active,86.2,86.2,,91,91,91,91,
Paul K. Green,10062,SYN-JHS-000080,"Grade 7 Music, Arts, PE and Health",20008,SYN-JHS-COURSE-000013,"Grade 7 Music, Arts, PE and Health",20093,,INST JHS MLA_AY 2023-2024_Annual_Official,20001,SY_2023_JHS_OFFICIAL,73.33,73.33,active,73.33,73.33,,83,83,83,83,
Shawn S. Wall,10090,SYN-JHS-000099,"Grade 7 Music, Arts, PE and Health",20008,SYN-JHS-COURSE-000013,"Grade 7 Music, Arts, PE and Health",20093,,INST JHS MLA_AY 2023-2024_Annual_Official,20001,SY_2023_JHS_OFFICIAL,78.93,78.93,active,78.93,78.93,,86,86,86,86,
Michelle B. Graham,10083,SYN-JHS-000064,"Grade 7 Music, Arts, PE and Health",20008,SYN-JHS-COURSE-000013,"Grade 7 Music, Arts, PE and Health",20093,,INST JHS MLA_AY 2023-2024_Annual_Official,20001,SY_2023_JHS_OFFICIAL,78.67,78.67,active,78.67,78.67,,86,86,86,86,
Paul M. Walker,10088,SYN-JHS-000098,"Grade 7 Music, Arts, PE and Health",20008,SYN-JHS-COURSE-000013,"Grade 7 Music, Arts, PE and Health",20093,,INST JHS MLA_AY 2023-2024_Annual_Official,20001,SY_2023_JHS_OFFICIAL,87.53,87.53,active,87.53,87.53,,92,92,92,92,
Stephanie S. Cameron,10064,SYN-JHS-000082,"Grade 7 Music, Arts, PE and Health",20008,SYN-JHS-COURSE-000013,"Grade 7 Music, Arts, PE and Health",20093,,INST JHS MLA_AY 2023-2024_Annual_Official,20001,SY_2023_JHS_OFFICIAL,72.53,72.53,active,72.53,72.53,,82,82,82,82,
Lauren C. Gibson,10041,SYN-JHS-000051,"Grade 7 Music, Arts, PE and Health",20008,SYN-JHS-COURSE-000013,"Grade 7 Music, Arts, PE and Health",20093,,INST JHS MLA_AY 2023-2024_Annual_Official,20001,SY_2023_JHS_OFFICIAL,70.8,70.8,active,70.8,70.8,,81,81,81,81,
Megan D. Cameron,10033,SYN-JHS-000043,"Grade 7 Music, Arts, PE and Health",20008,SYN-JHS-COURSE-000013,"Grade 7 Music, Arts, PE and Health",20093,,INST JHS MLA_AY 2023-2024_Annual_Official,20001,SY_2023_JHS_OFFICIAL,79.67,79.67,active,79.67,79.67,,87,87,87,87,
Thomas J. Young,10084,SYN-JHS-000077,"Grade 7 Music, Arts, PE and Health",20008,SYN-JHS-COURSE-000013,"Grade 7 Music, Arts, PE and Health",20093,,INST JHS MLA_AY 2023-2024_Annual_Official,20001,SY_2023_JHS_OFFICIAL,93.47,93.47,active,93.47,93.47,,95,95,95,95,
Gregory R. Carpenter,10052,SYN-JHS-000067,"Grade 7 Music, Arts, PE and Health",20008,SYN-JHS-COURSE-000013,"Grade 7 Music, Arts, PE and Health",20093,,INST JHS MLA_AY 2023-2024_Annual_Official,20001,SY_2023_JHS_OFFICIAL,77.0,77.0,active,77.0,77.0,,85,85,85,85,
Maria M. Swanson,10067,SYN-JHS-000086,"Grade 7 Music, Arts, PE and Health",20008,SYN-JHS-COURSE-000013,"Grade 7 Music, Arts, PE and Health",20093,,INST JHS MLA_AY 2023-2024_Annual_Official,20001,SY_2023_JHS_OFFICIAL,81.6,81.6,active,81.6,81.6,,88,88,88,88,
Kari T. Porter,10085,SYN-JHS-000078,"Grade 7 Music, Arts, PE and Health",20008,SYN-JHS-COURSE-000013,"Grade 7 Music, Arts, PE and Health",20093,,INST JHS MLA_AY 2023-2024_Annual_Official,20001,SY_2023_JHS_OFFICIAL,77.8,77.8,active,77.8,77.8,,86,86,86,86,
Virginia K. Peterson,10078,SYN-JHS-000095,"Grade 7 Music, Arts, PE and Health",20008,SYN-JHS-COURSE-000013,"Grade 7 Music, Arts, PE and Health",20093,,INST JHS MLA_AY 2023-2024_Annual_Official,20001,SY_2023_JHS_OFFICIAL,88.93,88.93,active,88.93,88.93,,93,93,93,93,
Kevin A. Campbell,10040,SYN-JHS-000049,"Grade 7 Music, Arts, PE and Health",20008,SYN-JHS-COURSE-000013,"Grade 7 Music, Arts, PE and Health",20093,,INST JHS MLA_AY 2023-2024_Annual_Official,20001,SY_2023_JHS_OFFICIAL,76.8,76.8,active,76.8,76.8,,85,85,85,85,
Bradley M. Turner,10072,SYN-JHS-000088,"Grade 7 Music, Arts, PE and Health",20008,SYN-JHS-COURSE-000013,"Grade 7 Music, Arts, PE and Health",20093,,INST JHS MLA_AY 2023-2024_Annual_Official,20001,SY_2023_JHS_OFFICIAL,0.0,0.0,active,0.0,0.0,,60,60,60,60,
Scott M. Pham,10053,SYN-JHS-000068,Grade 8 Araling Panlipunan,20009,SYN-JHS-COURSE-000017,Grade 8 Araling Panlipunan,20082,,INST JHS MLA_AY 2023-2024_Annual_Official,20001,SY_2023_JHS_OFFICIAL,98.0,98.0,active,98.0,98.0,,98,98,98,98,
Amber P. Ewing,10021,SYN-JHS-000029,Grade 8 Araling Panlipunan,20009,SYN-JHS-COURSE-000017,Grade 8 Araling Panlipunan,20082,,INST JHS MLA_AY 2023-2024_Annual_Official,20001,SY_2023_JHS_OFFICIAL,75.6,75.6,active,75.6,75.6,,84,84,84,84,
Melissa F. Bruce,10055,SYN-JHS-000070,Grade 8 Araling Panlipunan,20009,SYN-JHS-COURSE-000017,Grade 8 Araling Panlipunan,20082,,INST JHS MLA_AY 2023-2024_Annual_Official,20001,SY_2023_JHS_OFFICIAL,81.2,81.2,active,81.2,81.2,,88,88,88,88,
Brett M. Wheeler,10093,SYN-JHS-000102,Grade 8 Araling Panlipunan,20009,SYN-JHS-COURSE-000017,Grade 8 Araling Panlipunan,20082,,INST JHS MLA_AY 2023-2024_Annual_Official,20001,SY_2023_JHS_OFFICIAL,72.4,72.4,active,72.4,72.4,,82,82,82,82,
Patricia B. Ward,10013,SYN-JHS-000020,Grade 8 Araling Panlipunan,20009,SYN-JHS-COURSE-000017,Grade 8 Araling Panlipunan,20082,,INST JHS MLA_AY 2023-2024_Annual_Official,20001,SY_2023_JHS_OFFICIAL,75.6,75.6,active,75.6,75.6,,84,84,84,84,
Pamela R. Lang,10080,SYN-JHS-000061,Grade 8 Araling Panlipunan,20009,SYN-JHS-COURSE-000017,Grade 8 Araling Panlipunan,20082,,INST JHS MLA_AY 2023-2024_Annual_Official,20001,SY_2023_JHS_OFFICIAL,76.0,76.0,active,76.0,76.0,,85,85,85,85,
David T. Rodriguez,10076,SYN-JHS-000093,Grade 8 Araling Panlipunan,20009,SYN-JHS-COURSE-000017,Grade 8 Araling Panlipunan,20082,,INST JHS MLA_AY 2023-2024_Annual_Official,20001,SY_2023_JHS_OFFICIAL,90.8,90.8,active,90.8,90.8,,94,94,94,94,
Victoria K. Kennedy,10022,SYN-JHS-000032,Grade 8 Araling Panlipunan,20009,SYN-JHS-COURSE-000017,Grade 8 Araling Panlipunan,20082,,INST JHS MLA_AY 2023-2024_Annual_Official,20001,SY_2023_JHS_OFFICIAL,88.0,88.0,active,88.0,88.0,,92,92,92,92,
Shannon J. Roberts,10007,SYN-JHS-000013,Grade 8 Araling Panlipunan,20009,SYN-JHS-COURSE-000017,Grade 8 Araling Panlipunan,20082,,INST JHS MLA_AY 2023-2024_Annual_Official,20001,SY_2023_JHS_OFFICIAL,83.6,83.6,active,83.6,83.6,,89,89,89,89,
Robert W. Murray,10026,SYN-JHS-000034,Grade 8 Araling Panlipunan,20009,SYN-JHS-COURSE-000017,Grade 8 Araling Panlipunan,20082,,INST JHS MLA_AY 2023-2024_Annual_Official,20001,SY_2023_JHS_OFFICIAL,86.8,86.8,active,86.8,86.8,,91,91,91,91,
Kristy P. Hernandez,10047,SYN-JHS-000056,Grade 8 Araling Panlipunan,20009,SYN-JHS-COURSE-000017,Grade 8 Araling Panlipunan,20082,,INST JHS MLA_AY 2023-2024_Annual_Official,20001,SY_2023_JHS_OFFICIAL,82.4,82.4,active,82.4,82.4,,89,89,89,89,
Barbara M. Phillips,10029,SYN-JHS-000037,Grade 8 Araling Panlipunan,20009,SYN-JHS-COURSE-000017,Grade 8 Araling Panlipunan,20082,,INST JHS MLA_AY 2023-2024_Annual_Official,20001,SY_2023_JHS_OFFICIAL,75.2,75.2,active,75.2,75.2,,84,84,84,84,
Sherry K. Frazier,10012,SYN-JHS-000018,Grade 8 Araling Panlipunan,20009,SYN-JHS-COURSE-000017,Grade 8 Araling Panlipunan,20082,,INST JHS MLA_AY 2023-2024_Annual_Official,20001,SY_2023_JHS_OFFICIAL,84.0,84.0,active,84.0,84.0,,90,90,90,90,
Bethany J. Lynch,10017,SYN-JHS-000030,Grade 8 Araling Panlipunan,20009,SYN-JHS-COURSE-000017,Grade 8 Araling Panlipunan,20082,,INST JHS MLA_AY 2023-2024_Annual_Official,20001,SY_2023_JHS_OFFICIAL,90.8,90.8,active,90.8,90.8,,94,94,94,94,
Gina M. Rice,10023,SYN-JHS-000033,Grade 8 Araling Panlipunan,20009,SYN-JHS-COURSE-000017,Grade 8 Araling Panlipunan,20082,,INST JHS MLA_AY 2023-2024_Annual_Official,20001,SY_2023_JHS_OFFICIAL,91.6,91.6,active,91.6,91.6,,94,94,94,94,
Robert N. Cameron,10049,SYN-JHS-000059,Grade 8 Araling Panlipunan,20009,SYN-JHS-COURSE-000017,Grade 8 Araling Panlipunan,20082,,INST JHS MLA_AY 2023-2024_Annual_Official,20001,SY_2023_JHS_OFFICIAL,88.8,88.8,active,88.8,88.8,,93,93,93,93,
Brittany S. Harper,10014,SYN-JHS-000024,Grade 8 Araling Panlipunan,20009,SYN-JHS-COURSE-000017,Grade 8 Araling Panlipunan,20082,,INST JHS MLA_AY 2023-2024_Annual_Official,20001,SY_2023_JHS_OFFICIAL,75.2,75.2,active,75.2,75.2,,84,84,84,84,
Stephanie R. Robbins,10011,SYN-JHS-000017,Grade 8 Araling Panlipunan,20009,SYN-JHS-COURSE-000017,Grade 8 Araling Panlipunan,20082,,INST JHS MLA_AY 2023-2024_Annual_Official,20001,SY_2023_JHS_OFFICIAL,80.8,80.8,active,80.8,80.8,,88,88,88,88,
Jeffery R. Anderson,10031,SYN-JHS-000040,Grade 8 Araling Panlipunan,20009,SYN-JHS-COURSE-000017,Grade 8 Araling Panlipunan,20082,,INST JHS MLA_AY 2023-2024_Annual_Official,20001,SY_2023_JHS_OFFICIAL,90.0,90.0,active,90.0,90.0,,93,93,93,93,
Amy K. Johnson,10065,SYN-JHS-000083,Grade 8 Araling Panlipunan,20009,SYN-JHS-COURSE-000017,Grade 8 Araling Panlipunan,20082,,INST JHS MLA_AY 2023-2024_Annual_Official,20001,SY_2023_JHS_OFFICIAL,81.6,81.6,active,81.6,81.6,,88,88,88,88,
Scott S. Alexander,10063,SYN-JHS-000081,Grade 8 Araling Panlipunan,20009,SYN-JHS-COURSE-000017,Grade 8 Araling Panlipunan,20082,,INST JHS MLA_AY 2023-2024_Annual_Official,20001,SY_2023_JHS_OFFICIAL,94.4,94.4,active,94.4,94.4,,96,96,96,96,
Caitlyn K. Mcdonald,10008,SYN-JHS-000014,Grade 8 Araling Panlipunan,20009,SYN-JHS-COURSE-000017,Grade 8 Araling Panlipunan,20082,,INST JHS MLA_AY 2023-2024_Annual_Official,20001,SY_2023_JHS_OFFICIAL,82.0,82.0,active,82.0,82.0,,88,88,88,88,
Jamie M. Cunningham,10009,SYN-JHS-000015,Grade 8 Araling Panlipunan,20009,SYN-JHS-COURSE-000017,Grade 8 Araling Panlipunan,20082,,INST JHS MLA_AY 2023-2024_Annual_Official,20001,SY_2023_JHS_OFFICIAL,87.6,87.6,active,87.6,87.6,,92,92,92,92,
Drew T. Walker,10030,SYN-JHS-000039,Grade 8 Araling Panlipunan,20009,SYN-JHS-COURSE-000017,Grade 8 Araling Panlipunan,20082,,INST JHS MLA_AY 2023-2024_Annual_Official,20001,SY_2023_JHS_OFFICIAL,81.2,81.2,active,81.2,81.2,,88,88,88,88,
Isaiah K. Mcgee,10073,SYN-JHS-000089,Grade 8 Araling Panlipunan,20009,SYN-JHS-COURSE-000017,Grade 8 Araling Panlipunan,20082,,INST JHS MLA_AY 2023-2024_Annual_Official,20001,SY_2023_JHS_OFFICIAL,0.0,0.0,active,0.0,0.0,,60,60,60,60,
Scott C. Santiago,10015,SYN-JHS-000026,Grade 8 Araling Panlipunan,20009,SYN-JHS-COURSE-000017,Grade 8 Araling Panlipunan,20082,,INST JHS MLA_AY 2023-2024_Annual_Official,20001,SY_2023_JHS_OFFICIAL,86.0,86.0,active,86.0,86.0,,91,91,91,91,
Stacey V. Malone,10010,SYN-JHS-000016,Grade 8 Araling Panlipunan,20009,SYN-JHS-COURSE-000017,Grade 8 Araling Panlipunan,20082,,INST JHS MLA_AY 2023-2024_Annual_Official,20001,SY_2023_JHS_OFFICIAL,86.8,86.8,active,86.8,86.8,,91,91,91,91,
David R. Spencer,10016,SYN-JHS-000027,Grade 8 Araling Panlipunan,20009,SYN-JHS-COURSE-000017,Grade 8 Araling Panlipunan,20082,,INST JHS MLA_AY 2023-2024_Annual_Official,20001,SY_2023_JHS_OFFICIAL,91.6,91.6,active,91.6,91.6,,94,94,94,94,
Jacob R. Mcguire,10027,SYN-JHS-000036,Grade 8 Araling Panlipunan,20009,SYN-JHS-COURSE-000017,Grade 8 Araling Panlipunan,20082,,INST JHS MLA_AY 2023-2024_Annual_Official,20001,SY_2023_JHS_OFFICIAL,92.8,92.8,active,92.8,92.8,,95,95,95,95,
Tammy G. Delgado,10101,SYN-JHS-000110,Grade 8 Araling Panlipunan,20009,SYN-JHS-COURSE-000017,Grade 8 Araling Panlipunan,20082,,INST JHS MLA_AY 2023-2024_Annual_Official,20001,SY_2023_JHS_OFFICIAL,86.8,86.8,active,86.8,86.8,,91,91,91,91,
Scott M. Pham,10053,SYN-JHS-000068,Grade 8 English,20010,SYN-JHS-COURSE-000018,Grade 8 English,20083,,INST JHS MLA_AY 2023-2024_Annual_Official,20001,SY_2023_JHS_OFFICIAL,94.9,94.9,active,94.9,94.9,,96,96,96,96,
Amber P. Ewing,10021,SYN-JHS-000029,Grade 8 English,20010,SYN-JHS-COURSE-000018,Grade 8 English,20083,,INST JHS MLA_AY 2023-2024_Annual_Official,20001,SY_2023_JHS_OFFICIAL,69.5,69.5,active,69.5,69.5,,80,80,80,80,
Melissa F. Bruce,10055,SYN-JHS-000070,Grade 8 English,20010,SYN-JHS-COURSE-000018,Grade 8 English,20083,,INST JHS MLA_AY 2023-2024_Annual_Official,20001,SY_2023_JHS_OFFICIAL,73.15,73.15,active,73.15,73.15,,83,83,83,83,
Brett M. Wheeler,10093,SYN-JHS-000102,Grade 8 English,20010,SYN-JHS-COURSE-000018,Grade 8 English,20083,,INST JHS MLA_AY 2023-2024_Annual_Official,20001,SY_2023_JHS_OFFICIAL,84.55,84.55,active,84.55,84.55,,90,90,90,90,
Patricia B. Ward,10013,SYN-JHS-000020,Grade 8 English,20010,SYN-JHS-COURSE-000018,Grade 8 English,20083,,INST JHS MLA_AY 2023-2024_Annual_Official,20001,SY_2023_JHS_OFFICIAL,71.9,71.9,active,71.9,71.9,,82,82,82,82,
Pamela R. Lang,10080,SYN-JHS-000061,Grade 8 English,20010,SYN-JHS-COURSE-000018,Grade 8 English,20083,,INST JHS MLA_AY 2023-2024_Annual_Official,20001,SY_2023_JHS_OFFICIAL,80.0,80.0,active,80.0,80.0,,87,87,87,87,
David T. Rodriguez,10076,SYN-JHS-000093,Grade 8 English,20010,SYN-JHS-COURSE-000018,Grade 8 English,20083,,INST JHS MLA_AY 2023-2024_Annual_Official,20001,SY_2023_JHS_OFFICIAL,89.5,89.5,active,89.5,89.5,,93,93,93,93,
Victoria K. Kennedy,10022,SYN-JHS-000032,Grade 8 English,20010,SYN-JHS-COURSE-000018,Grade 8 English,20083,,INST JHS MLA_AY 2023-2024_Annual_Official,20001,SY_2023_JHS_OFFICIAL,84.25,84.25,active,84.25,84.25,,90,90,90,90,
Shannon J. Roberts,10007,SYN-JHS-000013,Grade 8 English,20010,SYN-JHS-COURSE-000018,Grade 8 English,20083,,INST JHS MLA_AY 2023-2024_Annual_Official,20001,SY_2023_JHS_OFFICIAL,90.7,90.7,active,90.7,90.7,,94,94,94,94,
Robert W. Murray,10026,SYN-JHS-000034,Grade 8 English,20010,SYN-JHS-COURSE-000018,Grade 8 English,20083,,INST JHS MLA_AY 2023-2024_Annual_Official,20001,SY_2023_JHS_OFFICIAL,92.3,92.3,active,92.3,92.3,,95,95,95,95,
Kristy P. Hernandez,10047,SYN-JHS-000056,Grade 8 English,20010,SYN-JHS-COURSE-000018,Grade 8 English,20083,,INST JHS MLA_AY 2023-2024_Annual_Official,20001,SY_2023_JHS_OFFICIAL,91.85,91.85,active,91.85,91.85,,94,94,94,94,
Barbara M. Phillips,10029,SYN-JHS-000037,Grade 8 English,20010,SYN-JHS-COURSE-000018,Grade 8 English,20083,,INST JHS MLA_AY 2023-2024_Annual_Official,20001,SY_2023_JHS_OFFICIAL,84.05,84.05,active,84.05,84.05,,90,90,90,90,
Sherry K. Frazier,10012,SYN-JHS-000018,Grade 8 English,20010,SYN-JHS-COURSE-000018,Grade 8 English,20083,,INST JHS MLA_AY 2023-2024_Annual_Official,20001,SY_2023_JHS_OFFICIAL,83.65,83.65,active,83.65,83.65,,89,89,89,89,
Bethany J. Lynch,10017,SYN-JHS-000030,Grade 8 English,20010,SYN-JHS-COURSE-000018,Grade 8 English,20083,,INST JHS MLA_AY 2023-2024_Annual_Official,20001,SY_2023_JHS_OFFICIAL,93.0,93.0,active,93.0,93.0,,95,95,95,95,
Gina M. Rice,10023,SYN-JHS-000033,Grade 8 English,20010,SYN-JHS-COURSE-000018,Grade 8 English,20083,,INST JHS MLA_AY 2023-2024_Annual_Official,20001,SY_2023_JHS_OFFICIAL,89.85,89.85,active,89.85,89.85,,93,93,93,93,
Robert N. Cameron,10049,SYN-JHS-000059,Grade 8 English,20010,SYN-JHS-COURSE-000018,Grade 8 English,20083,,INST JHS MLA_AY 2023-2024_Annual_Official,20001,SY_2023_JHS_OFFICIAL,90.0,90.0,active,90.0,90.0,,93,93,93,93,
Brittany S. Harper,10014,SYN-JHS-000024,Grade 8 English,20010,SYN-JHS-COURSE-000018,Grade 8 English,20083,,INST JHS MLA_AY 2023-2024_Annual_Official,20001,SY_2023_JHS_OFFICIAL,73.3,73.3,active,73.3,73.3,,83,83,83,83,
Stephanie R. Robbins,10011,SYN-JHS-000017,Grade 8 English,20010,SYN-JHS-COURSE-000018,Grade 8 English,20083,,INST JHS MLA_AY 2023-2024_Annual_Official,20001,SY_2023_JHS_OFFICIAL,84.3,84.3,active,84.3,84.3,,90,90,90,90,
Jeffery R. Anderson,10031,SYN-JHS-000040,Grade 8 English,20010,SYN-JHS-COURSE-000018,Grade 8 English,20083,,INST JHS MLA_AY 2023-2024_Annual_Official,20001,SY_2023_JHS_OFFICIAL,85.15,85.15,active,85.15,85.15,,90,90,90,90,
Amy K. Johnson,10065,SYN-JHS-000083,Grade 8 English,20010,SYN-JHS-COURSE-000018,Grade 8 English,20083,,INST JHS MLA_AY 2023-2024_Annual_Official,20001,SY_2023_JHS_OFFICIAL,89.05,89.05,active,89.05,89.05,,93,93,93,93,
Scott S. Alexander,10063,SYN-JHS-000081,Grade 8 English,20010,SYN-JHS-COURSE-000018,Grade 8 English,20083,,INST JHS MLA_AY 2023-2024_Annual_Official,20001,SY_2023_JHS_OFFICIAL,86.5,86.5,active,86.5,86.5,,91,91,91,91,
Caitlyn K. Mcdonald,10008,SYN-JHS-000014,Grade 8 English,20010,SYN-JHS-COURSE-000018,Grade 8 English,20083,,INST JHS MLA_AY 2023-2024_Annual_Official,20001,SY_2023_JHS_OFFICIAL,75.45,75.45,active,75.45,75.45,,84,84,84,84,
Jamie M. Cunningham,10009,SYN-JHS-000015,Grade 8 English,20010,SYN-JHS-COURSE-000018,Grade 8 English,20083,,INST JHS MLA_AY 2023-2024_Annual_Official,20001,SY_2023_JHS_OFFICIAL,74.25,74.25,active,74.25,74.25,,83,83,83,83,
Drew T. Walker,10030,SYN-JHS-000039,Grade 8 English,20010,SYN-JHS-COURSE-000018,Grade 8 English,20083,,INST JHS MLA_AY 2023-2024_Annual_Official,20001,SY_2023_JHS_OFFICIAL,74.3,74.3,active,74.3,74.3,,83,83,83,83,
Isaiah K. Mcgee,10073,SYN-JHS-000089,Grade 8 English,20010,SYN-JHS-COURSE-000018,Grade 8 English,20083,,INST JHS MLA_AY 2023-2024_Annual_Official,20001,SY_2023_JHS_OFFICIAL,0.0,0.0,active,0.0,0.0,,60,60,60,60,
Scott C. Santiago,10015,SYN-JHS-000026,Grade 8 English,20010,SYN-JHS-COURSE-000018,Grade 8 English,20083,,INST JHS MLA_AY 2023-2024_Annual_Official,20001,SY_2023_JHS_OFFICIAL,89.05,89.05,active,89.05,89.05,,93,93,93,93,
Stacey V. Malone,10010,SYN-JHS-000016,Grade 8 English,20010,SYN-JHS-COURSE-000018,Grade 8 English,20083,,INST JHS MLA_AY 2023-2024_Annual_Official,20001,SY_2023_JHS_OFFICIAL,91.3,91.3,active,91.3,91.3,,94,94,94,94,
David R. Spencer,10016,SYN-JHS-000027,Grade 8 English,20010,SYN-JHS-COURSE-000018,Grade 8 English,20083,,INST JHS MLA_AY 2023-2024_Annual_Official,20001,SY_2023_JHS_OFFICIAL,84.6,84.6,active,84.6,84.6,,90,90,90,90,
Jacob R. Mcguire,10027,SYN-JHS-000036,Grade 8 English,20010,SYN-JHS-COURSE-000018,Grade 8 English,20083,,INST JHS MLA_AY 2023-2024_Annual_Official,20001,SY_2023_JHS_OFFICIAL,90.7,90.7,active,90.7,90.7,,94,94,94,94,
Tammy G. Delgado,10101,SYN-JHS-000110,Grade 8 English,20010,SYN-JHS-COURSE-000018,Grade 8 English,20083,,INST JHS MLA_AY 2023-2024_Annual_Official,20001,SY_2023_JHS_OFFICIAL,87.35,87.35,active,87.35,87.35,,92,92,92,92,
Scott M. Pham,10053,SYN-JHS-000068,Grade 8 Edukasyon sa Pagpapakatao,20011,SYN-JHS-COURSE-000019,Grade 8 Edukasyon sa Pagpapakatao,20084,,INST JHS MLA_AY 2023-2024_Annual_Official,20001,SY_2023_JHS_OFFICIAL,90.75,90.75,active,90.75,90.75,,94,94,94,94,
Amber P. Ewing,10021,SYN-JHS-000029,Grade 8 Edukasyon sa Pagpapakatao,20011,SYN-JHS-COURSE-000019,Grade 8 Edukasyon sa Pagpapakatao,20084,,INST JHS MLA_AY 2023-2024_Annual_Official,20001,SY_2023_JHS_OFFICIAL,75.75,75.75,active,75.75,75.75,,84,84,84,84,
Melissa F. Bruce,10055,SYN-JHS-000070,Grade 8 Edukasyon sa Pagpapakatao,20011,SYN-JHS-COURSE-000019,Grade 8 Edukasyon sa Pagpapakatao,20084,,INST JHS MLA_AY 2023-2024_Annual_Official,20001,SY_2023_JHS_OFFICIAL,83.5,83.5,active,83.5,83.5,,89,89,89,89,
Brett M. Wheeler,10093,SYN-JHS-000102,Grade 8 Edukasyon sa Pagpapakatao,20011,SYN-JHS-COURSE-000019,Grade 8 Edukasyon sa Pagpapakatao,20084,,INST JHS MLA_AY 2023-2024_Annual_Official,20001,SY_2023_JHS_OFFICIAL,81.5,81.5,active,81.5,81.5,,88,88,88,88,
Patricia B. Ward,10013,SYN-JHS-000020,Grade 8 Edukasyon sa Pagpapakatao,20011,SYN-JHS-COURSE-000019,Grade 8 Edukasyon sa Pagpapakatao,20084,,INST JHS MLA_AY 2023-2024_Annual_Official,20001,SY_2023_JHS_OFFICIAL,76.0,76.0,active,76.0,76.0,,85,85,85,85,
Pamela R. Lang,10080,SYN-JHS-000061,Grade 8 Edukasyon sa Pagpapakatao,20011,SYN-JHS-COURSE-000019,Grade 8 Edukasyon sa Pagpapakatao,20084,,INST JHS MLA_AY 2023-2024_Annual_Official,20001,SY_2023_JHS_OFFICIAL,76.75,76.75,active,76.75,76.75,,85,85,85,85,
David T. Rodriguez,10076,SYN-JHS-000093,Grade 8 Edukasyon sa Pagpapakatao,20011,SYN-JHS-COURSE-000019,Grade 8 Edukasyon sa Pagpapakatao,20084,,INST JHS MLA_AY 2023-2024_Annual_Official,20001,SY_2023_JHS_OFFICIAL,90.25,90.25,active,90.25,90.25,,93,93,93,93,
Victoria K. Kennedy,10022,SYN-JHS-000032,Grade 8 Edukasyon sa Pagpapakatao,20011,SYN-JHS-COURSE-000019,Grade 8 Edukasyon sa Pagpapakatao,20084,,INST JHS MLA_AY 2023-2024_Annual_Official,20001,SY_2023_JHS_OFFICIAL,74.0,74.0,active,74.0,74.0,,83,83,83,83,
Shannon J. Roberts,10007,SYN-JHS-000013,Grade 8 Edukasyon sa Pagpapakatao,20011,SYN-JHS-COURSE-000019,Grade 8 Edukasyon sa Pagpapakatao,20084,,INST JHS MLA_AY 2023-2024_Annual_Official,20001,SY_2023_JHS_OFFICIAL,87.25,87.25,active,87.25,87.25,,92,92,92,92,
Robert W. Murray,10026,SYN-JHS-000034,Grade 8 Edukasyon sa Pagpapakatao,20011,SYN-JHS-COURSE-000019,Grade 8 Edukasyon sa Pagpapakatao,20084,,INST JHS MLA_AY 2023-2024_Annual_Official,20001,SY_2023_JHS_OFFICIAL,91.75,91.75,active,91.75,91.75,,94,94,94,94,
Kristy P. Hernandez,10047,SYN-JHS-000056,Grade 8 Edukasyon sa Pagpapakatao,20011,SYN-JHS-COURSE-000019,Grade 8 Edukasyon sa Pagpapakatao,20084,,INST JHS MLA_AY 2023-2024_Annual_Official,20001,SY_2023_JHS_OFFICIAL,83.75,83.75,active,83.75,83.75,,89,89,89,89,
Barbara M. Phillips,10029,SYN-JHS-000037,Grade 8 Edukasyon sa Pagpapakatao,20011,SYN-JHS-COURSE-000019,Grade 8 Edukasyon sa Pagpapakatao,20084,,INST JHS MLA_AY 2023-2024_Annual_Official,20001,SY_2023_JHS_OFFICIAL,78.75,78.75,active,78.75,78.75,,86,86,86,86,
Sherry K. Frazier,10012,SYN-JHS-000018,Grade 8 Edukasyon sa Pagpapakatao,20011,SYN-JHS-COURSE-000019,Grade 8 Edukasyon sa Pagpapakatao,20084,,INST JHS MLA_AY 2023-2024_Annual_Official,20001,SY_2023_JHS_OFFICIAL,75.0,75.0,active,75.0,75.0,,84,84,84,84,
Bethany J. Lynch,10017,SYN-JHS-000030,Grade 8 Edukasyon sa Pagpapakatao,20011,SYN-JHS-COURSE-000019,Grade 8 Edukasyon sa Pagpapakatao,20084,,INST JHS MLA_AY 2023-2024_Annual_Official,20001,SY_2023_JHS_OFFICIAL,97.0,97.0,active,97.0,97.0,,98,98,98,98,
Gina M. Rice,10023,SYN-JHS-000033,Grade 8 Edukasyon sa Pagpapakatao,20011,SYN-JHS-COURSE-000019,Grade 8 Edukasyon sa Pagpapakatao,20084,,INST JHS MLA_AY 2023-2024_Annual_Official,20001,SY_2023_JHS_OFFICIAL,88.0,88.0,active,88.0,88.0,,92,92,92,92,
Robert N. Cameron,10049,SYN-JHS-000059,Grade 8 Edukasyon sa Pagpapakatao,20011,SYN-JHS-COURSE-000019,Grade 8 Edukasyon sa Pagpapakatao,20084,,INST JHS MLA_AY 2023-2024_Annual_Official,20001,SY_2023_JHS_OFFICIAL,94.25,94.25,active,94.25,94.25,,96,96,96,96,
Brittany S. Harper,10014,SYN-JHS-000024,Grade 8 Edukasyon sa Pagpapakatao,20011,SYN-JHS-COURSE-000019,Grade 8 Edukasyon sa Pagpapakatao,20084,,INST JHS MLA_AY 2023-2024_Annual_Official,20001,SY_2023_JHS_OFFICIAL,82.25,82.25,active,82.25,82.25,,88,88,88,88,
Stephanie R. Robbins,10011,SYN-JHS-000017,Grade 8 Edukasyon sa Pagpapakatao,20011,SYN-JHS-COURSE-000019,Grade 8 Edukasyon sa Pagpapakatao,20084,,INST JHS MLA_AY 2023-2024_Annual_Official,20001,SY_2023_JHS_OFFICIAL,87.5,87.5,active,87.5,87.5,,92,92,92,92,
Jeffery R. Anderson,10031,SYN-JHS-000040,Grade 8 Edukasyon sa Pagpapakatao,20011,SYN-JHS-COURSE-000019,Grade 8 Edukasyon sa Pagpapakatao,20084,,INST JHS MLA_AY 2023-2024_Annual_Official,20001,SY_2023_JHS_OFFICIAL,90.25,90.25,active,90.25,90.25,,93,93,93,93,
Amy K. Johnson,10065,SYN-JHS-000083,Grade 8 Edukasyon sa Pagpapakatao,20011,SYN-JHS-COURSE-000019,Grade 8 Edukasyon sa Pagpapakatao,20084,,INST JHS MLA_AY 2023-2024_Annual_Official,20001,SY_2023_JHS_OFFICIAL,87.5,87.5,active,87.5,87.5,,92,92,92,92,
Scott S. Alexander,10063,SYN-JHS-000081,Grade 8 Edukasyon sa Pagpapakatao,20011,SYN-JHS-COURSE-000019,Grade 8 Edukasyon sa Pagpapakatao,20084,,INST JHS MLA_AY 2023-2024_Annual_Official,20001,SY_2023_JHS_OFFICIAL,83.25,83.25,active,83.25,83.25,,89,89,89,89,
Caitlyn K. Mcdonald,10008,SYN-JHS-000014,Grade 8 Edukasyon sa Pagpapakatao,20011,SYN-JHS-COURSE-000019,Grade 8 Edukasyon sa Pagpapakatao,20084,,INST JHS MLA_AY 2023-2024_Annual_Official,20001,SY_2023_JHS_OFFICIAL,69.75,69.75,active,69.75,69.75,,81,81,81,81,
Jamie M. Cunningham,10009,SYN-JHS-000015,Grade 8 Edukasyon sa Pagpapakatao,20011,SYN-JHS-COURSE-000019,Grade 8 Edukasyon sa Pagpapakatao,20084,,INST JHS MLA_AY 2023-2024_Annual_Official,20001,SY_2023_JHS_OFFICIAL,75.25,75.25,active,75.25,75.25,,84,84,84,84,
Drew T. Walker,10030,SYN-JHS-000039,Grade 8 Edukasyon sa Pagpapakatao,20011,SYN-JHS-COURSE-000019,Grade 8 Edukasyon sa Pagpapakatao,20084,,INST JHS MLA_AY 2023-2024_Annual_Official,20001,SY_2023_JHS_OFFICIAL,73.5,73.5,active,73.5,73.5,,83,83,83,83,
Isaiah K. Mcgee,10073,SYN-JHS-000089,Grade 8 Edukasyon sa Pagpapakatao,20011,SYN-JHS-COURSE-000019,Grade 8 Edukasyon sa Pagpapakatao,20084,,INST JHS MLA_AY 2023-2024_Annual_Official,20001,SY_2023_JHS_OFFICIAL,0.0,0.0,active,0.0,0.0,,60,60,60,60,
Scott C. Santiago,10015,SYN-JHS-000026,Grade 8 Edukasyon sa Pagpapakatao,20011,SYN-JHS-COURSE-000019,Grade 8 Edukasyon sa Pagpapakatao,20084,,INST JHS MLA_AY 2023-2024_Annual_Official,20001,SY_2023_JHS_OFFICIAL,84.0,84.0,active,84.0,84.0,,90,90,90,90,
Stacey V. Malone,10010,SYN-JHS-000016,Grade 8 Edukasyon sa Pagpapakatao,20011,SYN-JHS-COURSE-000019,Grade 8 Edukasyon sa Pagpapakatao,20084,,INST JHS MLA_AY 2023-2024_Annual_Official,20001,SY_2023_JHS_OFFICIAL,88.5,88.5,active,88.5,88.5,,92,92,92,92,
David R. Spencer,10016,SYN-JHS-000027,Grade 8 Edukasyon sa Pagpapakatao,20011,SYN-JHS-COURSE-000019,Grade 8 Edukasyon sa Pagpapakatao,20084,,INST JHS MLA_AY 2023-2024_Annual_Official,20001,SY_2023_JHS_OFFICIAL,89.0,89.0,active,89.0,89.0,,93,93,93,93,
Jacob R. Mcguire,10027,SYN-JHS-000036,Grade 8 Edukasyon sa Pagpapakatao,20011,SYN-JHS-COURSE-000019,Grade 8 Edukasyon sa Pagpapakatao,20084,,INST JHS MLA_AY 2023-2024_Annual_Official,20001,SY_2023_JHS_OFFICIAL,89.75,89.75,active,89.75,89.75,,93,93,93,93,
Tammy G. Delgado,10101,SYN-JHS-000110,Grade 8 Edukasyon sa Pagpapakatao,20011,SYN-JHS-COURSE-000019,Grade 8 Edukasyon sa Pagpapakatao,20084,,INST JHS MLA_AY 2023-2024_Annual_Official,20001,SY_2023_JHS_OFFICIAL,85.5,85.5,active,85.5,85.5,,90,90,90,90,
Brett M. Wheeler,10093,SYN-JHS-000102,Grade 8 Filipino,20012,SYN-JHS-COURSE-000020,Grade 8 Filipino,20085,,INST JHS MLA_AY 2023-2024_Annual_Official,20001,SY_2023_JHS_OFFICIAL,67.1,67.1,active,67.1,67.1,,79,79,79,79,
Patricia B. Ward,10013,SYN-JHS-000020,Grade 8 Filipino,20012,SYN-JHS-COURSE-000020,Grade 8 Filipino,20085,,INST JHS MLA_AY 2023-2024_Annual_Official,20001,SY_2023_JHS_OFFICIAL,63.8,63.8,active,63.8,63.8,,77,77,77,77,
Pamela R. Lang,10080,SYN-JHS-000061,Grade 8 Filipino,20012,SYN-JHS-COURSE-000020,Grade 8 Filipino,20085,,INST JHS MLA_AY 2023-2024_Annual_Official,20001,SY_2023_JHS_OFFICIAL,75.0,75.0,active,75.0,75.0,,84,84,84,84,
David T. Rodriguez,10076,SYN-JHS-000093,Grade 8 Filipino,20012,SYN-JHS-COURSE-000020,Grade 8 Filipino,20085,,INST JHS MLA_AY 2023-2024_Annual_Official,20001,SY_2023_JHS_OFFICIAL,86.1,86.1,active,86.1,86.1,,91,91,91,91,
Victoria K. Kennedy,10022,SYN-JHS-000032,Grade 8 Filipino,20012,SYN-JHS-COURSE-000020,Grade 8 Filipino,20085,,INST JHS MLA_AY 2023-2024_Annual_Official,20001,SY_2023_JHS_OFFICIAL,67.68,67.68,active,67.68,67.68,,79,79,79,79,
Shannon J. Roberts,10007,SYN-JHS-000013,Grade 8 Filipino,20012,SYN-JHS-COURSE-000020,Grade 8 Filipino,20085,,INST JHS MLA_AY 2023-2024_Annual_Official,20001,SY_2023_JHS_OFFICIAL,90.1,90.1,active,90.1,90.1,,93,93,93,93,
Robert W. Murray,10026,SYN-JHS-000034,Grade 8 Filipino,20012,SYN-JHS-COURSE-000020,Grade 8 Filipino,20085,,INST JHS MLA_AY 2023-2024_Annual_Official,20001,SY_2023_JHS_OFFICIAL,91.2,91.2,active,91.2,91.2,,94,94,94,94,
Kristy P. Hernandez,10047,SYN-JHS-000056,Grade 8 Filipino,20012,SYN-JHS-COURSE-000020,Grade 8 Filipino,20085,,INST JHS MLA_AY 2023-2024_Annual_Official,20001,SY_2023_JHS_OFFICIAL,92.63,92.63,active,92.63,92.63,,95,95,95,95,
Barbara M. Phillips,10029,SYN-JHS-000037,Grade 8 Filipino,20012,SYN-JHS-COURSE-000020,Grade 8 Filipino,20085,,INST JHS MLA_AY 2023-2024_Annual_Official,20001,SY_2023_JHS_OFFICIAL,67.4,67.4,active,67.4,67.4,,79,79,79,79,
Sherry K. Frazier,10012,SYN-JHS-000018,Grade 8 Filipino,20012,SYN-JHS-COURSE-000020,Grade 8 Filipino,20085,,INST JHS MLA_AY 2023-2024_Annual_Official,20001,SY_2023_JHS_OFFICIAL,81.6,81.6,active,81.6,81.6,,88,88,88,88,
Bethany J. Lynch,10017,SYN-JHS-000030,Grade 8 Filipino,20012,SYN-JHS-COURSE-000020,Grade 8 Filipino,20085,,INST JHS MLA_AY 2023-2024_Annual_Official,20001,SY_2023_JHS_OFFICIAL,95.0,95.0,active,95.0,95.0,,96,96,96,96,
Gina M. Rice,10023,SYN-JHS-000033,Grade 8 Filipino,20012,SYN-JHS-COURSE-000020,Grade 8 Filipino,20085,,INST JHS MLA_AY 2023-2024_Annual_Official,20001,SY_2023_JHS_OFFICIAL,89.45,89.45,active,89.45,89.45,,93,93,93,93,
Robert N. Cameron,10049,SYN-JHS-000059,Grade 8 Filipino,20012,SYN-JHS-COURSE-000020,Grade 8 Filipino,20085,,INST JHS MLA_AY 2023-2024_Annual_Official,20001,SY_2023_JHS_OFFICIAL,94.6,94.6,active,94.6,94.6,,96,96,96,96,
Brittany S. Harper,10014,SYN-JHS-000024,Grade 8 Filipino,20012,SYN-JHS-COURSE-000020,Grade 8 Filipino,20085,,INST JHS MLA_AY 2023-2024_Annual_Official,20001,SY_2023_JHS_OFFICIAL,69.1,69.1,active,69.1,69.1,,80,80,80,80,
Stephanie R. Robbins,10011,SYN-JHS-000017,Grade 8 Filipino,20012,SYN-JHS-COURSE-000020,Grade 8 Filipino,20085,,INST JHS MLA_AY 2023-2024_Annual_Official,20001,SY_2023_JHS_OFFICIAL,78.9,78.9,active,78.9,78.9,,86,86,86,86,
Jeffery R. Anderson,10031,SYN-JHS-000040,Grade 8 Filipino,20012,SYN-JHS-COURSE-000020,Grade 8 Filipino,20085,,INST JHS MLA_AY 2023-2024_Annual_Official,20001,SY_2023_JHS_OFFICIAL,91.63,91.63,active,91.63,91.63,,94,94,94,94,
Amy K. Johnson,10065,SYN-JHS-000083,Grade 8 Filipino,20012,SYN-JHS-COURSE-000020,Grade 8 Filipino,20085,,INST JHS MLA_AY 2023-2024_Annual_Official,20001,SY_2023_JHS_OFFICIAL,91.1,91.1,active,91.1,91.1,,94,94,94,94,
Scott S. Alexander,10063,SYN-JHS-000081,Grade 8 Filipino,20012,SYN-JHS-COURSE-000020,Grade 8 Filipino,20085,,INST JHS MLA_AY 2023-2024_Annual_Official,20001,SY_2023_JHS_OFFICIAL,88.0,88.0,active,88.0,88.0,,92,92,92,92,
Caitlyn K. Mcdonald,10008,SYN-JHS-000014,Grade 8 Filipino,20012,SYN-JHS-COURSE-000020,Grade 8 Filipino,20085,,INST JHS MLA_AY 2023-2024_Annual_Official,20001,SY_2023_JHS_OFFICIAL,72.1,72.1,active,72.1,72.1,,82,82,82,82,
Jamie M. Cunningham,10009,SYN-JHS-000015,Grade 8 Filipino,20012,SYN-JHS-COURSE-000020,Grade 8 Filipino,20085,,INST JHS MLA_AY 2023-2024_Annual_Official,20001,SY_2023_JHS_OFFICIAL,80.35,80.35,active,80.35,80.35,,87,87,87,87,
Drew T. Walker,10030,SYN-JHS-000039,Grade 8 Filipino,20012,SYN-JHS-COURSE-000020,Grade 8 Filipino,20085,,INST JHS MLA_AY 2023-2024_Annual_Official,20001,SY_2023_JHS_OFFICIAL,63.1,63.1,active,63.1,63.1,,76,76,76,76,
Isaiah K. Mcgee,10073,SYN-JHS-000089,Grade 8 Filipino,20012,SYN-JHS-COURSE-000020,Grade 8 Filipino,20085,,INST JHS MLA_AY 2023-2024_Annual_Official,20001,SY_2023_JHS_OFFICIAL,0.0,0.0,active,0.0,0.0,,60,60,60,60,
Scott C. Santiago,10015,SYN-JHS-000026,Grade 8 Filipino,20012,SYN-JHS-COURSE-000020,Grade 8 Filipino,20085,,INST JHS MLA_AY 2023-2024_Annual_Official,20001,SY_2023_JHS_OFFICIAL,90.0,90.0,active,90.0,90.0,,93,93,93,93,
Stacey V. Malone,10010,SYN-JHS-000016,Grade 8 Filipino,20012,SYN-JHS-COURSE-000020,Grade 8 Filipino,20085,,INST JHS MLA_AY 2023-2024_Annual_Official,20001,SY_2023_JHS_OFFICIAL,88.83,88.83,active,88.83,88.83,,93,93,93,93,
David R. Spencer,10016,SYN-JHS-000027,Grade 8 Filipino,20012,SYN-JHS-COURSE-000020,Grade 8 Filipino,20085,,INST JHS MLA_AY 2023-2024_Annual_Official,20001,SY_2023_JHS_OFFICIAL,89.1,89.1,active,89.1,89.1,,93,93,93,93,
Jacob R. Mcguire,10027,SYN-JHS-000036,Grade 8 Filipino,20012,SYN-JHS-COURSE-000020,Grade 8 Filipino,20085,,INST JHS MLA_AY 2023-2024_Annual_Official,20001,SY_2023_JHS_OFFICIAL,94.3,94.3,active,94.3,94.3,,96,96,96,96,
Scott M. Pham,10053,SYN-JHS-000068,Grade 8 Filipino,20012,SYN-JHS-COURSE-000020,Grade 8 Filipino,20085,,INST JHS MLA_AY 2023-2024_Annual_Official,20001,SY_2023_JHS_OFFICIAL,93.8,93.8,active,93.8,93.8,,96,96,96,96,
Amber P. Ewing,10021,SYN-JHS-000029,Grade 8 Filipino,20012,SYN-JHS-COURSE-000020,Grade 8 Filipino,20085,,INST JHS MLA_AY 2023-2024_Annual_Official,20001,SY_2023_JHS_OFFICIAL,79.5,79.5,active,79.5,79.5,,87,87,87,87,
Melissa F. Bruce,10055,SYN-JHS-000070,Grade 8 Filipino,20012,SYN-JHS-COURSE-000020,Grade 8 Filipino,20085,,INST JHS MLA_AY 2023-2024_Annual_Official,20001,SY_2023_JHS_OFFICIAL,82.2,82.2,active,82.2,82.2,,88,88,88,88,
Tammy G. Delgado,10101,SYN-JHS-000110,Grade 8 Filipino,20012,SYN-JHS-COURSE-000020,Grade 8 Filipino,20085,,INST JHS MLA_AY 2023-2024_Annual_Official,20001,SY_2023_JHS_OFFICIAL,89.13,89.13,active,89.13,89.13,,93,93,93,93,
Barbara M. Phillips,10029,SYN-JHS-000037,Grade 8 Mathematics,20013,SYN-JHS-COURSE-000022,Grade 8 Mathematics,20068,,INST JHS MLA_AY 2023-2024_Annual_Official,20001,SY_2023_JHS_OFFICIAL,90.58,90.58,active,90.58,90.58,,94,94,94,94,
Sherry K. Frazier,10012,SYN-JHS-000018,Grade 8 Mathematics,20013,SYN-JHS-COURSE-000022,Grade 8 Mathematics,20068,,INST JHS MLA_AY 2023-2024_Annual_Official,20001,SY_2023_JHS_OFFICIAL,77.38,77.38,active,77.38,77.38,,85,85,85,85,
Bethany J. Lynch,10017,SYN-JHS-000030,Grade 8 Mathematics,20013,SYN-JHS-COURSE-000022,Grade 8 Mathematics,20068,,INST JHS MLA_AY 2023-2024_Annual_Official,20001,SY_2023_JHS_OFFICIAL,95.67,95.67,active,95.67,95.67,,97,97,97,97,
Gina M. Rice,10023,SYN-JHS-000033,Grade 8 Mathematics,20013,SYN-JHS-COURSE-000022,Grade 8 Mathematics,20068,,INST JHS MLA_AY 2023-2024_Annual_Official,20001,SY_2023_JHS_OFFICIAL,71.26,71.26,active,71.26,71.26,,82,82,82,82,
Robert N. Cameron,10049,SYN-JHS-000059,Grade 8 Mathematics,20013,SYN-JHS-COURSE-000022,Grade 8 Mathematics,20068,,INST JHS MLA_AY 2023-2024_Annual_Official,20001,SY_2023_JHS_OFFICIAL,95.84,95.84,active,95.84,95.84,,97,97,97,97,
Brittany S. Harper,10014,SYN-JHS-000024,Grade 8 Mathematics,20013,SYN-JHS-COURSE-000022,Grade 8 Mathematics,20068,,INST JHS MLA_AY 2023-2024_Annual_Official,20001,SY_2023_JHS_OFFICIAL,60.07,60.07,active,60.07,60.07,,75,75,75,75,
Stephanie R. Robbins,10011,SYN-JHS-000017,Grade 8 Mathematics,20013,SYN-JHS-COURSE-000022,Grade 8 Mathematics,20068,,INST JHS MLA_AY 2023-2024_Annual_Official,20001,SY_2023_JHS_OFFICIAL,70.64,70.64,active,70.64,70.64,,81,81,81,81,
Jeffery R. Anderson,10031,SYN-JHS-000040,Grade 8 Mathematics,20013,SYN-JHS-COURSE-000022,Grade 8 Mathematics,20068,,INST JHS MLA_AY 2023-2024_Annual_Official,20001,SY_2023_JHS_OFFICIAL,89.02,89.02,active,89.02,89.02,,93,93,93,93,
Amy K. Johnson,10065,SYN-JHS-000083,Grade 8 Mathematics,20013,SYN-JHS-COURSE-000022,Grade 8 Mathematics,20068,,INST JHS MLA_AY 2023-2024_Annual_Official,20001,SY_2023_JHS_OFFICIAL,75.37,75.37,active,75.37,75.37,,84,84,84,84,
Scott S. Alexander,10063,SYN-JHS-000081,Grade 8 Mathematics,20013,SYN-JHS-COURSE-000022,Grade 8 Mathematics,20068,,INST JHS MLA_AY 2023-2024_Annual_Official,20001,SY_2023_JHS_OFFICIAL,77.62,77.62,active,77.62,77.62,,86,86,86,86,
Caitlyn K. Mcdonald,10008,SYN-JHS-000014,Grade 8 Mathematics,20013,SYN-JHS-COURSE-000022,Grade 8 Mathematics,20068,,INST JHS MLA_AY 2023-2024_Annual_Official,20001,SY_2023_JHS_OFFICIAL,60.85,60.85,active,60.85,60.85,,75,75,75,75,
Jamie M. Cunningham,10009,SYN-JHS-000015,Grade 8 Mathematics,20013,SYN-JHS-COURSE-000022,Grade 8 Mathematics,20068,,INST JHS MLA_AY 2023-2024_Annual_Official,20001,SY_2023_JHS_OFFICIAL,61.46,61.46,active,61.46,61.46,,75,75,75,75,
Drew T. Walker,10030,SYN-JHS-000039,Grade 8 Mathematics,20013,SYN-JHS-COURSE-000022,Grade 8 Mathematics,20068,,INST JHS MLA_AY 2023-2024_Annual_Official,20001,SY_2023_JHS_OFFICIAL,67.97,67.97,active,67.97,67.97,,79,79,79,79,
Isaiah K. Mcgee,10073,SYN-JHS-000089,Grade 8 Mathematics,20013,SYN-JHS-COURSE-000022,Grade 8 Mathematics,20068,,INST JHS MLA_AY 2023-2024_Annual_Official,20001,SY_2023_JHS_OFFICIAL,0.0,0.0,active,0.0,0.0,,60,60,60,60,
Scott C. Santiago,10015,SYN-JHS-000026,Grade 8 Mathematics,20013,SYN-JHS-COURSE-000022,Grade 8 Mathematics,20068,,INST JHS MLA_AY 2023-2024_Annual_Official,20001,SY_2023_JHS_OFFICIAL,87.36,87.36,active,87.36,87.36,,92,92,92,92,
Stacey V. Malone,10010,SYN-JHS-000016,Grade 8 Mathematics,20013,SYN-JHS-COURSE-000022,Grade 8 Mathematics,20068,,INST JHS MLA_AY 2023-2024_Annual_Official,20001,SY_2023_JHS_OFFICIAL,82.42,82.42,active,82.42,82.42,,89,89,89,89,
David R. Spencer,10016,SYN-JHS-000027,Grade 8 Mathematics,20013,SYN-JHS-COURSE-000022,Grade 8 Mathematics,20068,,INST JHS MLA_AY 2023-2024_Annual_Official,20001,SY_2023_JHS_OFFICIAL,87.9,87.9,active,87.9,87.9,,92,92,92,92,
Jacob R. Mcguire,10027,SYN-JHS-000036,Grade 8 Mathematics,20013,SYN-JHS-COURSE-000022,Grade 8 Mathematics,20068,,INST JHS MLA_AY 2023-2024_Annual_Official,20001,SY_2023_JHS_OFFICIAL,94.96,94.96,active,94.96,94.96,,96,96,96,96,
Scott M. Pham,10053,SYN-JHS-000068,Grade 8 Mathematics,20013,SYN-JHS-COURSE-000022,Grade 8 Mathematics,20068,,INST JHS MLA_AY 2023-2024_Annual_Official,20001,SY_2023_JHS_OFFICIAL,96.15,96.15,active,96.15,96.15,,97,97,97,97,
Amber P. Ewing,10021,SYN-JHS-000029,Grade 8 Mathematics,20013,SYN-JHS-COURSE-000022,Grade 8 Mathematics,20068,,INST JHS MLA_AY 2023-2024_Annual_Official,20001,SY_2023_JHS_OFFICIAL,60.03,60.03,active,60.03,60.03,,75,75,75,75,
Melissa F. Bruce,10055,SYN-JHS-000070,Grade 8 Mathematics,20013,SYN-JHS-COURSE-000022,Grade 8 Mathematics,20068,,INST JHS MLA_AY 2023-2024_Annual_Official,20001,SY_2023_JHS_OFFICIAL,65.39,65.39,active,65.39,65.39,,78,78,78,78,
Brett M. Wheeler,10093,SYN-JHS-000102,Grade 8 Mathematics,20013,SYN-JHS-COURSE-000022,Grade 8 Mathematics,20068,,INST JHS MLA_AY 2023-2024_Annual_Official,20001,SY_2023_JHS_OFFICIAL,63.28,63.28,active,63.28,63.28,,77,77,77,77,
Patricia B. Ward,10013,SYN-JHS-000020,Grade 8 Mathematics,20013,SYN-JHS-COURSE-000022,Grade 8 Mathematics,20068,,INST JHS MLA_AY 2023-2024_Annual_Official,20001,SY_2023_JHS_OFFICIAL,60.47,60.47,active,60.47,60.47,,75,75,75,75,
Pamela R. Lang,10080,SYN-JHS-000061,Grade 8 Mathematics,20013,SYN-JHS-COURSE-000022,Grade 8 Mathematics,20068,,INST JHS MLA_AY 2023-2024_Annual_Official,20001,SY_2023_JHS_OFFICIAL,60.84,60.84,active,60.84,60.84,,75,75,75,75,
David T. Rodriguez,10076,SYN-JHS-000093,Grade 8 Mathematics,20013,SYN-JHS-COURSE-000022,Grade 8 Mathematics,20068,,INST JHS MLA_AY 2023-2024_Annual_Official,20001,SY_2023_JHS_OFFICIAL,82.69,82.69,active,82.69,82.69,,89,89,89,89,
Victoria K. Kennedy,10022,SYN-JHS-000032,Grade 8 Mathematics,20013,SYN-JHS-COURSE-000022,Grade 8 Mathematics,20068,,INST JHS MLA_AY 2023-2024_Annual_Official,20001,SY_2023_JHS_OFFICIAL,72.8,72.8,active,72.8,72.8,,83,83,83,83,
Shannon J. Roberts,10007,SYN-JHS-000013,Grade 8 Mathematics,20013,SYN-JHS-COURSE-000022,Grade 8 Mathematics,20068,,INST JHS MLA_AY 2023-2024_Annual_Official,20001,SY_2023_JHS_OFFICIAL,76.49,76.49,active,76.49,76.49,,85,85,85,85,
Robert W. Murray,10026,SYN-JHS-000034,Grade 8 Mathematics,20013,SYN-JHS-COURSE-000022,Grade 8 Mathematics,20068,,INST JHS MLA_AY 2023-2024_Annual_Official,20001,SY_2023_JHS_OFFICIAL,88.04,88.04,active,88.04,88.04,,92,92,92,92,
Kristy P. Hernandez,10047,SYN-JHS-000056,Grade 8 Mathematics,20013,SYN-JHS-COURSE-000022,Grade 8 Mathematics,20068,,INST JHS MLA_AY 2023-2024_Annual_Official,20001,SY_2023_JHS_OFFICIAL,88.39,88.39,active,88.39,88.39,,92,92,92,92,
Tammy G. Delgado,10101,SYN-JHS-000110,Grade 8 Mathematics,20013,SYN-JHS-COURSE-000022,Grade 8 Mathematics,20068,,INST JHS MLA_AY 2023-2024_Annual_Official,20001,SY_2023_JHS_OFFICIAL,69.84,69.84,active,69.84,69.84,,81,81,81,81,
Scott M. Pham,10053,SYN-JHS-000068,Grade 8 Science,20014,SYN-JHS-COURSE-000023,Grade 8 Science,20087,,INST JHS MLA_AY 2023-2024_Annual_Official,20001,SY_2023_JHS_OFFICIAL,96.8,96.8,active,96.8,96.8,,98,98,98,98,
Amber P. Ewing,10021,SYN-JHS-000029,Grade 8 Science,20014,SYN-JHS-COURSE-000023,Grade 8 Science,20087,,INST JHS MLA_AY 2023-2024_Annual_Official,20001,SY_2023_JHS_OFFICIAL,75.4,75.4,active,75.4,75.4,,84,84,84,84,
Melissa F. Bruce,10055,SYN-JHS-000070,Grade 8 Science,20014,SYN-JHS-COURSE-000023,Grade 8 Science,20087,,INST JHS MLA_AY 2023-2024_Annual_Official,20001,SY_2023_JHS_OFFICIAL,71.2,71.2,active,71.2,71.2,,82,82,82,82,
Brett M. Wheeler,10093,SYN-JHS-000102,Grade 8 Science,20014,SYN-JHS-COURSE-000023,Grade 8 Science,20087,,INST JHS MLA_AY 2023-2024_Annual_Official,20001,SY_2023_JHS_OFFICIAL,77.0,77.0,active,77.0,77.0,,85,85,85,85,
Patricia B. Ward,10013,SYN-JHS-000020,Grade 8 Science,20014,SYN-JHS-COURSE-000023,Grade 8 Science,20087,,INST JHS MLA_AY 2023-2024_Annual_Official,20001,SY_2023_JHS_OFFICIAL,69.0,69.0,active,69.0,69.0,,80,80,80,80,
Pamela R. Lang,10080,SYN-JHS-000061,Grade 8 Science,20014,SYN-JHS-COURSE-000023,Grade 8 Science,20087,,INST JHS MLA_AY 2023-2024_Annual_Official,20001,SY_2023_JHS_OFFICIAL,70.8,70.8,active,70.8,70.8,,81,81,81,81,
David T. Rodriguez,10076,SYN-JHS-000093,Grade 8 Science,20014,SYN-JHS-COURSE-000023,Grade 8 Science,20087,,INST JHS MLA_AY 2023-2024_Annual_Official,20001,SY_2023_JHS_OFFICIAL,85.2,85.2,active,85.2,85.2,,90,90,90,90,
Victoria K. Kennedy,10022,SYN-JHS-000032,Grade 8 Science,20014,SYN-JHS-COURSE-000023,Grade 8 Science,20087,,INST JHS MLA_AY 2023-2024_Annual_Official,20001,SY_2023_JHS_OFFICIAL,81.8,81.8,active,81.8,81.8,,88,88,88,88,
Shannon J. Roberts,10007,SYN-JHS-000013,Grade 8 Science,20014,SYN-JHS-COURSE-000023,Grade 8 Science,20087,,INST JHS MLA_AY 2023-2024_Annual_Official,20001,SY_2023_JHS_OFFICIAL,83.2,83.2,active,83.2,83.2,,89,89,89,89,
Robert W. Murray,10026,SYN-JHS-000034,Grade 8 Science,20014,SYN-JHS-COURSE-000023,Grade 8 Science,20087,,INST JHS MLA_AY 2023-2024_Annual_Official,20001,SY_2023_JHS_OFFICIAL,91.0,91.0,active,91.0,91.0,,94,94,94,94,
Kristy P. Hernandez,10047,SYN-JHS-000056,Grade 8 Science,20014,SYN-JHS-COURSE-000023,Grade 8 Science,20087,,INST JHS MLA_AY 2023-2024_Annual_Official,20001,SY_2023_JHS_OFFICIAL,91.0,91.0,active,91.0,91.0,,94,94,94,94,
Barbara M. Phillips,10029,SYN-JHS-000037,Grade 8 Science,20014,SYN-JHS-COURSE-000023,Grade 8 Science,20087,,INST JHS MLA_AY 2023-2024_Annual_Official,20001,SY_2023_JHS_OFFICIAL,83.0,83.0,active,83.0,83.0,,89,89,89,89,
Sherry K. Frazier,10012,SYN-JHS-000018,Grade 8 Science,20014,SYN-JHS-COURSE-000023,Grade 8 Science,20087,,INST JHS MLA_AY 2023-2024_Annual_Official,20001,SY_2023_JHS_OFFICIAL,81.4,81.4,active,81.4,81.4,,88,88,88,88,
Bethany J. Lynch,10017,SYN-JHS-000030,Grade 8 Science,20014,SYN-JHS-COURSE-000023,Grade 8 Science,20087,,INST JHS MLA_AY 2023-2024_Annual_Official,20001,SY_2023_JHS_OFFICIAL,95.2,95.2,active,95.2,95.2,,97,97,97,97,
Gina M. Rice,10023,SYN-JHS-000033,Grade 8 Science,20014,SYN-JHS-COURSE-000023,Grade 8 Science,20087,,INST JHS MLA_AY 2023-2024_Annual_Official,20001,SY_2023_JHS_OFFICIAL,89.4,89.4,active,89.4,89.4,,93,93,93,93,
Robert N. Cameron,10049,SYN-JHS-000059,Grade 8 Science,20014,SYN-JHS-COURSE-000023,Grade 8 Science,20087,,INST JHS MLA_AY 2023-2024_Annual_Official,20001,SY_2023_JHS_OFFICIAL,89.8,89.8,active,89.8,89.8,,93,93,93,93,
Brittany S. Harper,10014,SYN-JHS-000024,Grade 8 Science,20014,SYN-JHS-COURSE-000023,Grade 8 Science,20087,,INST JHS MLA_AY 2023-2024_Annual_Official,20001,SY_2023_JHS_OFFICIAL,70.2,70.2,active,70.2,70.2,,81,81,81,81,
Stephanie R. Robbins,10011,SYN-JHS-000017,Grade 8 Science,20014,SYN-JHS-COURSE-000023,Grade 8 Science,20087,,INST JHS MLA_AY 2023-2024_Annual_Official,20001,SY_2023_JHS_OFFICIAL,86.0,86.0,active,86.0,86.0,,91,91,91,91,
Jeffery R. Anderson,10031,SYN-JHS-000040,Grade 8 Science,20014,SYN-JHS-COURSE-000023,Grade 8 Science,20087,,INST JHS MLA_AY 2023-2024_Annual_Official,20001,SY_2023_JHS_OFFICIAL,80.6,80.6,active,80.6,80.6,,87,87,87,87,
Amy K. Johnson,10065,SYN-JHS-000083,Grade 8 Science,20014,SYN-JHS-COURSE-000023,Grade 8 Science,20087,,INST JHS MLA_AY 2023-2024_Annual_Official,20001,SY_2023_JHS_OFFICIAL,82.4,82.4,active,82.4,82.4,,89,89,89,89,
Scott S. Alexander,10063,SYN-JHS-000081,Grade 8 Science,20014,SYN-JHS-COURSE-000023,Grade 8 Science,20087,,INST JHS MLA_AY 2023-2024_Annual_Official,20001,SY_2023_JHS_OFFICIAL,91.0,91.0,active,91.0,91.0,,94,94,94,94,
Caitlyn K. Mcdonald,10008,SYN-JHS-000014,Grade 8 Science,20014,SYN-JHS-COURSE-000023,Grade 8 Science,20087,,INST JHS MLA_AY 2023-2024_Annual_Official,20001,SY_2023_JHS_OFFICIAL,72.8,72.8,active,72.8,72.8,,83,83,83,83,
Jamie M. Cunningham,10009,SYN-JHS-000015,Grade 8 Science,20014,SYN-JHS-COURSE-000023,Grade 8 Science,20087,,INST JHS MLA_AY 2023-2024_Annual_Official,20001,SY_2023_JHS_OFFICIAL,72.6,72.6,active,72.6,72.6,,82,82,82,82,
Drew T. Walker,10030,SYN-JHS-000039,Grade 8 Science,20014,SYN-JHS-COURSE-000023,Grade 8 Science,20087,,INST JHS MLA_AY 2023-2024_Annual_Official,20001,SY_2023_JHS_OFFICIAL,64.4,64.4,active,64.4,64.4,,77,77,77,77,
Isaiah K. Mcgee,10073,SYN-JHS-000089,Grade 8 Science,20014,SYN-JHS-COURSE-000023,Grade 8 Science,20087,,INST JHS MLA_AY 2023-2024_Annual_Official,20001,SY_2023_JHS_OFFICIAL,0.0,0.0,active,0.0,0.0,,60,60,60,60,
Scott C. Santiago,10015,SYN-JHS-000026,Grade 8 Science,20014,SYN-JHS-COURSE-000023,Grade 8 Science,20087,,INST JHS MLA_AY 2023-2024_Annual_Official,20001,SY_2023_JHS_OFFICIAL,80.8,80.8,active,80.8,80.8,,88,88,88,88,
Stacey V. Malone,10010,SYN-JHS-000016,Grade 8 Science,20014,SYN-JHS-COURSE-000023,Grade 8 Science,20087,,INST JHS MLA_AY 2023-2024_Annual_Official,20001,SY_2023_JHS_OFFICIAL,88.8,88.8,active,88.8,88.8,,93,93,93,93,
David R. Spencer,10016,SYN-JHS-000027,Grade 8 Science,20014,SYN-JHS-COURSE-000023,Grade 8 Science,20087,,INST JHS MLA_AY 2023-2024_Annual_Official,20001,SY_2023_JHS_OFFICIAL,86.0,86.0,active,86.0,86.0,,91,91,91,91,
Jacob R. Mcguire,10027,SYN-JHS-000036,Grade 8 Science,20014,SYN-JHS-COURSE-000023,Grade 8 Science,20087,,INST JHS MLA_AY 2023-2024_Annual_Official,20001,SY_2023_JHS_OFFICIAL,85.8,85.8,active,85.8,85.8,,91,91,91,91,
Tammy G. Delgado,10101,SYN-JHS-000110,Grade 8 Science,20014,SYN-JHS-COURSE-000023,Grade 8 Science,20087,,INST JHS MLA_AY 2023-2024_Annual_Official,20001,SY_2023_JHS_OFFICIAL,83.2,83.2,active,83.2,83.2,,89,89,89,89,
Drew T. Walker,10030,SYN-JHS-000039,Grade 8 Technology and Livelihood Education,20015,SYN-JHS-COURSE-000024,Grade 8 Technology and Livelihood Education,20088,,INST JHS MLA_AY 2023-2024_Annual_Official,20001,SY_2023_JHS_OFFICIAL,67.4,67.4,active,67.4,67.4,,79,79,79,79,
Isaiah K. Mcgee,10073,SYN-JHS-000089,Grade 8 Technology and Livelihood Education,20015,SYN-JHS-COURSE-000024,Grade 8 Technology and Livelihood Education,20088,,INST JHS MLA_AY 2023-2024_Annual_Official,20001,SY_2023_JHS_OFFICIAL,0.0,0.0,active,0.0,0.0,,60,60,60,60,
Scott C. Santiago,10015,SYN-JHS-000026,Grade 8 Technology and Livelihood Education,20015,SYN-JHS-COURSE-000024,Grade 8 Technology and Livelihood Education,20088,,INST JHS MLA_AY 2023-2024_Annual_Official,20001,SY_2023_JHS_OFFICIAL,92.4,92.4,active,92.4,92.4,,95,95,95,95,
Stacey V. Malone,10010,SYN-JHS-000016,Grade 8 Technology and Livelihood Education,20015,SYN-JHS-COURSE-000024,Grade 8 Technology and Livelihood Education,20088,,INST JHS MLA_AY 2023-2024_Annual_Official,20001,SY_2023_JHS_OFFICIAL,90.2,90.2,active,90.2,90.2,,93,93,93,93,
David R. Spencer,10016,SYN-JHS-000027,Grade 8 Technology and Livelihood Education,20015,SYN-JHS-COURSE-000024,Grade 8 Technology and Livelihood Education,20088,,INST JHS MLA_AY 2023-2024_Annual_Official,20001,SY_2023_JHS_OFFICIAL,86.6,86.6,active,86.6,86.6,,91,91,91,91,
Jacob R. Mcguire,10027,SYN-JHS-000036,Grade 8 Technology and Livelihood Education,20015,SYN-JHS-COURSE-000024,Grade 8 Technology and Livelihood Education,20088,,INST JHS MLA_AY 2023-2024_Annual_Official,20001,SY_2023_JHS_OFFICIAL,91.8,91.8,active,91.8,91.8,,94,94,94,94,
Scott M. Pham,10053,SYN-JHS-000068,Grade 8 Technology and Livelihood Education,20015,SYN-JHS-COURSE-000024,Grade 8 Technology and Livelihood Education,20088,,INST JHS MLA_AY 2023-2024_Annual_Official,20001,SY_2023_JHS_OFFICIAL,94.6,94.6,active,94.6,94.6,,96,96,96,96,
Amber P. Ewing,10021,SYN-JHS-000029,Grade 8 Technology and Livelihood Education,20015,SYN-JHS-COURSE-000024,Grade 8 Technology and Livelihood Education,20088,,INST JHS MLA_AY 2023-2024_Annual_Official,20001,SY_2023_JHS_OFFICIAL,65.4,65.4,active,65.4,65.4,,78,78,78,78,
Melissa F. Bruce,10055,SYN-JHS-000070,Grade 8 Technology and Livelihood Education,20015,SYN-JHS-COURSE-000024,Grade 8 Technology and Livelihood Education,20088,,INST JHS MLA_AY 2023-2024_Annual_Official,20001,SY_2023_JHS_OFFICIAL,71.8,71.8,active,71.8,71.8,,82,82,82,82,
Brett M. Wheeler,10093,SYN-JHS-000102,Grade 8 Technology and Livelihood Education,20015,SYN-JHS-COURSE-000024,Grade 8 Technology and Livelihood Education,20088,,INST JHS MLA_AY 2023-2024_Annual_Official,20001,SY_2023_JHS_OFFICIAL,84.6,84.6,active,84.6,84.6,,90,90,90,90,
Patricia B. Ward,10013,SYN-JHS-000020,Grade 8 Technology and Livelihood Education,20015,SYN-JHS-COURSE-000024,Grade 8 Technology and Livelihood Education,20088,,INST JHS MLA_AY 2023-2024_Annual_Official,20001,SY_2023_JHS_OFFICIAL,66.6,66.6,active,66.6,66.6,,79,79,79,79,
Pamela R. Lang,10080,SYN-JHS-000061,Grade 8 Technology and Livelihood Education,20015,SYN-JHS-COURSE-000024,Grade 8 Technology and Livelihood Education,20088,,INST JHS MLA_AY 2023-2024_Annual_Official,20001,SY_2023_JHS_OFFICIAL,49.0,49.0,active,49.0,49.0,,72,72,72,72,
David T. Rodriguez,10076,SYN-JHS-000093,Grade 8 Technology and Livelihood Education,20015,SYN-JHS-COURSE-000024,Grade 8 Technology and Livelihood Education,20088,,INST JHS MLA_AY 2023-2024_Annual_Official,20001,SY_2023_JHS_OFFICIAL,89.2,89.2,active,89.2,89.2,,93,93,93,93,
Victoria K. Kennedy,10022,SYN-JHS-000032,Grade 8 Technology and Livelihood Education,20015,SYN-JHS-COURSE-000024,Grade 8 Technology and Livelihood Education,20088,,INST JHS MLA_AY 2023-2024_Annual_Official,20001,SY_2023_JHS_OFFICIAL,40.6,40.6,active,40.6,40.6,,70,70,70,70,
Shannon J. Roberts,10007,SYN-JHS-000013,Grade 8 Technology and Livelihood Education,20015,SYN-JHS-COURSE-000024,Grade 8 Technology and Livelihood Education,20088,,INST JHS MLA_AY 2023-2024_Annual_Official,20001,SY_2023_JHS_OFFICIAL,86.0,86.0,active,86.0,86.0,,91,91,91,91,
Robert W. Murray,10026,SYN-JHS-000034,Grade 8 Technology and Livelihood Education,20015,SYN-JHS-COURSE-000024,Grade 8 Technology and Livelihood Education,20088,,INST JHS MLA_AY 2023-2024_Annual_Official,20001,SY_2023_JHS_OFFICIAL,89.8,89.8,active,89.8,89.8,,93,93,93,93,
Kristy P. Hernandez,10047,SYN-JHS-000056,Grade 8 Technology and Livelihood Education,20015,SYN-JHS-COURSE-000024,Grade 8 Technology and Livelihood Education,20088,,INST JHS MLA_AY 2023-2024_Annual_Official,20001,SY_2023_JHS_OFFICIAL,93.0,93.0,active,93.0,93.0,,95,95,95,95,
Barbara M. Phillips,10029,SYN-JHS-000037,Grade 8 Technology and Livelihood Education,20015,SYN-JHS-COURSE-000024,Grade 8 Technology and Livelihood Education,20088,,INST JHS MLA_AY 2023-2024_Annual_Official,20001,SY_2023_JHS_OFFICIAL,92.0,92.0,active,92.0,92.0,,95,95,95,95,
Sherry K. Frazier,10012,SYN-JHS-000018,Grade 8 Technology and Livelihood Education,20015,SYN-JHS-COURSE-000024,Grade 8 Technology and Livelihood Education,20088,,INST JHS MLA_AY 2023-2024_Annual_Official,20001,SY_2023_JHS_OFFICIAL,75.2,75.2,active,75.2,75.2,,84,84,84,84,
Bethany J. Lynch,10017,SYN-JHS-000030,Grade 8 Technology and Livelihood Education,20015,SYN-JHS-COURSE-000024,Grade 8 Technology and Livelihood Education,20088,,INST JHS MLA_AY 2023-2024_Annual_Official,20001,SY_2023_JHS_OFFICIAL,96.4,96.4,active,96.4,96.4,,97,97,97,97,
Gina M. Rice,10023,SYN-JHS-000033,Grade 8 Technology and Livelihood Education,20015,SYN-JHS-COURSE-000024,Grade 8 Technology and Livelihood Education,20088,,INST JHS MLA_AY 2023-2024_Annual_Official,20001,SY_2023_JHS_OFFICIAL,67.2,67.2,active,67.2,67.2,,79,79,79,79,
Robert N. Cameron,10049,SYN-JHS-000059,Grade 8 Technology and Livelihood Education,20015,SYN-JHS-COURSE-000024,Grade 8 Technology and Livelihood Education,20088,,INST JHS MLA_AY 2023-2024_Annual_Official,20001,SY_2023_JHS_OFFICIAL,91.4,91.4,active,91.4,91.4,,94,94,94,94,
Brittany S. Harper,10014,SYN-JHS-000024,Grade 8 Technology and Livelihood Education,20015,SYN-JHS-COURSE-000024,Grade 8 Technology and Livelihood Education,20088,,INST JHS MLA_AY 2023-2024_Annual_Official,20001,SY_2023_JHS_OFFICIAL,50.0,50.0,active,50.0,50.0,,72,72,72,72,
Stephanie R. Robbins,10011,SYN-JHS-000017,Grade 8 Technology and Livelihood Education,20015,SYN-JHS-COURSE-000024,Grade 8 Technology and Livelihood Education,20088,,INST JHS MLA_AY 2023-2024_Annual_Official,20001,SY_2023_JHS_OFFICIAL,92.8,92.8,active,92.8,92.8,,95,95,95,95,
Jeffery R. Anderson,10031,SYN-JHS-000040,Grade 8 Technology and Livelihood Education,20015,SYN-JHS-COURSE-000024,Grade 8 Technology and Livelihood Education,20088,,INST JHS MLA_AY 2023-2024_Annual_Official,20001,SY_2023_JHS_OFFICIAL,92.4,92.4,active,92.4,92.4,,95,95,95,95,
Amy K. Johnson,10065,SYN-JHS-000083,Grade 8 Technology and Livelihood Education,20015,SYN-JHS-COURSE-000024,Grade 8 Technology and Livelihood Education,20088,,INST JHS MLA_AY 2023-2024_Annual_Official,20001,SY_2023_JHS_OFFICIAL,84.0,84.0,active,84.0,84.0,,90,90,90,90,
Scott S. Alexander,10063,SYN-JHS-000081,Grade 8 Technology and Livelihood Education,20015,SYN-JHS-COURSE-000024,Grade 8 Technology and Livelihood Education,20088,,INST JHS MLA_AY 2023-2024_Annual_Official,20001,SY_2023_JHS_OFFICIAL,73.2,73.2,active,73.2,73.2,,83,83,83,83,
Caitlyn K. Mcdonald,10008,SYN-JHS-000014,Grade 8 Technology and Livelihood Education,20015,SYN-JHS-COURSE-000024,Grade 8 Technology and Livelihood Education,20088,,INST JHS MLA_AY 2023-2024_Annual_Official,20001,SY_2023_JHS_OFFICIAL,69.2,69.2,active,69.2,69.2,,80,80,80,80,
Jamie M. Cunningham,10009,SYN-JHS-000015,Grade 8 Technology and Livelihood Education,20015,SYN-JHS-COURSE-000024,Grade 8 Technology and Livelihood Education,20088,,INST JHS MLA_AY 2023-2024_Annual_Official,20001,SY_2023_JHS_OFFICIAL,77.2,77.2,active,77.2,77.2,,85,85,85,85,
Tammy G. Delgado,10101,SYN-JHS-000110,Grade 8 Technology and Livelihood Education,20015,SYN-JHS-COURSE-000024,Grade 8 Technology and Livelihood Education,20088,,INST JHS MLA_AY 2023-2024_Annual_Official,20001,SY_2023_JHS_OFFICIAL,75.6,75.6,active,75.6,75.6,,84,84,84,84,
Scott M. Pham,10053,SYN-JHS-000068,"Grade 8 Music, Arts, PE and Health",20016,SYN-JHS-COURSE-000021,"Grade 8 Music, Arts, PE and Health",20086,,INST JHS MLA_AY 2023-2024_Annual_Official,20001,SY_2023_JHS_OFFICIAL,92.8,92.8,active,92.8,92.8,,95,95,95,95,
Amber P. Ewing,10021,SYN-JHS-000029,"Grade 8 Music, Arts, PE and Health",20016,SYN-JHS-COURSE-000021,"Grade 8 Music, Arts, PE and Health",20086,,INST JHS MLA_AY 2023-2024_Annual_Official,20001,SY_2023_JHS_OFFICIAL,80.0,80.0,active,80.0,80.0,,87,87,87,87,
Melissa F. Bruce,10055,SYN-JHS-000070,"Grade 8 Music, Arts, PE and Health",20016,SYN-JHS-COURSE-000021,"Grade 8 Music, Arts, PE and Health",20086,,INST JHS MLA_AY 2023-2024_Annual_Official,20001,SY_2023_JHS_OFFICIAL,75.2,75.2,active,75.2,75.2,,84,84,84,84,
Brett M. Wheeler,10093,SYN-JHS-000102,"Grade 8 Music, Arts, PE and Health",20016,SYN-JHS-COURSE-000021,"Grade 8 Music, Arts, PE and Health",20086,,INST JHS MLA_AY 2023-2024_Annual_Official,20001,SY_2023_JHS_OFFICIAL,86.4,86.4,active,86.4,86.4,,91,91,91,91,
Patricia B. Ward,10013,SYN-JHS-000020,"Grade 8 Music, Arts, PE and Health",20016,SYN-JHS-COURSE-000021,"Grade 8 Music, Arts, PE and Health",20086,,INST JHS MLA_AY 2023-2024_Annual_Official,20001,SY_2023_JHS_OFFICIAL,73.2,73.2,active,73.2,73.2,,83,83,83,83,
Pamela R. Lang,10080,SYN-JHS-000061,"Grade 8 Music, Arts, PE and Health",20016,SYN-JHS-COURSE-000021,"Grade 8 Music, Arts, PE and Health",20086,,INST JHS MLA_AY 2023-2024_Annual_Official,20001,SY_2023_JHS_OFFICIAL,75.6,75.6,active,75.6,75.6,,84,84,84,84,
David T. Rodriguez,10076,SYN-JHS-000093,"Grade 8 Music, Arts, PE and Health",20016,SYN-JHS-COURSE-000021,"Grade 8 Music, Arts, PE and Health",20086,,INST JHS MLA_AY 2023-2024_Annual_Official,20001,SY_2023_JHS_OFFICIAL,89.6,89.6,active,89.6,89.6,,93,93,93,93,
Victoria K. Kennedy,10022,SYN-JHS-000032,"Grade 8 Music, Arts, PE and Health",20016,SYN-JHS-COURSE-000021,"Grade 8 Music, Arts, PE and Health",20086,,INST JHS MLA_AY 2023-2024_Annual_Official,20001,SY_2023_JHS_OFFICIAL,88.0,88.0,active,88.0,88.0,,92,92,92,92,
Shannon J. Roberts,10007,SYN-JHS-000013,"Grade 8 Music, Arts, PE and Health",20016,SYN-JHS-COURSE-000021,"Grade 8 Music, Arts, PE and Health",20086,,INST JHS MLA_AY 2023-2024_Annual_Official,20001,SY_2023_JHS_OFFICIAL,86.0,86.0,active,86.0,86.0,,91,91,91,91,
Robert W. Murray,10026,SYN-JHS-000034,"Grade 8 Music, Arts, PE and Health",20016,SYN-JHS-COURSE-000021,"Grade 8 Music, Arts, PE and Health",20086,,INST JHS MLA_AY 2023-2024_Annual_Official,20001,SY_2023_JHS_OFFICIAL,88.4,88.4,active,88.4,88.4,,92,92,92,92,
Kristy P. Hernandez,10047,SYN-JHS-000056,"Grade 8 Music, Arts, PE and Health",20016,SYN-JHS-COURSE-000021,"Grade 8 Music, Arts, PE and Health",20086,,INST JHS MLA_AY 2023-2024_Annual_Official,20001,SY_2023_JHS_OFFICIAL,89.6,89.6,active,89.6,89.6,,93,93,93,93,
Barbara M. Phillips,10029,SYN-JHS-000037,"Grade 8 Music, Arts, PE and Health",20016,SYN-JHS-COURSE-000021,"Grade 8 Music, Arts, PE and Health",20086,,INST JHS MLA_AY 2023-2024_Annual_Official,20001,SY_2023_JHS_OFFICIAL,89.2,89.2,active,89.2,89.2,,93,93,93,93,
Sherry K. Frazier,10012,SYN-JHS-000018,"Grade 8 Music, Arts, PE and Health",20016,SYN-JHS-COURSE-000021,"Grade 8 Music, Arts, PE and Health",20086,,INST JHS MLA_AY 2023-2024_Annual_Official,20001,SY_2023_JHS_OFFICIAL,91.2,91.2,active,91.2,91.2,,94,94,94,94,
Bethany J. Lynch,10017,SYN-JHS-000030,"Grade 8 Music, Arts, PE and Health",20016,SYN-JHS-COURSE-000021,"Grade 8 Music, Arts, PE and Health",20086,,INST JHS MLA_AY 2023-2024_Annual_Official,20001,SY_2023_JHS_OFFICIAL,90.4,90.4,active,90.4,90.4,,94,94,94,94,
Gina M. Rice,10023,SYN-JHS-000033,"Grade 8 Music, Arts, PE and Health",20016,SYN-JHS-COURSE-000021,"Grade 8 Music, Arts, PE and Health",20086,,INST JHS MLA_AY 2023-2024_Annual_Official,20001,SY_2023_JHS_OFFICIAL,90.8,90.8,active,90.8,90.8,,94,94,94,94,
Robert N. Cameron,10049,SYN-JHS-000059,"Grade 8 Music, Arts, PE and Health",20016,SYN-JHS-COURSE-000021,"Grade 8 Music, Arts, PE and Health",20086,,INST JHS MLA_AY 2023-2024_Annual_Official,20001,SY_2023_JHS_OFFICIAL,98.0,98.0,active,98.0,98.0,,98,98,98,98,
Brittany S. Harper,10014,SYN-JHS-000024,"Grade 8 Music, Arts, PE and Health",20016,SYN-JHS-COURSE-000021,"Grade 8 Music, Arts, PE and Health",20086,,INST JHS MLA_AY 2023-2024_Annual_Official,20001,SY_2023_JHS_OFFICIAL,80.0,80.0,active,80.0,80.0,,87,87,87,87,
Stephanie R. Robbins,10011,SYN-JHS-000017,"Grade 8 Music, Arts, PE and Health",20016,SYN-JHS-COURSE-000021,"Grade 8 Music, Arts, PE and Health",20086,,INST JHS MLA_AY 2023-2024_Annual_Official,20001,SY_2023_JHS_OFFICIAL,81.6,81.6,active,81.6,81.6,,88,88,88,88,
Jeffery R. Anderson,10031,SYN-JHS-000040,"Grade 8 Music, Arts, PE and Health",20016,SYN-JHS-COURSE-000021,"Grade 8 Music, Arts, PE and Health",20086,,INST JHS MLA_AY 2023-2024_Annual_Official,20001,SY_2023_JHS_OFFICIAL,85.6,85.6,active,85.6,85.6,,91,91,91,91,
Amy K. Johnson,10065,SYN-JHS-000083,"Grade 8 Music, Arts, PE and Health",20016,SYN-JHS-COURSE-000021,"Grade 8 Music, Arts, PE and Health",20086,,INST JHS MLA_AY 2023-2024_Annual_Official,20001,SY_2023_JHS_OFFICIAL,92.4,92.4,active,92.4,92.4,,95,95,95,95,
Scott S. Alexander,10063,SYN-JHS-000081,"Grade 8 Music, Arts, PE and Health",20016,SYN-JHS-COURSE-000021,"Grade 8 Music, Arts, PE and Health",20086,,INST JHS MLA_AY 2023-2024_Annual_Official,20001,SY_2023_JHS_OFFICIAL,80.8,80.8,active,80.8,80.8,,88,88,88,88,
Caitlyn K. Mcdonald,10008,SYN-JHS-000014,"Grade 8 Music, Arts, PE and Health",20016,SYN-JHS-COURSE-000021,"Grade 8 Music, Arts, PE and Health",20086,,INST JHS MLA_AY 2023-2024_Annual_Official,20001,SY_2023_JHS_OFFICIAL,75.2,75.2,active,75.2,75.2,,84,84,84,84,
Jamie M. Cunningham,10009,SYN-JHS-000015,"Grade 8 Music, Arts, PE and Health",20016,SYN-JHS-COURSE-000021,"Grade 8 Music, Arts, PE and Health",20086,,INST JHS MLA_AY 2023-2024_Annual_Official,20001,SY_2023_JHS_OFFICIAL,73.6,73.6,active,73.6,73.6,,83,83,83,83,
Drew T. Walker,10030,SYN-JHS-000039,"Grade 8 Music, Arts, PE and Health",20016,SYN-JHS-COURSE-000021,"Grade 8 Music, Arts, PE and Health",20086,,INST JHS MLA_AY 2023-2024_Annual_Official,20001,SY_2023_JHS_OFFICIAL,77.6,77.6,active,77.6,77.6,,86,86,86,86,
Isaiah K. Mcgee,10073,SYN-JHS-000089,"Grade 8 Music, Arts, PE and Health",20016,SYN-JHS-COURSE-000021,"Grade 8 Music, Arts, PE and Health",20086,,INST JHS MLA_AY 2023-2024_Annual_Official,20001,SY_2023_JHS_OFFICIAL,0.0,0.0,active,0.0,0.0,,60,60,60,60,
Scott C. Santiago,10015,SYN-JHS-000026,"Grade 8 Music, Arts, PE and Health",20016,SYN-JHS-COURSE-000021,"Grade 8 Music, Arts, PE and Health",20086,,INST JHS MLA_AY 2023-2024_Annual_Official,20001,SY_2023_JHS_OFFICIAL,87.6,87.6,active,87.6,87.6,,92,92,92,92,
Stacey V. Malone,10010,SYN-JHS-000016,"Grade 8 Music, Arts, PE and Health",20016,SYN-JHS-COURSE-000021,"Grade 8 Music, Arts, PE and Health",20086,,INST JHS MLA_AY 2023-2024_Annual_Official,20001,SY_2023_JHS_OFFICIAL,86.8,86.8,active,86.8,86.8,,91,91,91,91,
David R. Spencer,10016,SYN-JHS-000027,"Grade 8 Music, Arts, PE and Health",20016,SYN-JHS-COURSE-000021,"Grade 8 Music, Arts, PE and Health",20086,,INST JHS MLA_AY 2023-2024_Annual_Official,20001,SY_2023_JHS_OFFICIAL,85.6,85.6,active,85.6,85.6,,91,91,91,91,
Jacob R. Mcguire,10027,SYN-JHS-000036,"Grade 8 Music, Arts, PE and Health",20016,SYN-JHS-COURSE-000021,"Grade 8 Music, Arts, PE and Health",20086,,INST JHS MLA_AY 2023-2024_Annual_Official,20001,SY_2023_JHS_OFFICIAL,92.0,92.0,active,92.0,92.0,,95,95,95,95,
Tammy G. Delgado,10101,SYN-JHS-000110,"Grade 8 Music, Arts, PE and Health",20016,SYN-JHS-COURSE-000021,"Grade 8 Music, Arts, PE and Health",20086,,INST JHS MLA_AY 2023-2024_Annual_Official,20001,SY_2023_JHS_OFFICIAL,86.4,86.4,active,86.4,86.4,,91,91,91,91,
James G. Hall,10034,SYN-JHS-000042,Grade 9 Araling Panlipunan,20017,SYN-JHS-COURSE-000026,Grade 9 Araling Panlipunan,20089,,INST JHS MLA_AY 2023-2024_Annual_Official,20001,SY_2023_JHS_OFFICIAL,75.47,75.47,active,75.47,75.47,,84,84,84,84,
Kimberly D. Williams,10042,SYN-JHS-000052,Grade 9 Araling Panlipunan,20017,SYN-JHS-COURSE-000026,Grade 9 Araling Panlipunan,20089,,INST JHS MLA_AY 2023-2024_Annual_Official,20001,SY_2023_JHS_OFFICIAL,87.2,87.2,active,87.2,87.2,,92,92,92,92,
Christina J. Hickman,10003,SYN-JHS-000012,Grade 9 Araling Panlipunan,20017,SYN-JHS-COURSE-000026,Grade 9 Araling Panlipunan,20089,,INST JHS MLA_AY 2023-2024_Annual_Official,20001,SY_2023_JHS_OFFICIAL,88.67,88.67,active,88.67,88.67,,92,92,92,92,
Nicholas L. Cobb,10272,SYN-JHS-000006,Grade 9 Araling Panlipunan,20017,SYN-JHS-COURSE-000026,Grade 9 Araling Panlipunan,20089,,INST JHS MLA_AY 2023-2024_Annual_Official,20001,SY_2023_JHS_OFFICIAL,81.2,81.2,active,81.2,81.2,,88,88,88,88,
Pamela S. Davenport,10094,SYN-JHS-000103,Grade 9 Araling Panlipunan,20017,SYN-JHS-COURSE-000026,Grade 9 Araling Panlipunan,20089,,INST JHS MLA_AY 2023-2024_Annual_Official,20001,SY_2023_JHS_OFFICIAL,82.4,82.4,active,82.4,82.4,,89,89,89,89,
Nicholas J. Mercer,10082,SYN-JHS-000063,Grade 9 Araling Panlipunan,20017,SYN-JHS-COURSE-000026,Grade 9 Araling Panlipunan,20089,,INST JHS MLA_AY 2023-2024_Annual_Official,20001,SY_2023_JHS_OFFICIAL,68.27,68.27,active,68.27,68.27,,80,80,80,80,
Jeremy R. Stark,10263,SYN-JHS-000002,Grade 9 Araling Panlipunan,20017,SYN-JHS-COURSE-000026,Grade 9 Araling Panlipunan,20089,,INST JHS MLA_AY 2023-2024_Annual_Official,20001,SY_2023_JHS_OFFICIAL,86.8,86.8,active,86.8,86.8,,91,91,91,91,
Maurice M. Anderson,10018,SYN-JHS-000023,Grade 9 Araling Panlipunan,20017,SYN-JHS-COURSE-000026,Grade 9 Araling Panlipunan,20089,,INST JHS MLA_AY 2023-2024_Annual_Official,20001,SY_2023_JHS_OFFICIAL,81.47,81.47,active,81.47,81.47,,88,88,88,88,
Amanda K. Myers,10005,SYN-JHS-000022,Grade 9 Araling Panlipunan,20017,SYN-JHS-COURSE-000026,Grade 9 Araling Panlipunan,20089,,INST JHS MLA_AY 2023-2024_Annual_Official,20001,SY_2023_JHS_OFFICIAL,80.93,80.93,active,80.93,80.93,,88,88,88,88,
Carol W. Davis,10006,SYN-JHS-000025,Grade 9 Araling Panlipunan,20017,SYN-JHS-COURSE-000026,Grade 9 Araling Panlipunan,20089,,INST JHS MLA_AY 2023-2024_Annual_Official,20001,SY_2023_JHS_OFFICIAL,74.0,74.0,active,74.0,74.0,,83,83,83,83,
John B. Baldwin,10054,SYN-JHS-000069,Grade 9 Araling Panlipunan,20017,SYN-JHS-COURSE-000026,Grade 9 Araling Panlipunan,20089,,INST JHS MLA_AY 2023-2024_Annual_Official,20001,SY_2023_JHS_OFFICIAL,86.4,86.4,active,86.4,86.4,,91,91,91,91,
Kristen J. Hensley,10264,SYN-JHS-000003,Grade 9 Araling Panlipunan,20017,SYN-JHS-COURSE-000026,Grade 9 Araling Panlipunan,20089,,INST JHS MLA_AY 2023-2024_Annual_Official,20001,SY_2023_JHS_OFFICIAL,95.2,95.2,active,95.2,95.2,,97,97,97,97,
Amanda M. Clayton,10004,SYN-JHS-000019,Grade 9 Araling Panlipunan,20017,SYN-JHS-COURSE-000026,Grade 9 Araling Panlipunan,20089,,INST JHS MLA_AY 2023-2024_Annual_Official,20001,SY_2023_JHS_OFFICIAL,80.0,80.0,active,80.0,80.0,,87,87,87,87,
Amanda M. Chan,10057,SYN-JHS-000072,Grade 9 Araling Panlipunan,20017,SYN-JHS-COURSE-000026,Grade 9 Araling Panlipunan,20089,,INST JHS MLA_AY 2023-2024_Annual_Official,20001,SY_2023_JHS_OFFICIAL,81.47,81.47,active,81.47,81.47,,88,88,88,88,
Daniel C. Nixon,10273,SYN-JHS-000008,Grade 9 Araling Panlipunan,20017,SYN-JHS-COURSE-000026,Grade 9 Araling Panlipunan,20089,,INST JHS MLA_AY 2023-2024_Annual_Official,20001,SY_2023_JHS_OFFICIAL,85.47,85.47,active,85.47,85.47,,90,90,90,90,
Kathy A. Meyer,10001,SYN-JHS-000010,Grade 9 Araling Panlipunan,20017,SYN-JHS-COURSE-000026,Grade 9 Araling Panlipunan,20089,,INST JHS MLA_AY 2023-2024_Annual_Official,20001,SY_2023_JHS_OFFICIAL,86.13,86.13,active,86.13,86.13,,91,91,91,91,
Garrett L. Bell,10274,SYN-JHS-000009,Grade 9 Araling Panlipunan,20017,SYN-JHS-COURSE-000026,Grade 9 Araling Panlipunan,20089,,INST JHS MLA_AY 2023-2024_Annual_Official,20001,SY_2023_JHS_OFFICIAL,60.67,60.67,active,60.67,60.67,,75,75,75,75,
Douglas M. Pham,10271,SYN-JHS-000005,Grade 9 Araling Panlipunan,20017,SYN-JHS-COURSE-000026,Grade 9 Araling Panlipunan,20089,,INST JHS MLA_AY 2023-2024_Annual_Official,20001,SY_2023_JHS_OFFICIAL,57.47,57.47,active,57.47,57.47,,74,74,74,74,
Terri V. Ortiz,10046,SYN-JHS-000055,Grade 9 Araling Panlipunan,20017,SYN-JHS-COURSE-000026,Grade 9 Araling Panlipunan,20089,,INST JHS MLA_AY 2023-2024_Annual_Official,20001,SY_2023_JHS_OFFICIAL,86.27,86.27,active,86.27,86.27,,91,91,91,91,
Tara L. Diaz,10056,SYN-JHS-000071,Grade 9 Araling Panlipunan,20017,SYN-JHS-COURSE-000026,Grade 9 Araling Panlipunan,20089,,INST JHS MLA_AY 2023-2024_Annual_Official,20001,SY_2023_JHS_OFFICIAL,83.47,83.47,active,83.47,83.47,,89,89,89,89,
Timothy S. Heath,10024,SYN-JHS-000021,Grade 9 Araling Panlipunan,20017,SYN-JHS-COURSE-000026,Grade 9 Araling Panlipunan,20089,,INST JHS MLA_AY 2023-2024_Annual_Official,20001,SY_2023_JHS_OFFICIAL,78.13,78.13,active,78.13,78.13,,86,86,86,86,
Andrea S. Walsh,10262,SYN-JHS-000001,Grade 9 Araling Panlipunan,20017,SYN-JHS-COURSE-000026,Grade 9 Araling Panlipunan,20089,,INST JHS MLA_AY 2023-2024_Annual_Official,20001,SY_2023_JHS_OFFICIAL,79.6,79.6,active,79.6,79.6,,87,87,87,87,
Randy B. Shelton,10077,SYN-JHS-000094,Grade 9 Araling Panlipunan,20017,SYN-JHS-COURSE-000026,Grade 9 Araling Panlipunan,20089,,INST JHS MLA_AY 2023-2024_Annual_Official,20001,SY_2023_JHS_OFFICIAL,84.53,84.53,active,84.53,84.53,,90,90,90,90,
Jennifer G. Tapia,10265,SYN-JHS-000004,Grade 9 Araling Panlipunan,20017,SYN-JHS-COURSE-000026,Grade 9 Araling Panlipunan,20089,,INST JHS MLA_AY 2023-2024_Annual_Official,20001,SY_2023_JHS_OFFICIAL,69.87,69.87,active,69.87,69.87,,81,81,81,81,
John T. Jones,10032,SYN-JHS-000041,Grade 9 Araling Panlipunan,20017,SYN-JHS-COURSE-000026,Grade 9 Araling Panlipunan,20089,,INST JHS MLA_AY 2023-2024_Annual_Official,20001,SY_2023_JHS_OFFICIAL,81.33,81.33,active,81.33,81.33,,88,88,88,88,
Rachel T. Davis,10020,SYN-JHS-000031,Grade 9 Araling Panlipunan,20017,SYN-JHS-COURSE-000026,Grade 9 Araling Panlipunan,20089,,INST JHS MLA_AY 2023-2024_Annual_Official,20001,SY_2023_JHS_OFFICIAL,68.93,68.93,active,68.93,68.93,,80,80,80,80,
Rebecca T. Castro,10043,SYN-JHS-000050,Grade 9 Araling Panlipunan,20017,SYN-JHS-COURSE-000026,Grade 9 Araling Panlipunan,20089,,INST JHS MLA_AY 2023-2024_Annual_Official,20001,SY_2023_JHS_OFFICIAL,98.4,98.4,active,98.4,98.4,,99,99,99,99,
Sandra K. Bean,10270,SYN-JHS-000007,Grade 9 Araling Panlipunan,20017,SYN-JHS-COURSE-000026,Grade 9 Araling Panlipunan,20089,,INST JHS MLA_AY 2023-2024_Annual_Official,20001,SY_2023_JHS_OFFICIAL,98.4,98.4,active,98.4,98.4,,99,99,99,99,
Dorothy T. Fernandez,10079,SYN-JHS-000096,Grade 9 Araling Panlipunan,20017,SYN-JHS-COURSE-000026,Grade 9 Araling Panlipunan,20089,,INST JHS MLA_AY 2023-2024_Annual_Official,20001,SY_2023_JHS_OFFICIAL,86.4,86.4,active,86.4,86.4,,91,91,91,91,
Alice S. Webb,10019,SYN-JHS-000028,Grade 9 Araling Panlipunan,20017,SYN-JHS-COURSE-000026,Grade 9 Araling Panlipunan,20089,,INST JHS MLA_AY 2023-2024_Annual_Official,20001,SY_2023_JHS_OFFICIAL,90.4,90.4,active,90.4,90.4,,94,94,94,94,
April L. Harris,10081,SYN-JHS-000062,Grade 9 Araling Panlipunan,20017,SYN-JHS-COURSE-000026,Grade 9 Araling Panlipunan,20089,,INST JHS MLA_AY 2023-2024_Annual_Official,20001,SY_2023_JHS_OFFICIAL,84.53,84.53,active,84.53,84.53,,90,90,90,90,
Charles L. Solis,10025,SYN-JHS-000035,Grade 9 Araling Panlipunan,20017,SYN-JHS-COURSE-000026,Grade 9 Araling Panlipunan,20089,,INST JHS MLA_AY 2023-2024_Annual_Official,20001,SY_2023_JHS_OFFICIAL,53.73,53.73,active,53.73,53.73,,73,73,73,73,
Ashley G. Robles,10096,SYN-JHS-000105,Grade 9 Araling Panlipunan,20017,SYN-JHS-COURSE-000026,Grade 9 Araling Panlipunan,20089,,INST JHS MLA_AY 2023-2024_Annual_Official,20001,SY_2023_JHS_OFFICIAL,87.2,87.2,active,87.2,87.2,,92,92,92,92,
Lisa E. Wells,10002,SYN-JHS-000011,Grade 9 Araling Panlipunan,20017,SYN-JHS-COURSE-000026,Grade 9 Araling Panlipunan,20089,,INST JHS MLA_AY 2023-2024_Annual_Official,20001,SY_2023_JHS_OFFICIAL,97.07,97.07,active,97.07,97.07,,98,98,98,98,
Philip R. Evans,10066,SYN-JHS-000084,Grade 9 Araling Panlipunan,20017,SYN-JHS-COURSE-000026,Grade 9 Araling Panlipunan,20089,,INST JHS MLA_AY 2023-2024_Annual_Official,20001,SY_2023_JHS_OFFICIAL,83.47,83.47,active,83.47,83.47,,89,89,89,89,
Jimmy A. Wolf,10097,SYN-JHS-000106,Grade 9 Araling Panlipunan,20017,SYN-JHS-COURSE-000026,Grade 9 Araling Panlipunan,20089,,INST JHS MLA_AY 2023-2024_Annual_Official,20001,SY_2023_JHS_OFFICIAL,79.87,79.87,active,79.87,79.87,,87,87,87,87,
William A. Ruiz,10044,SYN-JHS-000053,Grade 9 Araling Panlipunan,20017,SYN-JHS-COURSE-000026,Grade 9 Araling Panlipunan,20089,,INST JHS MLA_AY 2023-2024_Annual_Official,20001,SY_2023_JHS_OFFICIAL,85.2,85.2,active,85.2,85.2,,90,90,90,90,
Christian A. Williams,10060,SYN-JHS-000075,Grade 9 Araling Panlipunan,20017,SYN-JHS-COURSE-000026,Grade 9 Araling Panlipunan,20089,,INST JHS MLA_AY 2023-2024_Annual_Official,20001,SY_2023_JHS_OFFICIAL,78.53,78.53,active,78.53,78.53,,86,86,86,86,
Larry E. Cohen,10045,SYN-JHS-000054,Grade 9 Araling Panlipunan,20017,SYN-JHS-COURSE-000026,Grade 9 Araling Panlipunan,20089,,INST JHS MLA_AY 2023-2024_Annual_Official,20001,SY_2023_JHS_OFFICIAL,83.47,83.47,active,83.47,83.47,,89,89,89,89,
Andrew J. Becker,10051,SYN-JHS-000058,Grade 9 Araling Panlipunan,20017,SYN-JHS-COURSE-000026,Grade 9 Araling Panlipunan,20089,,INST JHS MLA_AY 2023-2024_Annual_Official,20001,SY_2023_JHS_OFFICIAL,73.6,73.6,active,73.6,73.6,,83,83,83,83,
Diana J. Smith,10086,SYN-JHS-000079,Grade 9 Araling Panlipunan,20017,SYN-JHS-COURSE-000026,Grade 9 Araling Panlipunan,20089,,INST JHS MLA_AY 2023-2024_Annual_Official,20001,SY_2023_JHS_OFFICIAL,76.93,76.93,active,76.93,76.93,,85,85,85,85,
Tracy S. Evans,10028,SYN-JHS-000038,Grade 9 Araling Panlipunan,20017,SYN-JHS-COURSE-000026,Grade 9 Araling Panlipunan,20089,,INST JHS MLA_AY 2023-2024_Annual_Official,20001,SY_2023_JHS_OFFICIAL,83.73,83.73,active,83.73,83.73,,89,89,89,89,
Carl T. Hill,10039,SYN-JHS-000047,Grade 9 Araling Panlipunan,20017,SYN-JHS-COURSE-000026,Grade 9 Araling Panlipunan,20089,,INST JHS MLA_AY 2023-2024_Annual_Official,20001,SY_2023_JHS_OFFICIAL,0.0,0.0,active,0.0,0.0,,60,60,60,60,
Derrick C. Hancock,10100,SYN-JHS-000109,Grade 9 Araling Panlipunan,20017,SYN-JHS-COURSE-000026,Grade 9 Araling Panlipunan,20089,,INST JHS MLA_AY 2023-2024_Annual_Official,20001,SY_2023_JHS_OFFICIAL,93.87,93.87,active,93.87,93.87,,96,96,96,96,
James G. Hall,10034,SYN-JHS-000042,Grade 9 English,20018,SYN-JHS-COURSE-000027,Grade 9 English,20090,,INST JHS MLA_AY 2023-2024_Annual_Official,20001,SY_2023_JHS_OFFICIAL,83.0,83.0,active,83.0,83.0,,89,89,89,89,
Kimberly D. Williams,10042,SYN-JHS-000052,Grade 9 English,20018,SYN-JHS-COURSE-000027,Grade 9 English,20090,,INST JHS MLA_AY 2023-2024_Annual_Official,20001,SY_2023_JHS_OFFICIAL,78.4,78.4,active,78.4,78.4,,86,86,86,86,
Christina J. Hickman,10003,SYN-JHS-000012,Grade 9 English,20018,SYN-JHS-COURSE-000027,Grade 9 English,20090,,INST JHS MLA_AY 2023-2024_Annual_Official,20001,SY_2023_JHS_OFFICIAL,95.2,95.2,active,95.2,95.2,,97,97,97,97,
Nicholas L. Cobb,10272,SYN-JHS-000006,Grade 9 English,20018,SYN-JHS-COURSE-000027,Grade 9 English,20090,,INST JHS MLA_AY 2023-2024_Annual_Official,20001,SY_2023_JHS_OFFICIAL,95.6,95.6,active,95.6,95.6,,97,97,97,97,
Pamela S. Davenport,10094,SYN-JHS-000103,Grade 9 English,20018,SYN-JHS-COURSE-000027,Grade 9 English,20090,,INST JHS MLA_AY 2023-2024_Annual_Official,20001,SY_2023_JHS_OFFICIAL,91.6,91.6,active,91.6,91.6,,94,94,94,94,
Nicholas J. Mercer,10082,SYN-JHS-000063,Grade 9 English,20018,SYN-JHS-COURSE-000027,Grade 9 English,20090,,INST JHS MLA_AY 2023-2024_Annual_Official,20001,SY_2023_JHS_OFFICIAL,72.3,72.3,active,72.3,72.3,,82,82,82,82,
Jeremy R. Stark,10263,SYN-JHS-000002,Grade 9 English,20018,SYN-JHS-COURSE-000027,Grade 9 English,20090,,INST JHS MLA_AY 2023-2024_Annual_Official,20001,SY_2023_JHS_OFFICIAL,87.1,87.1,active,87.1,87.1,,91,91,91,91,
Maurice M. Anderson,10018,SYN-JHS-000023,Grade 9 English,20018,SYN-JHS-COURSE-000027,Grade 9 English,20090,,INST JHS MLA_AY 2023-2024_Annual_Official,20001,SY_2023_JHS_OFFICIAL,81.5,81.5,active,81.5,81.5,,88,88,88,88,
Amanda K. Myers,10005,SYN-JHS-000022,Grade 9 English,20018,SYN-JHS-COURSE-000027,Grade 9 English,20090,,INST JHS MLA_AY 2023-2024_Annual_Official,20001,SY_2023_JHS_OFFICIAL,77.5,77.5,active,77.5,77.5,,85,85,85,85,
Carol W. Davis,10006,SYN-JHS-000025,Grade 9 English,20018,SYN-JHS-COURSE-000027,Grade 9 English,20090,,INST JHS MLA_AY 2023-2024_Annual_Official,20001,SY_2023_JHS_OFFICIAL,90.8,90.8,active,90.8,90.8,,94,94,94,94,
John B. Baldwin,10054,SYN-JHS-000069,Grade 9 English,20018,SYN-JHS-COURSE-000027,Grade 9 English,20090,,INST JHS MLA_AY 2023-2024_Annual_Official,20001,SY_2023_JHS_OFFICIAL,78.1,78.1,active,78.1,78.1,,86,86,86,86,
Kristen J. Hensley,10264,SYN-JHS-000003,Grade 9 English,20018,SYN-JHS-COURSE-000027,Grade 9 English,20090,,INST JHS MLA_AY 2023-2024_Annual_Official,20001,SY_2023_JHS_OFFICIAL,92.8,92.8,active,92.8,92.8,,95,95,95,95,
Amanda M. Clayton,10004,SYN-JHS-000019,Grade 9 English,20018,SYN-JHS-COURSE-000027,Grade 9 English,20090,,INST JHS MLA_AY 2023-2024_Annual_Official,20001,SY_2023_JHS_OFFICIAL,94.7,94.7,active,94.7,94.7,,96,96,96,96,
Amanda M. Chan,10057,SYN-JHS-000072,Grade 9 English,20018,SYN-JHS-COURSE-000027,Grade 9 English,20090,,INST JHS MLA_AY 2023-2024_Annual_Official,20001,SY_2023_JHS_OFFICIAL,84.0,84.0,active,84.0,84.0,,90,90,90,90,
Daniel C. Nixon,10273,SYN-JHS-000008,Grade 9 English,20018,SYN-JHS-COURSE-000027,Grade 9 English,20090,,INST JHS MLA_AY 2023-2024_Annual_Official,20001,SY_2023_JHS_OFFICIAL,82.3,82.3,active,82.3,82.3,,88,88,88,88,
Kathy A. Meyer,10001,SYN-JHS-000010,Grade 9 English,20018,SYN-JHS-COURSE-000027,Grade 9 English,20090,,INST JHS MLA_AY 2023-2024_Annual_Official,20001,SY_2023_JHS_OFFICIAL,88.3,88.3,active,88.3,88.3,,92,92,92,92,
Garrett L. Bell,10274,SYN-JHS-000009,Grade 9 English,20018,SYN-JHS-COURSE-000027,Grade 9 English,20090,,INST JHS MLA_AY 2023-2024_Annual_Official,20001,SY_2023_JHS_OFFICIAL,58.9,58.9,active,58.9,58.9,,74,74,74,74,
Douglas M. Pham,10271,SYN-JHS-000005,Grade 9 English,20018,SYN-JHS-COURSE-000027,Grade 9 English,20090,,INST JHS MLA_AY 2023-2024_Annual_Official,20001,SY_2023_JHS_OFFICIAL,80.7,80.7,active,80.7,80.7,,87,87,87,87,
Terri V. Ortiz,10046,SYN-JHS-000055,Grade 9 English,20018,SYN-JHS-COURSE-000027,Grade 9 English,20090,,INST JHS MLA_AY 2023-2024_Annual_Official,20001,SY_2023_JHS_OFFICIAL,81.7,81.7,active,81.7,81.7,,88,88,88,88,
Tara L. Diaz,10056,SYN-JHS-000071,Grade 9 English,20018,SYN-JHS-COURSE-000027,Grade 9 English,20090,,INST JHS MLA_AY 2023-2024_Annual_Official,20001,SY_2023_JHS_OFFICIAL,61.1,61.1,active,61.1,61.1,,75,75,75,75,
Timothy S. Heath,10024,SYN-JHS-000021,Grade 9 English,20018,SYN-JHS-COURSE-000027,Grade 9 English,20090,,INST JHS MLA_AY 2023-2024_Annual_Official,20001,SY_2023_JHS_OFFICIAL,85.9,85.9,active,85.9,85.9,,91,91,91,91,
Andrea S. Walsh,10262,SYN-JHS-000001,Grade 9 English,20018,SYN-JHS-COURSE-000027,Grade 9 English,20090,,INST JHS MLA_AY 2023-2024_Annual_Official,20001,SY_2023_JHS_OFFICIAL,78.6,78.6,active,78.6,78.6,,86,86,86,86,
Randy B. Shelton,10077,SYN-JHS-000094,Grade 9 English,20018,SYN-JHS-COURSE-000027,Grade 9 English,20090,,INST JHS MLA_AY 2023-2024_Annual_Official,20001,SY_2023_JHS_OFFICIAL,72.5,72.5,active,72.5,72.5,,82,82,82,82,
Jennifer G. Tapia,10265,SYN-JHS-000004,Grade 9 English,20018,SYN-JHS-COURSE-000027,Grade 9 English,20090,,INST JHS MLA_AY 2023-2024_Annual_Official,20001,SY_2023_JHS_OFFICIAL,56.4,56.4,active,56.4,56.4,,74,74,74,74,
John T. Jones,10032,SYN-JHS-000041,Grade 9 English,20018,SYN-JHS-COURSE-000027,Grade 9 English,20090,,INST JHS MLA_AY 2023-2024_Annual_Official,20001,SY_2023_JHS_OFFICIAL,87.6,87.6,active,87.6,87.6,,92,92,92,92,
Rachel T. Davis,10020,SYN-JHS-000031,Grade 9 English,20018,SYN-JHS-COURSE-000027,Grade 9 English,20090,,INST JHS MLA_AY 2023-2024_Annual_Official,20001,SY_2023_JHS_OFFICIAL,70.0,70.0,active,70.0,70.0,,81,81,81,81,
Rebecca T. Castro,10043,SYN-JHS-000050,Grade 9 English,20018,SYN-JHS-COURSE-000027,Grade 9 English,20090,,INST JHS MLA_AY 2023-2024_Annual_Official,20001,SY_2023_JHS_OFFICIAL,87.1,87.1,active,87.1,87.1,,91,91,91,91,
Sandra K. Bean,10270,SYN-JHS-000007,Grade 9 English,20018,SYN-JHS-COURSE-000027,Grade 9 English,20090,,INST JHS MLA_AY 2023-2024_Annual_Official,20001,SY_2023_JHS_OFFICIAL,95.6,95.6,active,95.6,95.6,,97,97,97,97,
Dorothy T. Fernandez,10079,SYN-JHS-000096,Grade 9 English,20018,SYN-JHS-COURSE-000027,Grade 9 English,20090,,INST JHS MLA_AY 2023-2024_Annual_Official,20001,SY_2023_JHS_OFFICIAL,87.2,87.2,active,87.2,87.2,,92,92,92,92,
Alice S. Webb,10019,SYN-JHS-000028,Grade 9 English,20018,SYN-JHS-COURSE-000027,Grade 9 English,20090,,INST JHS MLA_AY 2023-2024_Annual_Official,20001,SY_2023_JHS_OFFICIAL,92.3,92.3,active,92.3,92.3,,95,95,95,95,
April L. Harris,10081,SYN-JHS-000062,Grade 9 English,20018,SYN-JHS-COURSE-000027,Grade 9 English,20090,,INST JHS MLA_AY 2023-2024_Annual_Official,20001,SY_2023_JHS_OFFICIAL,78.9,78.9,active,78.9,78.9,,86,86,86,86,
Charles L. Solis,10025,SYN-JHS-000035,Grade 9 English,20018,SYN-JHS-COURSE-000027,Grade 9 English,20090,,INST JHS MLA_AY 2023-2024_Annual_Official,20001,SY_2023_JHS_OFFICIAL,42.4,42.4,active,42.4,42.4,,70,70,70,70,
Ashley G. Robles,10096,SYN-JHS-000105,Grade 9 English,20018,SYN-JHS-COURSE-000027,Grade 9 English,20090,,INST JHS MLA_AY 2023-2024_Annual_Official,20001,SY_2023_JHS_OFFICIAL,73.9,73.9,active,73.9,73.9,,83,83,83,83,
Lisa E. Wells,10002,SYN-JHS-000011,Grade 9 English,20018,SYN-JHS-COURSE-000027,Grade 9 English,20090,,INST JHS MLA_AY 2023-2024_Annual_Official,20001,SY_2023_JHS_OFFICIAL,98.0,98.0,active,98.0,98.0,,98,98,98,98,
Philip R. Evans,10066,SYN-JHS-000084,Grade 9 English,20018,SYN-JHS-COURSE-000027,Grade 9 English,20090,,INST JHS MLA_AY 2023-2024_Annual_Official,20001,SY_2023_JHS_OFFICIAL,89.4,89.4,active,89.4,89.4,,93,93,93,93,
Jimmy A. Wolf,10097,SYN-JHS-000106,Grade 9 English,20018,SYN-JHS-COURSE-000027,Grade 9 English,20090,,INST JHS MLA_AY 2023-2024_Annual_Official,20001,SY_2023_JHS_OFFICIAL,86.4,86.4,active,86.4,86.4,,91,91,91,91,
William A. Ruiz,10044,SYN-JHS-000053,Grade 9 English,20018,SYN-JHS-COURSE-000027,Grade 9 English,20090,,INST JHS MLA_AY 2023-2024_Annual_Official,20001,SY_2023_JHS_OFFICIAL,92.8,92.8,active,92.8,92.8,,95,95,95,95,
Christian A. Williams,10060,SYN-JHS-000075,Grade 9 English,20018,SYN-JHS-COURSE-000027,Grade 9 English,20090,,INST JHS MLA_AY 2023-2024_Annual_Official,20001,SY_2023_JHS_OFFICIAL,90.7,90.7,active,90.7,90.7,,94,94,94,94,
Larry E. Cohen,10045,SYN-JHS-000054,Grade 9 English,20018,SYN-JHS-COURSE-000027,Grade 9 English,20090,,INST JHS MLA_AY 2023-2024_Annual_Official,20001,SY_2023_JHS_OFFICIAL,83.9,83.9,active,83.9,83.9,,89,89,89,89,
Andrew J. Becker,10051,SYN-JHS-000058,Grade 9 English,20018,SYN-JHS-COURSE-000027,Grade 9 English,20090,,INST JHS MLA_AY 2023-2024_Annual_Official,20001,SY_2023_JHS_OFFICIAL,90.0,90.0,active,90.0,90.0,,93,93,93,93,
Diana J. Smith,10086,SYN-JHS-000079,Grade 9 English,20018,SYN-JHS-COURSE-000027,Grade 9 English,20090,,INST JHS MLA_AY 2023-2024_Annual_Official,20001,SY_2023_JHS_OFFICIAL,73.9,73.9,active,73.9,73.9,,83,83,83,83,
Tracy S. Evans,10028,SYN-JHS-000038,Grade 9 English,20018,SYN-JHS-COURSE-000027,Grade 9 English,20090,,INST JHS MLA_AY 2023-2024_Annual_Official,20001,SY_2023_JHS_OFFICIAL,89.6,89.6,active,89.6,89.6,,93,93,93,93,
Carl T. Hill,10039,SYN-JHS-000047,Grade 9 English,20018,SYN-JHS-COURSE-000027,Grade 9 English,20090,,INST JHS MLA_AY 2023-2024_Annual_Official,20001,SY_2023_JHS_OFFICIAL,0.0,0.0,active,0.0,0.0,,60,60,60,60,
Derrick C. Hancock,10100,SYN-JHS-000109,Grade 9 English,20018,SYN-JHS-COURSE-000027,Grade 9 English,20090,,INST JHS MLA_AY 2023-2024_Annual_Official,20001,SY_2023_JHS_OFFICIAL,97.2,97.2,active,97.2,97.2,,98,98,98,98,
James G. Hall,10034,SYN-JHS-000042,Grade 9 Edukasyon sa Pagpapakatao,20019,SYN-JHS-COURSE-000028,Grade 9 Edukasyon sa Pagpapakatao,20095,,INST JHS MLA_AY 2023-2024_Annual_Official,20001,SY_2023_JHS_OFFICIAL,87.5,87.5,active,87.5,87.5,,92,92,92,92,
Kimberly D. Williams,10042,SYN-JHS-000052,Grade 9 Edukasyon sa Pagpapakatao,20019,SYN-JHS-COURSE-000028,Grade 9 Edukasyon sa Pagpapakatao,20095,,INST JHS MLA_AY 2023-2024_Annual_Official,20001,SY_2023_JHS_OFFICIAL,90.0,90.0,active,90.0,90.0,,93,93,93,93,
Christina J. Hickman,10003,SYN-JHS-000012,Grade 9 Edukasyon sa Pagpapakatao,20019,SYN-JHS-COURSE-000028,Grade 9 Edukasyon sa Pagpapakatao,20095,,INST JHS MLA_AY 2023-2024_Annual_Official,20001,SY_2023_JHS_OFFICIAL,89.5,89.5,active,89.5,89.5,,93,93,93,93,
Nicholas L. Cobb,10272,SYN-JHS-000006,Grade 9 Edukasyon sa Pagpapakatao,20019,SYN-JHS-COURSE-000028,Grade 9 Edukasyon sa Pagpapakatao,20095,,INST JHS MLA_AY 2023-2024_Annual_Official,20001,SY_2023_JHS_OFFICIAL,83.0,83.0,active,83.0,83.0,,89,89,89,89,
Pamela S. Davenport,10094,SYN-JHS-000103,Grade 9 Edukasyon sa Pagpapakatao,20019,SYN-JHS-COURSE-000028,Grade 9 Edukasyon sa Pagpapakatao,20095,,INST JHS MLA_AY 2023-2024_Annual_Official,20001,SY_2023_JHS_OFFICIAL,87.0,87.0,active,87.0,87.0,,91,91,91,91,
Nicholas J. Mercer,10082,SYN-JHS-000063,Grade 9 Edukasyon sa Pagpapakatao,20019,SYN-JHS-COURSE-000028,Grade 9 Edukasyon sa Pagpapakatao,20095,,INST JHS MLA_AY 2023-2024_Annual_Official,20001,SY_2023_JHS_OFFICIAL,88.5,88.5,active,88.5,88.5,,92,92,92,92,
Jeremy R. Stark,10263,SYN-JHS-000002,Grade 9 Edukasyon sa Pagpapakatao,20019,SYN-JHS-COURSE-000028,Grade 9 Edukasyon sa Pagpapakatao,20095,,INST JHS MLA_AY 2023-2024_Annual_Official,20001,SY_2023_JHS_OFFICIAL,86.0,86.0,active,86.0,86.0,,91,91,91,91,
Maurice M. Anderson,10018,SYN-JHS-000023,Grade 9 Edukasyon sa Pagpapakatao,20019,SYN-JHS-COURSE-000028,Grade 9 Edukasyon sa Pagpapakatao,20095,,INST JHS MLA_AY 2023-2024_Annual_Official,20001,SY_2023_JHS_OFFICIAL,90.0,90.0,active,90.0,90.0,,93,93,93,93,
Amanda K. Myers,10005,SYN-JHS-000022,Grade 9 Edukasyon sa Pagpapakatao,20019,SYN-JHS-COURSE-000028,Grade 9 Edukasyon sa Pagpapakatao,20095,,INST JHS MLA_AY 2023-2024_Annual_Official,20001,SY_2023_JHS_OFFICIAL,90.5,90.5,active,90.5,90.5,,94,94,94,94,
Carol W. Davis,10006,SYN-JHS-000025,Grade 9 Edukasyon sa Pagpapakatao,20019,SYN-JHS-COURSE-000028,Grade 9 Edukasyon sa Pagpapakatao,20095,,INST JHS MLA_AY 2023-2024_Annual_Official,20001,SY_2023_JHS_OFFICIAL,87.0,87.0,active,87.0,87.0,,91,91,91,91,
John B. Baldwin,10054,SYN-JHS-000069,Grade 9 Edukasyon sa Pagpapakatao,20019,SYN-JHS-COURSE-000028,Grade 9 Edukasyon sa Pagpapakatao,20095,,INST JHS MLA_AY 2023-2024_Annual_Official,20001,SY_2023_JHS_OFFICIAL,89.5,89.5,active,89.5,89.5,,93,93,93,93,
Kristen J. Hensley,10264,SYN-JHS-000003,Grade 9 Edukasyon sa Pagpapakatao,20019,SYN-JHS-COURSE-000028,Grade 9 Edukasyon sa Pagpapakatao,20095,,INST JHS MLA_AY 2023-2024_Annual_Official,20001,SY_2023_JHS_OFFICIAL,89.0,89.0,active,89.0,89.0,,93,93,93,93,
Amanda M. Clayton,10004,SYN-JHS-000019,Grade 9 Edukasyon sa Pagpapakatao,20019,SYN-JHS-COURSE-000028,Grade 9 Edukasyon sa Pagpapakatao,20095,,INST JHS MLA_AY 2023-2024_Annual_Official,20001,SY_2023_JHS_OFFICIAL,92.0,92.0,active,92.0,92.0,,95,95,95,95,
Amanda M. Chan,10057,SYN-JHS-000072,Grade 9 Edukasyon sa Pagpapakatao,20019,SYN-JHS-COURSE-000028,Grade 9 Edukasyon sa Pagpapakatao,20095,,INST JHS MLA_AY 2023-2024_Annual_Official,20001,SY_2023_JHS_OFFICIAL,81.5,81.5,active,81.5,81.5,,88,88,88,88,
Daniel C. Nixon,10273,SYN-JHS-000008,Grade 9 Edukasyon sa Pagpapakatao,20019,SYN-JHS-COURSE-000028,Grade 9 Edukasyon sa Pagpapakatao,20095,,INST JHS MLA_AY 2023-2024_Annual_Official,20001,SY_2023_JHS_OFFICIAL,88.5,88.5,active,88.5,88.5,,92,92,92,92,
Kathy A. Meyer,10001,SYN-JHS-000010,Grade 9 Edukasyon sa Pagpapakatao,20019,SYN-JHS-COURSE-000028,Grade 9 Edukasyon sa Pagpapakatao,20095,,INST JHS MLA_AY 2023-2024_Annual_Official,20001,SY_2023_JHS_OFFICIAL,87.5,87.5,active,87.5,87.5,,92,92,92,92,
Garrett L. Bell,10274,SYN-JHS-000009,Grade 9 Edukasyon sa Pagpapakatao,20019,SYN-JHS-COURSE-000028,Grade 9 Edukasyon sa Pagpapakatao,20095,,INST JHS MLA_AY 2023-2024_Annual_Official,20001,SY_2023_JHS_OFFICIAL,84.0,84.0,active,84.0,84.0,,90,90,90,90,
Douglas M. Pham,10271,SYN-JHS-000005,Grade 9 Edukasyon sa Pagpapakatao,20019,SYN-JHS-COURSE-000028,Grade 9 Edukasyon sa Pagpapakatao,20095,,INST JHS MLA_AY 2023-2024_Annual_Official,20001,SY_2023_JHS_OFFICIAL,82.0,82.0,active,82.0,82.0,,88,88,88,88,
Terri V. Ortiz,10046,SYN-JHS-000055,Grade 9 Edukasyon sa Pagpapakatao,20019,SYN-JHS-COURSE-000028,Grade 9 Edukasyon sa Pagpapakatao,20095,,INST JHS MLA_AY 2023-2024_Annual_Official,20001,SY_2023_JHS_OFFICIAL,90.0,90.0,active,90.0,90.0,,93,93,93,93,
Tara L. Diaz,10056,SYN-JHS-000071,Grade 9 Edukasyon sa Pagpapakatao,20019,SYN-JHS-COURSE-000028,Grade 9 Edukasyon sa Pagpapakatao,20095,,INST JHS MLA_AY 2023-2024_Annual_Official,20001,SY_2023_JHS_OFFICIAL,79.5,79.5,active,79.5,79.5,,87,87,87,87,
Timothy S. Heath,10024,SYN-JHS-000021,Grade 9 Edukasyon sa Pagpapakatao,20019,SYN-JHS-COURSE-000028,Grade 9 Edukasyon sa Pagpapakatao,20095,,INST JHS MLA_AY 2023-2024_Annual_Official,20001,SY_2023_JHS_OFFICIAL,89.5,89.5,active,89.5,89.5,,93,93,93,93,
Andrea S. Walsh,10262,SYN-JHS-000001,Grade 9 Edukasyon sa Pagpapakatao,20019,SYN-JHS-COURSE-000028,Grade 9 Edukasyon sa Pagpapakatao,20095,,INST JHS MLA_AY 2023-2024_Annual_Official,20001,SY_2023_JHS_OFFICIAL,86.5,86.5,active,86.5,86.5,,91,91,91,91,
Randy B. Shelton,10077,SYN-JHS-000094,Grade 9 Edukasyon sa Pagpapakatao,20019,SYN-JHS-COURSE-000028,Grade 9 Edukasyon sa Pagpapakatao,20095,,INST JHS MLA_AY 2023-2024_Annual_Official,20001,SY_2023_JHS_OFFICIAL,87.0,87.0,active,87.0,87.0,,91,91,91,91,
Jennifer G. Tapia,10265,SYN-JHS-000004,Grade 9 Edukasyon sa Pagpapakatao,20019,SYN-JHS-COURSE-000028,Grade 9 Edukasyon sa Pagpapakatao,20095,,INST JHS MLA_AY 2023-2024_Annual_Official,20001,SY_2023_JHS_OFFICIAL,84.0,84.0,active,84.0,84.0,,90,90,90,90,
John T. Jones,10032,SYN-JHS-000041,Grade 9 Edukasyon sa Pagpapakatao,20019,SYN-JHS-COURSE-000028,Grade 9 Edukasyon sa Pagpapakatao,20095,,INST JHS MLA_AY 2023-2024_Annual_Official,20001,SY_2023_JHS_OFFICIAL,84.5,84.5,active,84.5,84.5,,90,90,90,90,
Rachel T. Davis,10020,SYN-JHS-000031,Grade 9 Edukasyon sa Pagpapakatao,20019,SYN-JHS-COURSE-000028,Grade 9 Edukasyon sa Pagpapakatao,20095,,INST JHS MLA_AY 2023-2024_Annual_Official,20001,SY_2023_JHS_OFFICIAL,84.5,84.5,active,84.5,84.5,,90,90,90,90,
Rebecca T. Castro,10043,SYN-JHS-000050,Grade 9 Edukasyon sa Pagpapakatao,20019,SYN-JHS-COURSE-000028,Grade 9 Edukasyon sa Pagpapakatao,20095,,INST JHS MLA_AY 2023-2024_Annual_Official,20001,SY_2023_JHS_OFFICIAL,92.5,92.5,active,92.5,92.5,,95,95,95,95,
Sandra K. Bean,10270,SYN-JHS-000007,Grade 9 Edukasyon sa Pagpapakatao,20019,SYN-JHS-COURSE-000028,Grade 9 Edukasyon sa Pagpapakatao,20095,,INST JHS MLA_AY 2023-2024_Annual_Official,20001,SY_2023_JHS_OFFICIAL,90.0,90.0,active,90.0,90.0,,93,93,93,93,
Dorothy T. Fernandez,10079,SYN-JHS-000096,Grade 9 Edukasyon sa Pagpapakatao,20019,SYN-JHS-COURSE-000028,Grade 9 Edukasyon sa Pagpapakatao,20095,,INST JHS MLA_AY 2023-2024_Annual_Official,20001,SY_2023_JHS_OFFICIAL,88.5,88.5,active,88.5,88.5,,92,92,92,92,
Alice S. Webb,10019,SYN-JHS-000028,Grade 9 Edukasyon sa Pagpapakatao,20019,SYN-JHS-COURSE-000028,Grade 9 Edukasyon sa Pagpapakatao,20095,,INST JHS MLA_AY 2023-2024_Annual_Official,20001,SY_2023_JHS_OFFICIAL,92.0,92.0,active,92.0,92.0,,95,95,95,95,
April L. Harris,10081,SYN-JHS-000062,Grade 9 Edukasyon sa Pagpapakatao,20019,SYN-JHS-COURSE-000028,Grade 9 Edukasyon sa Pagpapakatao,20095,,INST JHS MLA_AY 2023-2024_Annual_Official,20001,SY_2023_JHS_OFFICIAL,87.0,87.0,active,87.0,87.0,,91,91,91,91,
Charles L. Solis,10025,SYN-JHS-000035,Grade 9 Edukasyon sa Pagpapakatao,20019,SYN-JHS-COURSE-000028,Grade 9 Edukasyon sa Pagpapakatao,20095,,INST JHS MLA_AY 2023-2024_Annual_Official,20001,SY_2023_JHS_OFFICIAL,82.0,82.0,active,82.0,82.0,,88,88,88,88,
Ashley G. Robles,10096,SYN-JHS-000105,Grade 9 Edukasyon sa Pagpapakatao,20019,SYN-JHS-COURSE-000028,Grade 9 Edukasyon sa Pagpapakatao,20095,,INST JHS MLA_AY 2023-2024_Annual_Official,20001,SY_2023_JHS_OFFICIAL,91.5,91.5,active,91.5,91.5,,94,94,94,94,
Lisa E. Wells,10002,SYN-JHS-000011,Grade 9 Edukasyon sa Pagpapakatao,20019,SYN-JHS-COURSE-000028,Grade 9 Edukasyon sa Pagpapakatao,20095,,INST JHS MLA_AY 2023-2024_Annual_Official,20001,SY_2023_JHS_OFFICIAL,86.5,86.5,active,86.5,86.5,,91,91,91,91,
Philip R. Evans,10066,SYN-JHS-000084,Grade 9 Edukasyon sa Pagpapakatao,20019,SYN-JHS-COURSE-000028,Grade 9 Edukasyon sa Pagpapakatao,20095,,INST JHS MLA_AY 2023-2024_Annual_Official,20001,SY_2023_JHS_OFFICIAL,82.0,82.0,active,82.0,82.0,,88,88,88,88,
Jimmy A. Wolf,10097,SYN-JHS-000106,Grade 9 Edukasyon sa Pagpapakatao,20019,SYN-JHS-COURSE-000028,Grade 9 Edukasyon sa Pagpapakatao,20095,,INST JHS MLA_AY 2023-2024_Annual_Official,20001,SY_2023_JHS_OFFICIAL,88.0,88.0,active,88.0,88.0,,92,92,92,92,
William A. Ruiz,10044,SYN-JHS-000053,Grade 9 Edukasyon sa Pagpapakatao,20019,SYN-JHS-COURSE-000028,Grade 9 Edukasyon sa Pagpapakatao,20095,,INST JHS MLA_AY 2023-2024_Annual_Official,20001,SY_2023_JHS_OFFICIAL,89.5,89.5,active,89.5,89.5,,93,93,93,93,
Christian A. Williams,10060,SYN-JHS-000075,Grade 9 Edukasyon sa Pagpapakatao,20019,SYN-JHS-COURSE-000028,Grade 9 Edukasyon sa Pagpapakatao,20095,,INST JHS MLA_AY 2023-2024_Annual_Official,20001,SY_2023_JHS_OFFICIAL,84.0,84.0,active,84.0,84.0,,90,90,90,90,
Larry E. Cohen,10045,SYN-JHS-000054,Grade 9 Edukasyon sa Pagpapakatao,20019,SYN-JHS-COURSE-000028,Grade 9 Edukasyon sa Pagpapakatao,20095,,INST JHS MLA_AY 2023-2024_Annual_Official,20001,SY_2023_JHS_OFFICIAL,88.5,88.5,active,88.5,88.5,,92,92,92,92,
Andrew J. Becker,10051,SYN-JHS-000058,Grade 9 Edukasyon sa Pagpapakatao,20019,SYN-JHS-COURSE-000028,Grade 9 Edukasyon sa Pagpapakatao,20095,,INST JHS MLA_AY 2023-2024_Annual_Official,20001,SY_2023_JHS_OFFICIAL,85.5,85.5,active,85.5,85.5,,90,90,90,90,
Diana J. Smith,10086,SYN-JHS-000079,Grade 9 Edukasyon sa Pagpapakatao,20019,SYN-JHS-COURSE-000028,Grade 9 Edukasyon sa Pagpapakatao,20095,,INST JHS MLA_AY 2023-2024_Annual_Official,20001,SY_2023_JHS_OFFICIAL,77.0,77.0,active,77.0,77.0,,85,85,85,85,
Tracy S. Evans,10028,SYN-JHS-000038,Grade 9 Edukasyon sa Pagpapakatao,20019,SYN-JHS-COURSE-000028,Grade 9 Edukasyon sa Pagpapakatao,20095,,INST JHS MLA_AY 2023-2024_Annual_Official,20001,SY_2023_JHS_OFFICIAL,88.0,88.0,active,88.0,88.0,,92,92,92,92,
Carl T. Hill,10039,SYN-JHS-000047,Grade 9 Edukasyon sa Pagpapakatao,20019,SYN-JHS-COURSE-000028,Grade 9 Edukasyon sa Pagpapakatao,20095,,INST JHS MLA_AY 2023-2024_Annual_Official,20001,SY_2023_JHS_OFFICIAL,0.0,0.0,active,0.0,0.0,,60,60,60,60,
Derrick C. Hancock,10100,SYN-JHS-000109,Grade 9 Edukasyon sa Pagpapakatao,20019,SYN-JHS-COURSE-000028,Grade 9 Edukasyon sa Pagpapakatao,20095,,INST JHS MLA_AY 2023-2024_Annual_Official,20001,SY_2023_JHS_OFFICIAL,87.5,87.5,active,87.5,87.5,,92,92,92,92,
James G. Hall,10034,SYN-JHS-000042,Grade 9 Filipino,20020,SYN-JHS-COURSE-000029,Grade 9 Filipino,20091,,INST JHS MLA_AY 2023-2024_Annual_Official,20001,SY_2023_JHS_OFFICIAL,93.35,93.35,active,93.35,93.35,,95,95,95,95,
Kimberly D. Williams,10042,SYN-JHS-000052,Grade 9 Filipino,20020,SYN-JHS-COURSE-000029,Grade 9 Filipino,20091,,INST JHS MLA_AY 2023-2024_Annual_Official,20001,SY_2023_JHS_OFFICIAL,93.41,93.41,active,93.41,93.41,,95,95,95,95,
Christina J. Hickman,10003,SYN-JHS-000012,Grade 9 Filipino,20020,SYN-JHS-COURSE-000029,Grade 9 Filipino,20091,,INST JHS MLA_AY 2023-2024_Annual_Official,20001,SY_2023_JHS_OFFICIAL,96.67,96.67,active,96.67,96.67,,97,97,97,97,
Nicholas L. Cobb,10272,SYN-JHS-000006,Grade 9 Filipino,20020,SYN-JHS-COURSE-000029,Grade 9 Filipino,20091,,INST JHS MLA_AY 2023-2024_Annual_Official,20001,SY_2023_JHS_OFFICIAL,88.12,88.12,active,88.12,88.12,,92,92,92,92,
Pamela S. Davenport,10094,SYN-JHS-000103,Grade 9 Filipino,20020,SYN-JHS-COURSE-000029,Grade 9 Filipino,20091,,INST JHS MLA_AY 2023-2024_Annual_Official,20001,SY_2023_JHS_OFFICIAL,93.82,93.82,active,93.82,93.82,,96,96,96,96,
Nicholas J. Mercer,10082,SYN-JHS-000063,Grade 9 Filipino,20020,SYN-JHS-COURSE-000029,Grade 9 Filipino,20091,,INST JHS MLA_AY 2023-2024_Annual_Official,20001,SY_2023_JHS_OFFICIAL,91.7,91.7,active,91.7,91.7,,94,94,94,94,
Jeremy R. Stark,10263,SYN-JHS-000002,Grade 9 Filipino,20020,SYN-JHS-COURSE-000029,Grade 9 Filipino,20091,,INST JHS MLA_AY 2023-2024_Annual_Official,20001,SY_2023_JHS_OFFICIAL,89.36,89.36,active,89.36,89.36,,93,93,93,93,
Maurice M. Anderson,10018,SYN-JHS-000023,Grade 9 Filipino,20020,SYN-JHS-COURSE-000029,Grade 9 Filipino,20091,,INST JHS MLA_AY 2023-2024_Annual_Official,20001,SY_2023_JHS_OFFICIAL,92.13,92.13,active,92.13,92.13,,95,95,95,95,
Amanda K. Myers,10005,SYN-JHS-000022,Grade 9 Filipino,20020,SYN-JHS-COURSE-000029,Grade 9 Filipino,20091,,INST JHS MLA_AY 2023-2024_Annual_Official,20001,SY_2023_JHS_OFFICIAL,87.02,87.02,active,87.02,87.02,,91,91,91,91,
Carol W. Davis,10006,SYN-JHS-000025,Grade 9 Filipino,20020,SYN-JHS-COURSE-000029,Grade 9 Filipino,20091,,INST JHS MLA_AY 2023-2024_Annual_Official,20001,SY_2023_JHS_OFFICIAL,92.13,92.13,active,92.13,92.13,,95,95,95,95,
John B. Baldwin,10054,SYN-JHS-000069,Grade 9 Filipino,20020,SYN-JHS-COURSE-000029,Grade 9 Filipino,20091,,INST JHS MLA_AY 2023-2024_Annual_Official,20001,SY_2023_JHS_OFFICIAL,97.53,97.53,active,97.53,97.53,,98,98,98,98,
Kristen J. Hensley,10264,SYN-JHS-000003,Grade 9 Filipino,20020,SYN-JHS-COURSE-000029,Grade 9 Filipino,20091,,INST JHS MLA_AY 2023-2024_Annual_Official,20001,SY_2023_JHS_OFFICIAL,97.08,97.08,active,97.08,97.08,,98,98,98,98,
Amanda M. Clayton,10004,SYN-JHS-000019,Grade 9 Filipino,20020,SYN-JHS-COURSE-000029,Grade 9 Filipino,20091,,INST JHS MLA_AY 2023-2024_Annual_Official,20001,SY_2023_JHS_OFFICIAL,89.67,89.67,active,89.67,89.67,,93,93,93,93,
Amanda M. Chan,10057,SYN-JHS-000072,Grade 9 Filipino,20020,SYN-JHS-COURSE-000029,Grade 9 Filipino,20091,,INST JHS MLA_AY 2023-2024_Annual_Official,20001,SY_2023_JHS_OFFICIAL,76.32,76.32,active,76.32,76.32,,85,85,85,85,
Daniel C. Nixon,10273,SYN-JHS-000008,Grade 9 Filipino,20020,SYN-JHS-COURSE-000029,Grade 9 Filipino,20091,,INST JHS MLA_AY 2023-2024_Annual_Official,20001,SY_2023_JHS_OFFICIAL,90.1,90.1,active,90.1,90.1,,93,93,93,93,
Kathy A. Meyer,10001,SYN-JHS-000010,Grade 9 Filipino,20020,SYN-JHS-COURSE-000029,Grade 9 Filipino,20091,,INST JHS MLA_AY 2023-2024_Annual_Official,20001,SY_2023_JHS_OFFICIAL,92.58,92.58,active,92.58,92.58,,95,95,95,95,
Garrett L. Bell,10274,SYN-JHS-000009,Grade 9 Filipino,20020,SYN-JHS-COURSE-000029,Grade 9 Filipino,20091,,INST JHS MLA_AY 2023-2024_Annual_Official,20001,SY_2023_JHS_OFFICIAL,77.99,77.99,active,77.99,77.99,,86,86,86,86,
Douglas M. Pham,10271,SYN-JHS-000005,Grade 9 Filipino,20020,SYN-JHS-COURSE-000029,Grade 9 Filipino,20091,,INST JHS MLA_AY 2023-2024_Annual_Official,20001,SY_2023_JHS_OFFICIAL,76.72,76.72,active,76.72,76.72,,85,85,85,85,
Terri V. Ortiz,10046,SYN-JHS-000055,Grade 9 Filipino,20020,SYN-JHS-COURSE-000029,Grade 9 Filipino,20091,,INST JHS MLA_AY 2023-2024_Annual_Official,20001,SY_2023_JHS_OFFICIAL,92.54,92.54,active,92.54,92.54,,95,95,95,95,
Tara L. Diaz,10056,SYN-JHS-000071,Grade 9 Filipino,20020,SYN-JHS-COURSE-000029,Grade 9 Filipino,20091,,INST JHS MLA_AY 2023-2024_Annual_Official,20001,SY_2023_JHS_OFFICIAL,83.44,83.44,active,83.44,83.44,,89,89,89,89,
Timothy S. Heath,10024,SYN-JHS-000021,Grade 9 Filipino,20020,SYN-JHS-COURSE-000029,Grade 9 Filipino,20091,,INST JHS MLA_AY 2023-2024_Annual_Official,20001,SY_2023_JHS_OFFICIAL,90.58,90.58,active,90.58,90.58,,94,94,94,94,
Andrea S. Walsh,10262,SYN-JHS-000001,Grade 9 Filipino,20020,SYN-JHS-COURSE-000029,Grade 9 Filipino,20091,,INST JHS MLA_AY 2023-2024_Annual_Official,20001,SY_2023_JHS_OFFICIAL,72.86,72.86,active,72.86,72.86,,83,83,83,83,
Randy B. Shelton,10077,SYN-JHS-000094,Grade 9 Filipino,20020,SYN-JHS-COURSE-000029,Grade 9 Filipino,20091,,INST JHS MLA_AY 2023-2024_Annual_Official,20001,SY_2023_JHS_OFFICIAL,79.91,79.91,active,79.91,79.91,,87,87,87,87,
Jennifer G. Tapia,10265,SYN-JHS-000004,Grade 9 Filipino,20020,SYN-JHS-COURSE-000029,Grade 9 Filipino,20091,,INST JHS MLA_AY 2023-2024_Annual_Official,20001,SY_2023_JHS_OFFICIAL,65.52,65.52,active,65.52,65.52,,78,78,78,78,
John T. Jones,10032,SYN-JHS-000041,Grade 9 Filipino,20020,SYN-JHS-COURSE-000029,Grade 9 Filipino,20091,,INST JHS MLA_AY 2023-2024_Annual_Official,20001,SY_2023_JHS_OFFICIAL,84.04,84.04,active,84.04,84.04,,90,90,90,90,
Rachel T. Davis,10020,SYN-JHS-000031,Grade 9 Filipino,20020,SYN-JHS-COURSE-000029,Grade 9 Filipino,20091,,INST JHS MLA_AY 2023-2024_Annual_Official,20001,SY_2023_JHS_OFFICIAL,71.0,71.0,active,71.0,71.0,,81,81,81,81,
Rebecca T. Castro,10043,SYN-JHS-000050,Grade 9 Filipino,20020,SYN-JHS-COURSE-000029,Grade 9 Filipino,20091,,INST JHS MLA_AY 2023-2024_Annual_Official,20001,SY_2023_JHS_OFFICIAL,97.93,97.93,active,97.93,97.93,,98,98,98,98,
Sandra K. Bean,10270,SYN-JHS-000007,Grade 9 Filipino,20020,SYN-JHS-COURSE-000029,Grade 9 Filipino,20091,,INST JHS MLA_AY 2023-2024_Annual_Official,20001,SY_2023_JHS_OFFICIAL,97.1,97.1,active,97.1,97.1,,98,98,98,98,
Dorothy T. Fernandez,10079,SYN-JHS-000096,Grade 9 Filipino,20020,SYN-JHS-COURSE-000029,Grade 9 Filipino,20091,,INST JHS MLA_AY 2023-2024_Annual_Official,20001,SY_2023_JHS_OFFICIAL,92.97,92.97,active,92.97,92.97,,95,95,95,95,
Alice S. Webb,10019,SYN-JHS-000028,Grade 9 Filipino,20020,SYN-JHS-COURSE-000029,Grade 9 Filipino,20091,,INST JHS MLA_AY 2023-2024_Annual_Official,20001,SY_2023_JHS_OFFICIAL,95.44,95.44,active,95.44,95.44,,97,97,97,97,
April L. Harris,10081,SYN-JHS-000062,Grade 9 Filipino,20020,SYN-JHS-COURSE-000029,Grade 9 Filipino,20091,,INST JHS MLA_AY 2023-2024_Annual_Official,20001,SY_2023_JHS_OFFICIAL,88.3,88.3,active,88.3,88.3,,92,92,92,92,
Charles L. Solis,10025,SYN-JHS-000035,Grade 9 Filipino,20020,SYN-JHS-COURSE-000029,Grade 9 Filipino,20091,,INST JHS MLA_AY 2023-2024_Annual_Official,20001,SY_2023_JHS_OFFICIAL,75.67,75.67,active,75.67,75.67,,84,84,84,84,
Ashley G. Robles,10096,SYN-JHS-000105,Grade 9 Filipino,20020,SYN-JHS-COURSE-000029,Grade 9 Filipino,20091,,INST JHS MLA_AY 2023-2024_Annual_Official,20001,SY_2023_JHS_OFFICIAL,97.1,97.1,active,97.1,97.1,,98,98,98,98,
Lisa E. Wells,10002,SYN-JHS-000011,Grade 9 Filipino,20020,SYN-JHS-COURSE-000029,Grade 9 Filipino,20091,,INST JHS MLA_AY 2023-2024_Annual_Official,20001,SY_2023_JHS_OFFICIAL,95.88,95.88,active,95.88,95.88,,97,97,97,97,
Philip R. Evans,10066,SYN-JHS-000084,Grade 9 Filipino,20020,SYN-JHS-COURSE-000029,Grade 9 Filipino,20091,,INST JHS MLA_AY 2023-2024_Annual_Official,20001,SY_2023_JHS_OFFICIAL,88.88,88.88,active,88.88,88.88,,93,93,93,93,
Jimmy A. Wolf,10097,SYN-JHS-000106,Grade 9 Filipino,20020,SYN-JHS-COURSE-000029,Grade 9 Filipino,20091,,INST JHS MLA_AY 2023-2024_Annual_Official,20001,SY_2023_JHS_OFFICIAL,83.94,83.94,active,83.94,83.94,,89,89,89,89,
William A. Ruiz,10044,SYN-JHS-000053,Grade 9 Filipino,20020,SYN-JHS-COURSE-000029,Grade 9 Filipino,20091,,INST JHS MLA_AY 2023-2024_Annual_Official,20001,SY_2023_JHS_OFFICIAL,95.01,95.01,active,95.01,95.01,,96,96,96,96,
Christian A. Williams,10060,SYN-JHS-000075,Grade 9 Filipino,20020,SYN-JHS-COURSE-000029,Grade 9 Filipino,20091,,INST JHS MLA_AY 2023-2024_Annual_Official,20001,SY_2023_JHS_OFFICIAL,94.18,94.18,active,94.18,94.18,,96,96,96,96,
Larry E. Cohen,10045,SYN-JHS-000054,Grade 9 Filipino,20020,SYN-JHS-COURSE-000029,Grade 9 Filipino,20091,,INST JHS MLA_AY 2023-2024_Annual_Official,20001,SY_2023_JHS_OFFICIAL,94.18,94.18,active,94.18,94.18,,96,96,96,96,
Andrew J. Becker,10051,SYN-JHS-000058,Grade 9 Filipino,20020,SYN-JHS-COURSE-000029,Grade 9 Filipino,20091,,INST JHS MLA_AY 2023-2024_Annual_Official,20001,SY_2023_JHS_OFFICIAL,81.72,81.72,active,81.72,81.72,,88,88,88,88,
Diana J. Smith,10086,SYN-JHS-000079,Grade 9 Filipino,20020,SYN-JHS-COURSE-000029,Grade 9 Filipino,20091,,INST JHS MLA_AY 2023-2024_Annual_Official,20001,SY_2023_JHS_OFFICIAL,75.63,75.63,active,75.63,75.63,,84,84,84,84,
Tracy S. Evans,10028,SYN-JHS-000038,Grade 9 Filipino,20020,SYN-JHS-COURSE-000029,Grade 9 Filipino,20091,,INST JHS MLA_AY 2023-2024_Annual_Official,20001,SY_2023_JHS_OFFICIAL,93.6,93.6,active,93.6,93.6,,96,96,96,96,
Carl T. Hill,10039,SYN-JHS-000047,Grade 9 Filipino,20020,SYN-JHS-COURSE-000029,Grade 9 Filipino,20091,,INST JHS MLA_AY 2023-2024_Annual_Official,20001,SY_2023_JHS_OFFICIAL,0.0,0.0,active,0.0,0.0,,60,60,60,60,
Derrick C. Hancock,10100,SYN-JHS-000109,Grade 9 Filipino,20020,SYN-JHS-COURSE-000029,Grade 9 Filipino,20091,,INST JHS MLA_AY 2023-2024_Annual_Official,20001,SY_2023_JHS_OFFICIAL,95.07,95.07,active,95.07,95.07,,96,96,96,96,
James G. Hall,10034,SYN-JHS-000042,Grade 9 Mathematics,20021,SYN-JHS-COURSE-000031,Grade 9 Mathematics,20069,,INST JHS MLA_AY 2023-2024_Annual_Official,20001,SY_2023_JHS_OFFICIAL,76.68,76.68,active,76.68,76.68,,85,85,85,85,
Kimberly D. Williams,10042,SYN-JHS-000052,Grade 9 Mathematics,20021,SYN-JHS-COURSE-000031,Grade 9 Mathematics,20069,,INST JHS MLA_AY 2023-2024_Annual_Official,20001,SY_2023_JHS_OFFICIAL,65.36,65.36,active,65.36,65.36,,78,78,78,78,
Christina J. Hickman,10003,SYN-JHS-000012,Grade 9 Mathematics,20021,SYN-JHS-COURSE-000031,Grade 9 Mathematics,20069,,INST JHS MLA_AY 2023-2024_Annual_Official,20001,SY_2023_JHS_OFFICIAL,93.82,93.82,active,93.82,93.82,,96,96,96,96,
Nicholas L. Cobb,10272,SYN-JHS-000006,Grade 9 Mathematics,20021,SYN-JHS-COURSE-000031,Grade 9 Mathematics,20069,,INST JHS MLA_AY 2023-2024_Annual_Official,20001,SY_2023_JHS_OFFICIAL,95.66,95.66,active,95.66,95.66,,97,97,97,97,
Pamela S. Davenport,10094,SYN-JHS-000103,Grade 9 Mathematics,20021,SYN-JHS-COURSE-000031,Grade 9 Mathematics,20069,,INST JHS MLA_AY 2023-2024_Annual_Official,20001,SY_2023_JHS_OFFICIAL,74.12,74.12,active,74.12,74.12,,83,83,83,83,
Nicholas J. Mercer,10082,SYN-JHS-000063,Grade 9 Mathematics,20021,SYN-JHS-COURSE-000031,Grade 9 Mathematics,20069,,INST JHS MLA_AY 2023-2024_Annual_Official,20001,SY_2023_JHS_OFFICIAL,65.93,65.93,active,65.93,65.93,,78,78,78,78,
Jeremy R. Stark,10263,SYN-JHS-000002,Grade 9 Mathematics,20021,SYN-JHS-COURSE-000031,Grade 9 Mathematics,20069,,INST JHS MLA_AY 2023-2024_Annual_Official,20001,SY_2023_JHS_OFFICIAL,93.11,93.11,active,93.11,93.11,,95,95,95,95,
Maurice M. Anderson,10018,SYN-JHS-000023,Grade 9 Mathematics,20021,SYN-JHS-COURSE-000031,Grade 9 Mathematics,20069,,INST JHS MLA_AY 2023-2024_Annual_Official,20001,SY_2023_JHS_OFFICIAL,80.98,80.98,active,80.98,80.98,,88,88,88,88,
Amanda K. Myers,10005,SYN-JHS-000022,Grade 9 Mathematics,20021,SYN-JHS-COURSE-000031,Grade 9 Mathematics,20069,,INST JHS MLA_AY 2023-2024_Annual_Official,20001,SY_2023_JHS_OFFICIAL,78.28,78.28,active,78.28,78.28,,86,86,86,86,
Carol W. Davis,10006,SYN-JHS-000025,Grade 9 Mathematics,20021,SYN-JHS-COURSE-000031,Grade 9 Mathematics,20069,,INST JHS MLA_AY 2023-2024_Annual_Official,20001,SY_2023_JHS_OFFICIAL,69.83,69.83,active,69.83,69.83,,81,81,81,81,
John B. Baldwin,10054,SYN-JHS-000069,Grade 9 Mathematics,20021,SYN-JHS-COURSE-000031,Grade 9 Mathematics,20069,,INST JHS MLA_AY 2023-2024_Annual_Official,20001,SY_2023_JHS_OFFICIAL,66.99,66.99,active,66.99,66.99,,79,79,79,79,
Kristen J. Hensley,10264,SYN-JHS-000003,Grade 9 Mathematics,20021,SYN-JHS-COURSE-000031,Grade 9 Mathematics,20069,,INST JHS MLA_AY 2023-2024_Annual_Official,20001,SY_2023_JHS_OFFICIAL,91.52,91.52,active,91.52,91.52,,94,94,94,94,
Amanda M. Clayton,10004,SYN-JHS-000019,Grade 9 Mathematics,20021,SYN-JHS-COURSE-000031,Grade 9 Mathematics,20069,,INST JHS MLA_AY 2023-2024_Annual_Official,20001,SY_2023_JHS_OFFICIAL,90.57,90.57,active,90.57,90.57,,94,94,94,94,
Amanda M. Chan,10057,SYN-JHS-000072,Grade 9 Mathematics,20021,SYN-JHS-COURSE-000031,Grade 9 Mathematics,20069,,INST JHS MLA_AY 2023-2024_Annual_Official,20001,SY_2023_JHS_OFFICIAL,66.92,66.92,active,66.92,66.92,,79,79,79,79,
Daniel C. Nixon,10273,SYN-JHS-000008,Grade 9 Mathematics,20021,SYN-JHS-COURSE-000031,Grade 9 Mathematics,20069,,INST JHS MLA_AY 2023-2024_Annual_Official,20001,SY_2023_JHS_OFFICIAL,83.55,83.55,active,83.55,83.55,,89,89,89,89,
Kathy A. Meyer,10001,SYN-JHS-000010,Grade 9 Mathematics,20021,SYN-JHS-COURSE-000031,Grade 9 Mathematics,20069,,INST JHS MLA_AY 2023-2024_Annual_Official,20001,SY_2023_JHS_OFFICIAL,87.1,87.1,active,87.1,87.1,,91,91,91,91,
Garrett L. Bell,10274,SYN-JHS-000009,Grade 9 Mathematics,20021,SYN-JHS-COURSE-000031,Grade 9 Mathematics,20069,,INST JHS MLA_AY 2023-2024_Annual_Official,20001,SY_2023_JHS_OFFICIAL,60.34,60.34,active,60.34,60.34,,75,75,75,75,
Douglas M. Pham,10271,SYN-JHS-000005,Grade 9 Mathematics,20021,SYN-JHS-COURSE-000031,Grade 9 Mathematics,20069,,INST JHS MLA_AY 2023-2024_Annual_Official,20001,SY_2023_JHS_OFFICIAL,75.13,75.13,active,75.13,75.13,,84,84,84,84,
Terri V. Ortiz,10046,SYN-JHS-000055,Grade 9 Mathematics,20021,SYN-JHS-COURSE-000031,Grade 9 Mathematics,20069,,INST JHS MLA_AY 2023-2024_Annual_Official,20001,SY_2023_JHS_OFFICIAL,80.82,80.82,active,80.82,80.82,,88,88,88,88,
Tara L. Diaz,10056,SYN-JHS-000071,Grade 9 Mathematics,20021,SYN-JHS-COURSE-000031,Grade 9 Mathematics,20069,,INST JHS MLA_AY 2023-2024_Annual_Official,20001,SY_2023_JHS_OFFICIAL,73.16,73.16,active,73.16,73.16,,83,83,83,83,
Timothy S. Heath,10024,SYN-JHS-000021,Grade 9 Mathematics,20021,SYN-JHS-COURSE-000031,Grade 9 Mathematics,20069,,INST JHS MLA_AY 2023-2024_Annual_Official,20001,SY_2023_JHS_OFFICIAL,82.78,82.78,active,82.78,82.78,,89,89,89,89,
Andrea S. Walsh,10262,SYN-JHS-000001,Grade 9 Mathematics,20021,SYN-JHS-COURSE-000031,Grade 9 Mathematics,20069,,INST JHS MLA_AY 2023-2024_Annual_Official,20001,SY_2023_JHS_OFFICIAL,61.94,61.94,active,61.94,61.94,,76,76,76,76,
Randy B. Shelton,10077,SYN-JHS-000094,Grade 9 Mathematics,20021,SYN-JHS-COURSE-000031,Grade 9 Mathematics,20069,,INST JHS MLA_AY 2023-2024_Annual_Official,20001,SY_2023_JHS_OFFICIAL,60.85,60.85,active,60.85,60.85,,75,75,75,75,
Jennifer G. Tapia,10265,SYN-JHS-000004,Grade 9 Mathematics,20021,SYN-JHS-COURSE-000031,Grade 9 Mathematics,20069,,INST JHS MLA_AY 2023-2024_Annual_Official,20001,SY_2023_JHS_OFFICIAL,61.98,61.98,active,61.98,61.98,,76,76,76,76,
John T. Jones,10032,SYN-JHS-000041,Grade 9 Mathematics,20021,SYN-JHS-COURSE-000031,Grade 9 Mathematics,20069,,INST JHS MLA_AY 2023-2024_Annual_Official,20001,SY_2023_JHS_OFFICIAL,60.25,60.25,active,60.25,60.25,,75,75,75,75,
Rachel T. Davis,10020,SYN-JHS-000031,Grade 9 Mathematics,20021,SYN-JHS-COURSE-000031,Grade 9 Mathematics,20069,,INST JHS MLA_AY 2023-2024_Annual_Official,20001,SY_2023_JHS_OFFICIAL,60.71,60.71,active,60.71,60.71,,75,75,75,75,
Rebecca T. Castro,10043,SYN-JHS-000050,Grade 9 Mathematics,20021,SYN-JHS-COURSE-000031,Grade 9 Mathematics,20069,,INST JHS MLA_AY 2023-2024_Annual_Official,20001,SY_2023_JHS_OFFICIAL,94.06,94.06,active,94.06,94.06,,96,96,96,96,
Sandra K. Bean,10270,SYN-JHS-000007,Grade 9 Mathematics,20021,SYN-JHS-COURSE-000031,Grade 9 Mathematics,20069,,INST JHS MLA_AY 2023-2024_Annual_Official,20001,SY_2023_JHS_OFFICIAL,98.2,98.2,active,98.2,98.2,,98,98,98,98,
Dorothy T. Fernandez,10079,SYN-JHS-000096,Grade 9 Mathematics,20021,SYN-JHS-COURSE-000031,Grade 9 Mathematics,20069,,INST JHS MLA_AY 2023-2024_Annual_Official,20001,SY_2023_JHS_OFFICIAL,71.82,71.82,active,71.82,71.82,,82,82,82,82,
Alice S. Webb,10019,SYN-JHS-000028,Grade 9 Mathematics,20021,SYN-JHS-COURSE-000031,Grade 9 Mathematics,20069,,INST JHS MLA_AY 2023-2024_Annual_Official,20001,SY_2023_JHS_OFFICIAL,85.74,85.74,active,85.74,85.74,,91,91,91,91,
April L. Harris,10081,SYN-JHS-000062,Grade 9 Mathematics,20021,SYN-JHS-COURSE-000031,Grade 9 Mathematics,20069,,INST JHS MLA_AY 2023-2024_Annual_Official,20001,SY_2023_JHS_OFFICIAL,67.19,67.19,active,67.19,67.19,,79,79,79,79,
Charles L. Solis,10025,SYN-JHS-000035,Grade 9 Mathematics,20021,SYN-JHS-COURSE-000031,Grade 9 Mathematics,20069,,INST JHS MLA_AY 2023-2024_Annual_Official,20001,SY_2023_JHS_OFFICIAL,61.82,61.82,active,61.82,61.82,,76,76,76,76,
Ashley G. Robles,10096,SYN-JHS-000105,Grade 9 Mathematics,20021,SYN-JHS-COURSE-000031,Grade 9 Mathematics,20069,,INST JHS MLA_AY 2023-2024_Annual_Official,20001,SY_2023_JHS_OFFICIAL,77.95,77.95,active,77.95,77.95,,86,86,86,86,
Lisa E. Wells,10002,SYN-JHS-000011,Grade 9 Mathematics,20021,SYN-JHS-COURSE-000031,Grade 9 Mathematics,20069,,INST JHS MLA_AY 2023-2024_Annual_Official,20001,SY_2023_JHS_OFFICIAL,69.36,69.36,active,69.36,69.36,,80,80,80,80,
Philip R. Evans,10066,SYN-JHS-000084,Grade 9 Mathematics,20021,SYN-JHS-COURSE-000031,Grade 9 Mathematics,20069,,INST JHS MLA_AY 2023-2024_Annual_Official,20001,SY_2023_JHS_OFFICIAL,86.36,86.36,active,86.36,86.36,,91,91,91,91,
Jimmy A. Wolf,10097,SYN-JHS-000106,Grade 9 Mathematics,20021,SYN-JHS-COURSE-000031,Grade 9 Mathematics,20069,,INST JHS MLA_AY 2023-2024_Annual_Official,20001,SY_2023_JHS_OFFICIAL,69.32,69.32,active,69.32,69.32,,80,80,80,80,
William A. Ruiz,10044,SYN-JHS-000053,Grade 9 Mathematics,20021,SYN-JHS-COURSE-000031,Grade 9 Mathematics,20069,,INST JHS MLA_AY 2023-2024_Annual_Official,20001,SY_2023_JHS_OFFICIAL,83.72,83.72,active,83.72,83.72,,89,89,89,89,
Christian A. Williams,10060,SYN-JHS-000075,Grade 9 Mathematics,20021,SYN-JHS-COURSE-000031,Grade 9 Mathematics,20069,,INST JHS MLA_AY 2023-2024_Annual_Official,20001,SY_2023_JHS_OFFICIAL,73.03,73.03,active,73.03,73.03,,83,83,83,83,
Larry E. Cohen,10045,SYN-JHS-000054,Grade 9 Mathematics,20021,SYN-JHS-COURSE-000031,Grade 9 Mathematics,20069,,INST JHS MLA_AY 2023-2024_Annual_Official,20001,SY_2023_JHS_OFFICIAL,82.42,82.42,active,82.42,82.42,,89,89,89,89,
Andrew J. Becker,10051,SYN-JHS-000058,Grade 9 Mathematics,20021,SYN-JHS-COURSE-000031,Grade 9 Mathematics,20069,,INST JHS MLA_AY 2023-2024_Annual_Official,20001,SY_2023_JHS_OFFICIAL,69.82,69.82,active,69.82,69.82,,81,81,81,81,
Diana J. Smith,10086,SYN-JHS-000079,Grade 9 Mathematics,20021,SYN-JHS-COURSE-000031,Grade 9 Mathematics,20069,,INST JHS MLA_AY 2023-2024_Annual_Official,20001,SY_2023_JHS_OFFICIAL,67.85,67.85,active,67.85,67.85,,79,79,79,79,
Tracy S. Evans,10028,SYN-JHS-000038,Grade 9 Mathematics,20021,SYN-JHS-COURSE-000031,Grade 9 Mathematics,20069,,INST JHS MLA_AY 2023-2024_Annual_Official,20001,SY_2023_JHS_OFFICIAL,76.3,76.3,active,76.3,76.3,,85,85,85,85,
Carl T. Hill,10039,SYN-JHS-000047,Grade 9 Mathematics,20021,SYN-JHS-COURSE-000031,Grade 9 Mathematics,20069,,INST JHS MLA_AY 2023-2024_Annual_Official,20001,SY_2023_JHS_OFFICIAL,0.0,0.0,active,0.0,0.0,,60,60,60,60,
Derrick C. Hancock,10100,SYN-JHS-000109,Grade 9 Mathematics,20021,SYN-JHS-COURSE-000031,Grade 9 Mathematics,20069,,INST JHS MLA_AY 2023-2024_Annual_Official,20001,SY_2023_JHS_OFFICIAL,83.78,83.78,active,83.78,83.78,,89,89,89,89,
Jeremy R. Stark,10263,SYN-JHS-000002,Grade 9 Science,20022,SYN-JHS-COURSE-000032,Grade 9 Science,20092,,INST JHS MLA_AY 2023-2024_Annual_Official,20001,SY_2023_JHS_OFFICIAL,90.04,90.04,active,90.04,90.04,,93,93,93,93,
Maurice M. Anderson,10018,SYN-JHS-000023,Grade 9 Science,20022,SYN-JHS-COURSE-000032,Grade 9 Science,20092,,INST JHS MLA_AY 2023-2024_Annual_Official,20001,SY_2023_JHS_OFFICIAL,79.22,79.22,active,79.22,79.22,,87,87,87,87,
Amanda K. Myers,10005,SYN-JHS-000022,Grade 9 Science,20022,SYN-JHS-COURSE-000032,Grade 9 Science,20092,,INST JHS MLA_AY 2023-2024_Annual_Official,20001,SY_2023_JHS_OFFICIAL,80.98,80.98,active,80.98,80.98,,88,88,88,88,
Carol W. Davis,10006,SYN-JHS-000025,Grade 9 Science,20022,SYN-JHS-COURSE-000032,Grade 9 Science,20092,,INST JHS MLA_AY 2023-2024_Annual_Official,20001,SY_2023_JHS_OFFICIAL,73.11,73.11,active,73.11,73.11,,83,83,83,83,
John B. Baldwin,10054,SYN-JHS-000069,Grade 9 Science,20022,SYN-JHS-COURSE-000032,Grade 9 Science,20092,,INST JHS MLA_AY 2023-2024_Annual_Official,20001,SY_2023_JHS_OFFICIAL,71.78,71.78,active,71.78,71.78,,82,82,82,82,
Kristen J. Hensley,10264,SYN-JHS-000003,Grade 9 Science,20022,SYN-JHS-COURSE-000032,Grade 9 Science,20092,,INST JHS MLA_AY 2023-2024_Annual_Official,20001,SY_2023_JHS_OFFICIAL,80.46,80.46,active,80.46,80.46,,87,87,87,87,
Amanda M. Clayton,10004,SYN-JHS-000019,Grade 9 Science,20022,SYN-JHS-COURSE-000032,Grade 9 Science,20092,,INST JHS MLA_AY 2023-2024_Annual_Official,20001,SY_2023_JHS_OFFICIAL,79.6,79.6,active,79.6,79.6,,87,87,87,87,
Amanda M. Chan,10057,SYN-JHS-000072,Grade 9 Science,20022,SYN-JHS-COURSE-000032,Grade 9 Science,20092,,INST JHS MLA_AY 2023-2024_Annual_Official,20001,SY_2023_JHS_OFFICIAL,79.13,79.13,active,79.13,79.13,,86,86,86,86,
Daniel C. Nixon,10273,SYN-JHS-000008,Grade 9 Science,20022,SYN-JHS-COURSE-000032,Grade 9 Science,20092,,INST JHS MLA_AY 2023-2024_Annual_Official,20001,SY_2023_JHS_OFFICIAL,73.44,73.44,active,73.44,73.44,,83,83,83,83,
Kathy A. Meyer,10001,SYN-JHS-000010,Grade 9 Science,20022,SYN-JHS-COURSE-000032,Grade 9 Science,20092,,INST JHS MLA_AY 2023-2024_Annual_Official,20001,SY_2023_JHS_OFFICIAL,94.04,94.04,active,94.04,94.04,,96,96,96,96,
Garrett L. Bell,10274,SYN-JHS-000009,Grade 9 Science,20022,SYN-JHS-COURSE-000032,Grade 9 Science,20092,,INST JHS MLA_AY 2023-2024_Annual_Official,20001,SY_2023_JHS_OFFICIAL,74.75,74.75,active,74.75,74.75,,84,84,84,84,
Douglas M. Pham,10271,SYN-JHS-000005,Grade 9 Science,20022,SYN-JHS-COURSE-000032,Grade 9 Science,20092,,INST JHS MLA_AY 2023-2024_Annual_Official,20001,SY_2023_JHS_OFFICIAL,74.2,74.2,active,74.2,74.2,,83,83,83,83,
Terri V. Ortiz,10046,SYN-JHS-000055,Grade 9 Science,20022,SYN-JHS-COURSE-000032,Grade 9 Science,20092,,INST JHS MLA_AY 2023-2024_Annual_Official,20001,SY_2023_JHS_OFFICIAL,79.13,79.13,active,79.13,79.13,,86,86,86,86,
Tara L. Diaz,10056,SYN-JHS-000071,Grade 9 Science,20022,SYN-JHS-COURSE-000032,Grade 9 Science,20092,,INST JHS MLA_AY 2023-2024_Annual_Official,20001,SY_2023_JHS_OFFICIAL,72.95,72.95,active,72.95,72.95,,83,83,83,83,
Timothy S. Heath,10024,SYN-JHS-000021,Grade 9 Science,20022,SYN-JHS-COURSE-000032,Grade 9 Science,20092,,INST JHS MLA_AY 2023-2024_Annual_Official,20001,SY_2023_JHS_OFFICIAL,84.02,84.02,active,84.02,84.02,,90,90,90,90,
Andrea S. Walsh,10262,SYN-JHS-000001,Grade 9 Science,20022,SYN-JHS-COURSE-000032,Grade 9 Science,20092,,INST JHS MLA_AY 2023-2024_Annual_Official,20001,SY_2023_JHS_OFFICIAL,70.71,70.71,active,70.71,70.71,,81,81,81,81,
Randy B. Shelton,10077,SYN-JHS-000094,Grade 9 Science,20022,SYN-JHS-COURSE-000032,Grade 9 Science,20092,,INST JHS MLA_AY 2023-2024_Annual_Official,20001,SY_2023_JHS_OFFICIAL,79.93,79.93,active,79.93,79.93,,87,87,87,87,
Jennifer G. Tapia,10265,SYN-JHS-000004,Grade 9 Science,20022,SYN-JHS-COURSE-000032,Grade 9 Science,20092,,INST JHS MLA_AY 2023-2024_Annual_Official,20001,SY_2023_JHS_OFFICIAL,70.06,70.06,active,70.06,70.06,,81,81,81,81,
John T. Jones,10032,SYN-JHS-000041,Grade 9 Science,20022,SYN-JHS-COURSE-000032,Grade 9 Science,20092,,INST JHS MLA_AY 2023-2024_Annual_Official,20001,SY_2023_JHS_OFFICIAL,70.24,70.24,active,70.24,70.24,,81,81,81,81,
Rachel T. Davis,10020,SYN-JHS-000031,Grade 9 Science,20022,SYN-JHS-COURSE-000032,Grade 9 Science,20092,,INST JHS MLA_AY 2023-2024_Annual_Official,20001,SY_2023_JHS_OFFICIAL,68.24,68.24,active,68.24,68.24,,80,80,80,80,
Rebecca T. Castro,10043,SYN-JHS-000050,Grade 9 Science,20022,SYN-JHS-COURSE-000032,Grade 9 Science,20092,,INST JHS MLA_AY 2023-2024_Annual_Official,20001,SY_2023_JHS_OFFICIAL,83.13,83.13,active,83.13,83.13,,89,89,89,89,
Sandra K. Bean,10270,SYN-JHS-000007,Grade 9 Science,20022,SYN-JHS-COURSE-000032,Grade 9 Science,20092,,INST JHS MLA_AY 2023-2024_Annual_Official,20001,SY_2023_JHS_OFFICIAL,90.28,90.28,active,90.28,90.28,,93,93,93,93,
Dorothy T. Fernandez,10079,SYN-JHS-000096,Grade 9 Science,20022,SYN-JHS-COURSE-000032,Grade 9 Science,20092,,INST JHS MLA_AY 2023-2024_Annual_Official,20001,SY_2023_JHS_OFFICIAL,75.85,75.85,active,75.85,75.85,,84,84,84,84,
Alice S. Webb,10019,SYN-JHS-000028,Grade 9 Science,20022,SYN-JHS-COURSE-000032,Grade 9 Science,20092,,INST JHS MLA_AY 2023-2024_Annual_Official,20001,SY_2023_JHS_OFFICIAL,81.33,81.33,active,81.33,81.33,,88,88,88,88,
April L. Harris,10081,SYN-JHS-000062,Grade 9 Science,20022,SYN-JHS-COURSE-000032,Grade 9 Science,20092,,INST JHS MLA_AY 2023-2024_Annual_Official,20001,SY_2023_JHS_OFFICIAL,65.89,65.89,active,65.89,65.89,,78,78,78,78,
Charles L. Solis,10025,SYN-JHS-000035,Grade 9 Science,20022,SYN-JHS-COURSE-000032,Grade 9 Science,20092,,INST JHS MLA_AY 2023-2024_Annual_Official,20001,SY_2023_JHS_OFFICIAL,73.4,73.4,active,73.4,73.4,,83,83,83,83,
Ashley G. Robles,10096,SYN-JHS-000105,Grade 9 Science,20022,SYN-JHS-COURSE-000032,Grade 9 Science,20092,,INST JHS MLA_AY 2023-2024_Annual_Official,20001,SY_2023_JHS_OFFICIAL,78.04,78.04,active,78.04,78.04,,86,86,86,86,
Lisa E. Wells,10002,SYN-JHS-000011,Grade 9 Science,20022,SYN-JHS-COURSE-000032,Grade 9 Science,20092,,INST JHS MLA_AY 2023-2024_Annual_Official,20001,SY_2023_JHS_OFFICIAL,84.22,84.22,active,84.22,84.22,,90,90,90,90,
Philip R. Evans,10066,SYN-JHS-000084,Grade 9 Science,20022,SYN-JHS-COURSE-000032,Grade 9 Science,20092,,INST JHS MLA_AY 2023-2024_Annual_Official,20001,SY_2023_JHS_OFFICIAL,85.67,85.67,active,85.67,85.67,,91,91,91,91,
Jimmy A. Wolf,10097,SYN-JHS-000106,Grade 9 Science,20022,SYN-JHS-COURSE-000032,Grade 9 Science,20092,,INST JHS MLA_AY 2023-2024_Annual_Official,20001,SY_2023_JHS_OFFICIAL,75.71,75.71,active,75.71,75.71,,84,84,84,84,
William A. Ruiz,10044,SYN-JHS-000053,Grade 9 Science,20022,SYN-JHS-COURSE-000032,Grade 9 Science,20092,,INST JHS MLA_AY 2023-2024_Annual_Official,20001,SY_2023_JHS_OFFICIAL,75.05,75.05,active,75.05,75.05,,84,84,84,84,
Christian A. Williams,10060,SYN-JHS-000075,Grade 9 Science,20022,SYN-JHS-COURSE-000032,Grade 9 Science,20092,,INST JHS MLA_AY 2023-2024_Annual_Official,20001,SY_2023_JHS_OFFICIAL,78.44,78.44,active,78.44,78.44,,86,86,86,86,
Larry E. Cohen,10045,SYN-JHS-000054,Grade 9 Science,20022,SYN-JHS-COURSE-000032,Grade 9 Science,20092,,INST JHS MLA_AY 2023-2024_Annual_Official,20001,SY_2023_JHS_OFFICIAL,77.56,77.56,active,77.56,77.56,,85,85,85,85,
Andrew J. Becker,10051,SYN-JHS-000058,Grade 9 Science,20022,SYN-JHS-COURSE-000032,Grade 9 Science,20092,,INST JHS MLA_AY 2023-2024_Annual_Official,20001,SY_2023_JHS_OFFICIAL,91.75,91.75,active,91.75,91.75,,94,94,94,94,
Diana J. Smith,10086,SYN-JHS-000079,Grade 9 Science,20022,SYN-JHS-COURSE-000032,Grade 9 Science,20092,,INST JHS MLA_AY 2023-2024_Annual_Official,20001,SY_2023_JHS_OFFICIAL,74.91,74.91,active,74.91,74.91,,84,84,84,84,
James G. Hall,10034,SYN-JHS-000042,Grade 9 Science,20022,SYN-JHS-COURSE-000032,Grade 9 Science,20092,,INST JHS MLA_AY 2023-2024_Annual_Official,20001,SY_2023_JHS_OFFICIAL,92.69,92.69,active,92.69,92.69,,95,95,95,95,
Kimberly D. Williams,10042,SYN-JHS-000052,Grade 9 Science,20022,SYN-JHS-COURSE-000032,Grade 9 Science,20092,,INST JHS MLA_AY 2023-2024_Annual_Official,20001,SY_2023_JHS_OFFICIAL,75.09,75.09,active,75.09,75.09,,84,84,84,84,
Christina J. Hickman,10003,SYN-JHS-000012,Grade 9 Science,20022,SYN-JHS-COURSE-000032,Grade 9 Science,20092,,INST JHS MLA_AY 2023-2024_Annual_Official,20001,SY_2023_JHS_OFFICIAL,87.3,87.3,active,87.3,87.3,,92,92,92,92,
Nicholas L. Cobb,10272,SYN-JHS-000006,Grade 9 Science,20022,SYN-JHS-COURSE-000032,Grade 9 Science,20092,,INST JHS MLA_AY 2023-2024_Annual_Official,20001,SY_2023_JHS_OFFICIAL,85.05,85.05,active,85.05,85.05,,90,90,90,90,
Pamela S. Davenport,10094,SYN-JHS-000103,Grade 9 Science,20022,SYN-JHS-COURSE-000032,Grade 9 Science,20092,,INST JHS MLA_AY 2023-2024_Annual_Official,20001,SY_2023_JHS_OFFICIAL,79.13,79.13,active,79.13,79.13,,86,86,86,86,
Nicholas J. Mercer,10082,SYN-JHS-000063,Grade 9 Science,20022,SYN-JHS-COURSE-000032,Grade 9 Science,20092,,INST JHS MLA_AY 2023-2024_Annual_Official,20001,SY_2023_JHS_OFFICIAL,68.04,68.04,active,68.04,68.04,,80,80,80,80,
Tracy S. Evans,10028,SYN-JHS-000038,Grade 9 Science,20022,SYN-JHS-COURSE-000032,Grade 9 Science,20092,,INST JHS MLA_AY 2023-2024_Annual_Official,20001,SY_2023_JHS_OFFICIAL,84.64,84.64,active,84.64,84.64,,90,90,90,90,
Carl T. Hill,10039,SYN-JHS-000047,Grade 9 Science,20022,SYN-JHS-COURSE-000032,Grade 9 Science,20092,,INST JHS MLA_AY 2023-2024_Annual_Official,20001,SY_2023_JHS_OFFICIAL,0.0,0.0,active,0.0,0.0,,60,60,60,60,
Derrick C. Hancock,10100,SYN-JHS-000109,Grade 9 Science,20022,SYN-JHS-COURSE-000032,Grade 9 Science,20092,,INST JHS MLA_AY 2023-2024_Annual_Official,20001,SY_2023_JHS_OFFICIAL,92.62,92.62,active,92.62,92.62,,95,95,95,95,
Jennifer G. Tapia,10265,SYN-JHS-000004,Grade 9 Technology and Livelihood Education,20023,SYN-JHS-COURSE-000033,Grade 9 Technology and Livelihood Education,20097,,INST JHS MLA_AY 2023-2024_Annual_Official,20001,SY_2023_JHS_OFFICIAL,60.51,60.51,active,60.51,60.51,,75,75,75,75,
John T. Jones,10032,SYN-JHS-000041,Grade 9 Technology and Livelihood Education,20023,SYN-JHS-COURSE-000033,Grade 9 Technology and Livelihood Education,20097,,INST JHS MLA_AY 2023-2024_Annual_Official,20001,SY_2023_JHS_OFFICIAL,81.82,81.82,active,81.82,81.82,,88,88,88,88,
Rachel T. Davis,10020,SYN-JHS-000031,Grade 9 Technology and Livelihood Education,20023,SYN-JHS-COURSE-000033,Grade 9 Technology and Livelihood Education,20097,,INST JHS MLA_AY 2023-2024_Annual_Official,20001,SY_2023_JHS_OFFICIAL,73.87,73.87,active,73.87,73.87,,83,83,83,83,
Sandra K. Bean,10270,SYN-JHS-000007,Grade 9 Technology and Livelihood Education,20023,SYN-JHS-COURSE-000033,Grade 9 Technology and Livelihood Education,20097,,INST JHS MLA_AY 2023-2024_Annual_Official,20001,SY_2023_JHS_OFFICIAL,88.82,88.82,active,88.82,88.82,,93,93,93,93,
Alice S. Webb,10019,SYN-JHS-000028,Grade 9 Technology and Livelihood Education,20023,SYN-JHS-COURSE-000033,Grade 9 Technology and Livelihood Education,20097,,INST JHS MLA_AY 2023-2024_Annual_Official,20001,SY_2023_JHS_OFFICIAL,86.82,86.82,active,86.82,86.82,,91,91,91,91,
Charles L. Solis,10025,SYN-JHS-000035,Grade 9 Technology and Livelihood Education,20023,SYN-JHS-COURSE-000033,Grade 9 Technology and Livelihood Education,20097,,INST JHS MLA_AY 2023-2024_Annual_Official,20001,SY_2023_JHS_OFFICIAL,66.45,66.45,active,66.45,66.45,,79,79,79,79,
Lisa E. Wells,10002,SYN-JHS-000011,Grade 9 Technology and Livelihood Education,20023,SYN-JHS-COURSE-000033,Grade 9 Technology and Livelihood Education,20097,,INST JHS MLA_AY 2023-2024_Annual_Official,20001,SY_2023_JHS_OFFICIAL,84.62,84.62,active,84.62,84.62,,90,90,90,90,
Christina J. Hickman,10003,SYN-JHS-000012,Grade 9 Technology and Livelihood Education,20023,SYN-JHS-COURSE-000033,Grade 9 Technology and Livelihood Education,20097,,INST JHS MLA_AY 2023-2024_Annual_Official,20001,SY_2023_JHS_OFFICIAL,94.11,94.11,active,94.11,94.11,,96,96,96,96,
Nicholas L. Cobb,10272,SYN-JHS-000006,Grade 9 Technology and Livelihood Education,20023,SYN-JHS-COURSE-000033,Grade 9 Technology and Livelihood Education,20097,,INST JHS MLA_AY 2023-2024_Annual_Official,20001,SY_2023_JHS_OFFICIAL,91.75,91.75,active,91.75,91.75,,94,94,94,94,
Jeremy R. Stark,10263,SYN-JHS-000002,Grade 9 Technology and Livelihood Education,20023,SYN-JHS-COURSE-000033,Grade 9 Technology and Livelihood Education,20097,,INST JHS MLA_AY 2023-2024_Annual_Official,20001,SY_2023_JHS_OFFICIAL,87.64,87.64,active,87.64,87.64,,92,92,92,92,
Maurice M. Anderson,10018,SYN-JHS-000023,Grade 9 Technology and Livelihood Education,20023,SYN-JHS-COURSE-000033,Grade 9 Technology and Livelihood Education,20097,,INST JHS MLA_AY 2023-2024_Annual_Official,20001,SY_2023_JHS_OFFICIAL,84.6,84.6,active,84.6,84.6,,90,90,90,90,
Amanda K. Myers,10005,SYN-JHS-000022,Grade 9 Technology and Livelihood Education,20023,SYN-JHS-COURSE-000033,Grade 9 Technology and Livelihood Education,20097,,INST JHS MLA_AY 2023-2024_Annual_Official,20001,SY_2023_JHS_OFFICIAL,74.85,74.85,active,74.85,74.85,,84,84,84,84,
Carol W. Davis,10006,SYN-JHS-000025,Grade 9 Technology and Livelihood Education,20023,SYN-JHS-COURSE-000033,Grade 9 Technology and Livelihood Education,20097,,INST JHS MLA_AY 2023-2024_Annual_Official,20001,SY_2023_JHS_OFFICIAL,84.16,84.16,active,84.16,84.16,,90,90,90,90,
Kristen J. Hensley,10264,SYN-JHS-000003,Grade 9 Technology and Livelihood Education,20023,SYN-JHS-COURSE-000033,Grade 9 Technology and Livelihood Education,20097,,INST JHS MLA_AY 2023-2024_Annual_Official,20001,SY_2023_JHS_OFFICIAL,89.62,89.62,active,89.62,89.62,,93,93,93,93,
Amanda M. Clayton,10004,SYN-JHS-000019,Grade 9 Technology and Livelihood Education,20023,SYN-JHS-COURSE-000033,Grade 9 Technology and Livelihood Education,20097,,INST JHS MLA_AY 2023-2024_Annual_Official,20001,SY_2023_JHS_OFFICIAL,90.4,90.4,active,90.4,90.4,,94,94,94,94,
Daniel C. Nixon,10273,SYN-JHS-000008,Grade 9 Technology and Livelihood Education,20023,SYN-JHS-COURSE-000033,Grade 9 Technology and Livelihood Education,20097,,INST JHS MLA_AY 2023-2024_Annual_Official,20001,SY_2023_JHS_OFFICIAL,76.24,76.24,active,76.24,76.24,,85,85,85,85,
Kathy A. Meyer,10001,SYN-JHS-000010,Grade 9 Technology and Livelihood Education,20023,SYN-JHS-COURSE-000033,Grade 9 Technology and Livelihood Education,20097,,INST JHS MLA_AY 2023-2024_Annual_Official,20001,SY_2023_JHS_OFFICIAL,84.13,84.13,active,84.13,84.13,,90,90,90,90,
Garrett L. Bell,10274,SYN-JHS-000009,Grade 9 Technology and Livelihood Education,20023,SYN-JHS-COURSE-000033,Grade 9 Technology and Livelihood Education,20097,,INST JHS MLA_AY 2023-2024_Annual_Official,20001,SY_2023_JHS_OFFICIAL,70.18,70.18,active,70.18,70.18,,81,81,81,81,
Douglas M. Pham,10271,SYN-JHS-000005,Grade 9 Technology and Livelihood Education,20023,SYN-JHS-COURSE-000033,Grade 9 Technology and Livelihood Education,20097,,INST JHS MLA_AY 2023-2024_Annual_Official,20001,SY_2023_JHS_OFFICIAL,80.96,80.96,active,80.96,80.96,,88,88,88,88,
Timothy S. Heath,10024,SYN-JHS-000021,Grade 9 Technology and Livelihood Education,20023,SYN-JHS-COURSE-000033,Grade 9 Technology and Livelihood Education,20097,,INST JHS MLA_AY 2023-2024_Annual_Official,20001,SY_2023_JHS_OFFICIAL,84.27,84.27,active,84.27,84.27,,90,90,90,90,
Andrea S. Walsh,10262,SYN-JHS-000001,Grade 9 Technology and Livelihood Education,20023,SYN-JHS-COURSE-000033,Grade 9 Technology and Livelihood Education,20097,,INST JHS MLA_AY 2023-2024_Annual_Official,20001,SY_2023_JHS_OFFICIAL,68.35,68.35,active,68.35,68.35,,80,80,80,80,
Tracy S. Evans,10028,SYN-JHS-000038,Grade 9 Technology and Livelihood Education,20023,SYN-JHS-COURSE-000033,Grade 9 Technology and Livelihood Education,20097,,INST JHS MLA_AY 2023-2024_Annual_Official,20001,SY_2023_JHS_OFFICIAL,85.53,85.53,active,85.53,85.53,,90,90,90,90,
Andrew J. Becker,10051,SYN-JHS-000058,"Grade 9 Music, Arts, PE and Health",20024,SYN-JHS-COURSE-000030,"Grade 9 Music, Arts, PE and Health",20094,,INST JHS MLA_AY 2023-2024_Annual_Official,20001,SY_2023_JHS_OFFICIAL,88.42,88.42,active,88.42,88.42,,92,92,92,92,
Diana J. Smith,10086,SYN-JHS-000079,"Grade 9 Music, Arts, PE and Health",20024,SYN-JHS-COURSE-000030,"Grade 9 Music, Arts, PE and Health",20094,,INST JHS MLA_AY 2023-2024_Annual_Official,20001,SY_2023_JHS_OFFICIAL,77.59,77.59,active,77.59,77.59,,85,85,85,85,
James G. Hall,10034,SYN-JHS-000042,"Grade 9 Music, Arts, PE and Health",20024,SYN-JHS-COURSE-000030,"Grade 9 Music, Arts, PE and Health",20094,,INST JHS MLA_AY 2023-2024_Annual_Official,20001,SY_2023_JHS_OFFICIAL,91.59,91.59,active,91.59,91.59,,94,94,94,94,
Kimberly D. Williams,10042,SYN-JHS-000052,"Grade 9 Music, Arts, PE and Health",20024,SYN-JHS-COURSE-000030,"Grade 9 Music, Arts, PE and Health",20094,,INST JHS MLA_AY 2023-2024_Annual_Official,20001,SY_2023_JHS_OFFICIAL,88.08,88.08,active,88.08,88.08,,92,92,92,92,
Christina J. Hickman,10003,SYN-JHS-000012,"Grade 9 Music, Arts, PE and Health",20024,SYN-JHS-COURSE-000030,"Grade 9 Music, Arts, PE and Health",20094,,INST JHS MLA_AY 2023-2024_Annual_Official,20001,SY_2023_JHS_OFFICIAL,89.77,89.77,active,89.77,89.77,,93,93,93,93,
Nicholas L. Cobb,10272,SYN-JHS-000006,"Grade 9 Music, Arts, PE and Health",20024,SYN-JHS-COURSE-000030,"Grade 9 Music, Arts, PE and Health",20094,,INST JHS MLA_AY 2023-2024_Annual_Official,20001,SY_2023_JHS_OFFICIAL,86.77,86.77,active,86.77,86.77,,91,91,91,91,
Pamela S. Davenport,10094,SYN-JHS-000103,"Grade 9 Music, Arts, PE and Health",20024,SYN-JHS-COURSE-000030,"Grade 9 Music, Arts, PE and Health",20094,,INST JHS MLA_AY 2023-2024_Annual_Official,20001,SY_2023_JHS_OFFICIAL,93.78,93.78,active,93.78,93.78,,96,96,96,96,
Nicholas J. Mercer,10082,SYN-JHS-000063,"Grade 9 Music, Arts, PE and Health",20024,SYN-JHS-COURSE-000030,"Grade 9 Music, Arts, PE and Health",20094,,INST JHS MLA_AY 2023-2024_Annual_Official,20001,SY_2023_JHS_OFFICIAL,81.46,81.46,active,81.46,81.46,,88,88,88,88,
Jeremy R. Stark,10263,SYN-JHS-000002,"Grade 9 Music, Arts, PE and Health",20024,SYN-JHS-COURSE-000030,"Grade 9 Music, Arts, PE and Health",20094,,INST JHS MLA_AY 2023-2024_Annual_Official,20001,SY_2023_JHS_OFFICIAL,93.42,93.42,active,93.42,93.42,,95,95,95,95,
Maurice M. Anderson,10018,SYN-JHS-000023,"Grade 9 Music, Arts, PE and Health",20024,SYN-JHS-COURSE-000030,"Grade 9 Music, Arts, PE and Health",20094,,INST JHS MLA_AY 2023-2024_Annual_Official,20001,SY_2023_JHS_OFFICIAL,93.66,93.66,active,93.66,93.66,,96,96,96,96,
Amanda K. Myers,10005,SYN-JHS-000022,"Grade 9 Music, Arts, PE and Health",20024,SYN-JHS-COURSE-000030,"Grade 9 Music, Arts, PE and Health",20094,,INST JHS MLA_AY 2023-2024_Annual_Official,20001,SY_2023_JHS_OFFICIAL,84.7,84.7,active,84.7,84.7,,90,90,90,90,
Carol W. Davis,10006,SYN-JHS-000025,"Grade 9 Music, Arts, PE and Health",20024,SYN-JHS-COURSE-000030,"Grade 9 Music, Arts, PE and Health",20094,,INST JHS MLA_AY 2023-2024_Annual_Official,20001,SY_2023_JHS_OFFICIAL,85.48,85.48,active,85.48,85.48,,90,90,90,90,
John B. Baldwin,10054,SYN-JHS-000069,"Grade 9 Music, Arts, PE and Health",20024,SYN-JHS-COURSE-000030,"Grade 9 Music, Arts, PE and Health",20094,,INST JHS MLA_AY 2023-2024_Annual_Official,20001,SY_2023_JHS_OFFICIAL,83.57,83.57,active,83.57,83.57,,89,89,89,89,
Kristen J. Hensley,10264,SYN-JHS-000003,"Grade 9 Music, Arts, PE and Health",20024,SYN-JHS-COURSE-000030,"Grade 9 Music, Arts, PE and Health",20094,,INST JHS MLA_AY 2023-2024_Annual_Official,20001,SY_2023_JHS_OFFICIAL,93.11,93.11,active,93.11,93.11,,95,95,95,95,
Amanda M. Clayton,10004,SYN-JHS-000019,"Grade 9 Music, Arts, PE and Health",20024,SYN-JHS-COURSE-000030,"Grade 9 Music, Arts, PE and Health",20094,,INST JHS MLA_AY 2023-2024_Annual_Official,20001,SY_2023_JHS_OFFICIAL,88.49,88.49,active,88.49,88.49,,92,92,92,92,
Amanda M. Chan,10057,SYN-JHS-000072,"Grade 9 Music, Arts, PE and Health",20024,SYN-JHS-COURSE-000030,"Grade 9 Music, Arts, PE and Health",20094,,INST JHS MLA_AY 2023-2024_Annual_Official,20001,SY_2023_JHS_OFFICIAL,86.28,86.28,active,86.28,86.28,,91,91,91,91,
Daniel C. Nixon,10273,SYN-JHS-000008,"Grade 9 Music, Arts, PE and Health",20024,SYN-JHS-COURSE-000030,"Grade 9 Music, Arts, PE and Health",20094,,INST JHS MLA_AY 2023-2024_Annual_Official,20001,SY_2023_JHS_OFFICIAL,88.73,88.73,active,88.73,88.73,,92,92,92,92,
Kathy A. Meyer,10001,SYN-JHS-000010,"Grade 9 Music, Arts, PE and Health",20024,SYN-JHS-COURSE-000030,"Grade 9 Music, Arts, PE and Health",20094,,INST JHS MLA_AY 2023-2024_Annual_Official,20001,SY_2023_JHS_OFFICIAL,86.25,86.25,active,86.25,86.25,,91,91,91,91,
Garrett L. Bell,10274,SYN-JHS-000009,"Grade 9 Music, Arts, PE and Health",20024,SYN-JHS-COURSE-000030,"Grade 9 Music, Arts, PE and Health",20094,,INST JHS MLA_AY 2023-2024_Annual_Official,20001,SY_2023_JHS_OFFICIAL,84.05,84.05,active,84.05,84.05,,90,90,90,90,
Douglas M. Pham,10271,SYN-JHS-000005,"Grade 9 Music, Arts, PE and Health",20024,SYN-JHS-COURSE-000030,"Grade 9 Music, Arts, PE and Health",20094,,INST JHS MLA_AY 2023-2024_Annual_Official,20001,SY_2023_JHS_OFFICIAL,87.82,87.82,active,87.82,87.82,,92,92,92,92,
Terri V. Ortiz,10046,SYN-JHS-000055,"Grade 9 Music, Arts, PE and Health",20024,SYN-JHS-COURSE-000030,"Grade 9 Music, Arts, PE and Health",20094,,INST JHS MLA_AY 2023-2024_Annual_Official,20001,SY_2023_JHS_OFFICIAL,90.6,90.6,active,90.6,90.6,,94,94,94,94,
Tara L. Diaz,10056,SYN-JHS-000071,"Grade 9 Music, Arts, PE and Health",20024,SYN-JHS-COURSE-000030,"Grade 9 Music, Arts, PE and Health",20094,,INST JHS MLA_AY 2023-2024_Annual_Official,20001,SY_2023_JHS_OFFICIAL,82.68,82.68,active,82.68,82.68,,89,89,89,89,
Timothy S. Heath,10024,SYN-JHS-000021,"Grade 9 Music, Arts, PE and Health",20024,SYN-JHS-COURSE-000030,"Grade 9 Music, Arts, PE and Health",20094,,INST JHS MLA_AY 2023-2024_Annual_Official,20001,SY_2023_JHS_OFFICIAL,86.25,86.25,active,86.25,86.25,,91,91,91,91,
Andrea S. Walsh,10262,SYN-JHS-000001,"Grade 9 Music, Arts, PE and Health",20024,SYN-JHS-COURSE-000030,"Grade 9 Music, Arts, PE and Health",20094,,INST JHS MLA_AY 2023-2024_Annual_Official,20001,SY_2023_JHS_OFFICIAL,83.96,83.96,active,83.96,83.96,,89,89,89,89,
Randy B. Shelton,10077,SYN-JHS-000094,"Grade 9 Music, Arts, PE and Health",20024,SYN-JHS-COURSE-000030,"Grade 9 Music, Arts, PE and Health",20094,,INST JHS MLA_AY 2023-2024_Annual_Official,20001,SY_2023_JHS_OFFICIAL,77.93,77.93,active,77.93,77.93,,86,86,86,86,
Jennifer G. Tapia,10265,SYN-JHS-000004,"Grade 9 Music, Arts, PE and Health",20024,SYN-JHS-COURSE-000030,"Grade 9 Music, Arts, PE and Health",20094,,INST JHS MLA_AY 2023-2024_Annual_Official,20001,SY_2023_JHS_OFFICIAL,77.87,77.87,active,77.87,77.87,,86,86,86,86,
John T. Jones,10032,SYN-JHS-000041,"Grade 9 Music, Arts, PE and Health",20024,SYN-JHS-COURSE-000030,"Grade 9 Music, Arts, PE and Health",20094,,INST JHS MLA_AY 2023-2024_Annual_Official,20001,SY_2023_JHS_OFFICIAL,88.5,88.5,active,88.5,88.5,,92,92,92,92,
Rachel T. Davis,10020,SYN-JHS-000031,"Grade 9 Music, Arts, PE and Health",20024,SYN-JHS-COURSE-000030,"Grade 9 Music, Arts, PE and Health",20094,,INST JHS MLA_AY 2023-2024_Annual_Official,20001,SY_2023_JHS_OFFICIAL,83.01,83.01,active,83.01,83.01,,89,89,89,89,
Rebecca T. Castro,10043,SYN-JHS-000050,"Grade 9 Music, Arts, PE and Health",20024,SYN-JHS-COURSE-000030,"Grade 9 Music, Arts, PE and Health",20094,,INST JHS MLA_AY 2023-2024_Annual_Official,20001,SY_2023_JHS_OFFICIAL,93.59,93.59,active,93.59,93.59,,95,95,95,95,
Sandra K. Bean,10270,SYN-JHS-000007,"Grade 9 Music, Arts, PE and Health",20024,SYN-JHS-COURSE-000030,"Grade 9 Music, Arts, PE and Health",20094,,INST JHS MLA_AY 2023-2024_Annual_Official,20001,SY_2023_JHS_OFFICIAL,93.78,93.78,active,93.78,93.78,,96,96,96,96,
Dorothy T. Fernandez,10079,SYN-JHS-000096,"Grade 9 Music, Arts, PE and Health",20024,SYN-JHS-COURSE-000030,"Grade 9 Music, Arts, PE and Health",20094,,INST JHS MLA_AY 2023-2024_Annual_Official,20001,SY_2023_JHS_OFFICIAL,88.49,88.49,active,88.49,88.49,,92,92,92,92,
Alice S. Webb,10019,SYN-JHS-000028,"Grade 9 Music, Arts, PE and Health",20024,SYN-JHS-COURSE-000030,"Grade 9 Music, Arts, PE and Health",20094,,INST JHS MLA_AY 2023-2024_Annual_Official,20001,SY_2023_JHS_OFFICIAL,94.43,94.43,active,94.43,94.43,,96,96,96,96,
April L. Harris,10081,SYN-JHS-000062,"Grade 9 Music, Arts, PE and Health",20024,SYN-JHS-COURSE-000030,"Grade 9 Music, Arts, PE and Health",20094,,INST JHS MLA_AY 2023-2024_Annual_Official,20001,SY_2023_JHS_OFFICIAL,85.88,85.88,active,85.88,85.88,,91,91,91,91,
Charles L. Solis,10025,SYN-JHS-000035,"Grade 9 Music, Arts, PE and Health",20024,SYN-JHS-COURSE-000030,"Grade 9 Music, Arts, PE and Health",20094,,INST JHS MLA_AY 2023-2024_Annual_Official,20001,SY_2023_JHS_OFFICIAL,79.84,79.84,active,79.84,79.84,,87,87,87,87,
Ashley G. Robles,10096,SYN-JHS-000105,"Grade 9 Music, Arts, PE and Health",20024,SYN-JHS-COURSE-000030,"Grade 9 Music, Arts, PE and Health",20094,,INST JHS MLA_AY 2023-2024_Annual_Official,20001,SY_2023_JHS_OFFICIAL,85.05,85.05,active,85.05,85.05,,90,90,90,90,
Lisa E. Wells,10002,SYN-JHS-000011,"Grade 9 Music, Arts, PE and Health",20024,SYN-JHS-COURSE-000030,"Grade 9 Music, Arts, PE and Health",20094,,INST JHS MLA_AY 2023-2024_Annual_Official,20001,SY_2023_JHS_OFFICIAL,83.27,83.27,active,83.27,83.27,,89,89,89,89,
Philip R. Evans,10066,SYN-JHS-000084,"Grade 9 Music, Arts, PE and Health",20024,SYN-JHS-COURSE-000030,"Grade 9 Music, Arts, PE and Health",20094,,INST JHS MLA_AY 2023-2024_Annual_Official,20001,SY_2023_JHS_OFFICIAL,87.94,87.94,active,87.94,87.94,,92,92,92,92,
Jimmy A. Wolf,10097,SYN-JHS-000106,"Grade 9 Music, Arts, PE and Health",20024,SYN-JHS-COURSE-000030,"Grade 9 Music, Arts, PE and Health",20094,,INST JHS MLA_AY 2023-2024_Annual_Official,20001,SY_2023_JHS_OFFICIAL,90.66,90.66,active,90.66,90.66,,94,94,94,94,
William A. Ruiz,10044,SYN-JHS-000053,"Grade 9 Music, Arts, PE and Health",20024,SYN-JHS-COURSE-000030,"Grade 9 Music, Arts, PE and Health",20094,,INST JHS MLA_AY 2023-2024_Annual_Official,20001,SY_2023_JHS_OFFICIAL,93.86,93.86,active,93.86,93.86,,96,96,96,96,
Christian A. Williams,10060,SYN-JHS-000075,"Grade 9 Music, Arts, PE and Health",20024,SYN-JHS-COURSE-000030,"Grade 9 Music, Arts, PE and Health",20094,,INST JHS MLA_AY 2023-2024_Annual_Official,20001,SY_2023_JHS_OFFICIAL,86.77,86.77,active,86.77,86.77,,91,91,91,91,
Larry E. Cohen,10045,SYN-JHS-000054,"Grade 9 Music, Arts, PE and Health",20024,SYN-JHS-COURSE-000030,"Grade 9 Music, Arts, PE and Health",20094,,INST JHS MLA_AY 2023-2024_Annual_Official,20001,SY_2023_JHS_OFFICIAL,84.36,84.36,active,84.36,84.36,,90,90,90,90,
Carl T. Hill,10039,SYN-JHS-000047,"Grade 9 Music, Arts, PE and Health",20024,SYN-JHS-COURSE-000030,"Grade 9 Music, Arts, PE and Health",20094,,INST JHS MLA_AY 2023-2024_Annual_Official,20001,SY_2023_JHS_OFFICIAL,0.0,0.0,active,0.0,0.0,,60,60,60,60,
Tracy S. Evans,10028,SYN-JHS-000038,"Grade 9 Music, Arts, PE and Health",20024,SYN-JHS-COURSE-000030,"Grade 9 Music, Arts, PE and Health",20094,,INST JHS MLA_AY 2023-2024_Annual_Official,20001,SY_2023_JHS_OFFICIAL,92.3,92.3,active,92.3,92.3,,95,95,95,95,
Derrick C. Hancock,10100,SYN-JHS-000109,"Grade 9 Music, Arts, PE and Health",20024,SYN-JHS-COURSE-000030,"Grade 9 Music, Arts, PE and Health",20094,,INST JHS MLA_AY 2023-2024_Annual_Official,20001,SY_2023_JHS_OFFICIAL,93.86,93.86,active,93.86,93.86,,96,96,96,96,
Miranda R. Adams,10061,SYN-JHS-000076,Grade 10 Araling Panlipunan,20025,SYN-JHS-COURSE-000001,Grade 10 Araling Panlipunan,20098,,INST JHS MLA_AY 2023-2024_Annual_Official,20001,SY_2023_JHS_OFFICIAL,72.9,72.9,active,72.9,72.9,,83,83,83,83,
Nancy J. Flores,10035,SYN-JHS-000044,Grade 10 Araling Panlipunan,20025,SYN-JHS-COURSE-000001,Grade 10 Araling Panlipunan,20098,,INST JHS MLA_AY 2023-2024_Annual_Official,20001,SY_2023_JHS_OFFICIAL,70.45,70.45,active,70.45,70.45,,81,81,81,81,
Kimberly R. Kelly,10068,SYN-JHS-000087,Grade 10 Araling Panlipunan,20025,SYN-JHS-COURSE-000001,Grade 10 Araling Panlipunan,20098,,INST JHS MLA_AY 2023-2024_Annual_Official,20001,SY_2023_JHS_OFFICIAL,93.85,93.85,active,93.85,93.85,,96,96,96,96,
Erin J. West,10037,SYN-JHS-000046,Grade 10 Araling Panlipunan,20025,SYN-JHS-COURSE-000001,Grade 10 Araling Panlipunan,20098,,INST JHS MLA_AY 2023-2024_Annual_Official,20001,SY_2023_JHS_OFFICIAL,0.0,0.0,active,0.0,0.0,,60,60,60,60,
Marcia J. Hall,10074,SYN-JHS-000090,Grade 10 Araling Panlipunan,20025,SYN-JHS-COURSE-000001,Grade 10 Araling Panlipunan,20098,,INST JHS MLA_AY 2023-2024_Annual_Official,20001,SY_2023_JHS_OFFICIAL,62.9,62.9,active,62.9,62.9,,76,76,76,76,
Brian K. Nichols,10048,SYN-JHS-000057,Grade 10 Araling Panlipunan,20025,SYN-JHS-COURSE-000001,Grade 10 Araling Panlipunan,20098,,INST JHS MLA_AY 2023-2024_Annual_Official,20001,SY_2023_JHS_OFFICIAL,76.95,76.95,active,76.95,76.95,,85,85,85,85,
Kelly S. Daniels,10059,SYN-JHS-000074,Grade 10 Araling Panlipunan,20025,SYN-JHS-COURSE-000001,Grade 10 Araling Panlipunan,20098,,INST JHS MLA_AY 2023-2024_Annual_Official,20001,SY_2023_JHS_OFFICIAL,82.1,82.1,active,82.1,82.1,,88,88,88,88,
Jacob T. Smith,10089,SYN-JHS-000091,Grade 10 Araling Panlipunan,20025,SYN-JHS-COURSE-000001,Grade 10 Araling Panlipunan,20098,,INST JHS MLA_AY 2023-2024_Annual_Official,20001,SY_2023_JHS_OFFICIAL,72.95,72.95,active,72.95,72.95,,83,83,83,83,
William R. Snyder,10069,SYN-JHS-000065,Grade 10 Araling Panlipunan,20025,SYN-JHS-COURSE-000001,Grade 10 Araling Panlipunan,20098,,INST JHS MLA_AY 2023-2024_Annual_Official,20001,SY_2023_JHS_OFFICIAL,70.2,70.2,active,70.2,70.2,,81,81,81,81,
Haley A. Robinson,10036,SYN-JHS-000045,Grade 10 Araling Panlipunan,20025,SYN-JHS-COURSE-000001,Grade 10 Araling Panlipunan,20098,,INST JHS MLA_AY 2023-2024_Annual_Official,20001,SY_2023_JHS_OFFICIAL,91.1,91.1,active,91.1,91.1,,94,94,94,94,
Dawn L. Simmons,10075,SYN-JHS-000092,Grade 10 Araling Panlipunan,20025,SYN-JHS-COURSE-000001,Grade 10 Araling Panlipunan,20098,,INST JHS MLA_AY 2023-2024_Annual_Official,20001,SY_2023_JHS_OFFICIAL,71.35,71.35,active,71.35,71.35,,82,82,82,82,
Michelle T. Rogers,10092,SYN-JHS-000101,Grade 10 Araling Panlipunan,20025,SYN-JHS-COURSE-000001,Grade 10 Araling Panlipunan,20098,,INST JHS MLA_AY 2023-2024_Annual_Official,20001,SY_2023_JHS_OFFICIAL,75.65,75.65,active,75.65,75.65,,84,84,84,84,
Eric T. Taylor,10099,SYN-JHS-000108,Grade 10 Araling Panlipunan,20025,SYN-JHS-COURSE-000001,Grade 10 Araling Panlipunan,20098,,INST JHS MLA_AY 2023-2024_Annual_Official,20001,SY_2023_JHS_OFFICIAL,97.25,97.25,active,97.25,97.25,,98,98,98,98,
Joseph M. Alvarado,10070,SYN-JHS-000066,Grade 10 Araling Panlipunan,20025,SYN-JHS-COURSE-000001,Grade 10 Araling Panlipunan,20098,,INST JHS MLA_AY 2023-2024_Annual_Official,20001,SY_2023_JHS_OFFICIAL,92.7,92.7,active,92.7,92.7,,95,95,95,95,
Jane S. Oliver,10098,SYN-JHS-000107,Grade 10 Araling Panlipunan,20025,SYN-JHS-COURSE-000001,Grade 10 Araling Panlipunan,20098,,INST JHS MLA_AY 2023-2024_Annual_Official,20001,SY_2023_JHS_OFFICIAL,69.45,69.45,active,69.45,69.45,,80,80,80,80,
Cody D. Williams,10102,SYN-JHS-000111,Grade 10 Araling Panlipunan,20025,SYN-JHS-COURSE-000001,Grade 10 Araling Panlipunan,20098,,INST JHS MLA_AY 2023-2024_Annual_Official,20001,SY_2023_JHS_OFFICIAL,70.4,70.4,active,70.4,70.4,,81,81,81,81,
Miranda R. Adams,10061,SYN-JHS-000076,Grade 10 English,20026,SYN-JHS-COURSE-000002,Grade 10 English,20073,,INST JHS MLA_AY 2023-2024_Annual_Official,20001,SY_2023_JHS_OFFICIAL,77.96,77.96,active,77.96,77.96,,86,86,86,86,
Nancy J. Flores,10035,SYN-JHS-000044,Grade 10 English,20026,SYN-JHS-COURSE-000002,Grade 10 English,20073,,INST JHS MLA_AY 2023-2024_Annual_Official,20001,SY_2023_JHS_OFFICIAL,78.68,78.68,active,78.68,78.68,,86,86,86,86,
Kimberly R. Kelly,10068,SYN-JHS-000087,Grade 10 English,20026,SYN-JHS-COURSE-000002,Grade 10 English,20073,,INST JHS MLA_AY 2023-2024_Annual_Official,20001,SY_2023_JHS_OFFICIAL,92.44,92.44,active,92.44,92.44,,95,95,95,95,
Erin J. West,10037,SYN-JHS-000046,Grade 10 English,20026,SYN-JHS-COURSE-000002,Grade 10 English,20073,,INST JHS MLA_AY 2023-2024_Annual_Official,20001,SY_2023_JHS_OFFICIAL,0.0,0.0,active,0.0,0.0,,60,60,60,60,
Marcia J. Hall,10074,SYN-JHS-000090,Grade 10 English,20026,SYN-JHS-COURSE-000002,Grade 10 English,20073,,INST JHS MLA_AY 2023-2024_Annual_Official,20001,SY_2023_JHS_OFFICIAL,64.7,64.7,active,64.7,64.7,,77,77,77,77,
Brian K. Nichols,10048,SYN-JHS-000057,Grade 10 English,20026,SYN-JHS-COURSE-000002,Grade 10 English,20073,,INST JHS MLA_AY 2023-2024_Annual_Official,20001,SY_2023_JHS_OFFICIAL,90.73,90.73,active,90.73,90.73,,94,94,94,94,
Kelly S. Daniels,10059,SYN-JHS-000074,Grade 10 English,20026,SYN-JHS-COURSE-000002,Grade 10 English,20073,,INST JHS MLA_AY 2023-2024_Annual_Official,20001,SY_2023_JHS_OFFICIAL,89.25,89.25,active,89.25,89.25,,93,93,93,93,
Jacob T. Smith,10089,SYN-JHS-000091,Grade 10 English,20026,SYN-JHS-COURSE-000002,Grade 10 English,20073,,INST JHS MLA_AY 2023-2024_Annual_Official,20001,SY_2023_JHS_OFFICIAL,84.54,84.54,active,84.54,84.54,,90,90,90,90,
William R. Snyder,10069,SYN-JHS-000065,Grade 10 English,20026,SYN-JHS-COURSE-000002,Grade 10 English,20073,,INST JHS MLA_AY 2023-2024_Annual_Official,20001,SY_2023_JHS_OFFICIAL,66.28,66.28,active,66.28,66.28,,78,78,78,78,
Haley A. Robinson,10036,SYN-JHS-000045,Grade 10 English,20026,SYN-JHS-COURSE-000002,Grade 10 English,20073,,INST JHS MLA_AY 2023-2024_Annual_Official,20001,SY_2023_JHS_OFFICIAL,94.0,94.0,active,94.0,94.0,,96,96,96,96,
Dawn L. Simmons,10075,SYN-JHS-000092,Grade 10 English,20026,SYN-JHS-COURSE-000002,Grade 10 English,20073,,INST JHS MLA_AY 2023-2024_Annual_Official,20001,SY_2023_JHS_OFFICIAL,74.12,74.12,active,74.12,74.12,,83,83,83,83,
Michelle T. Rogers,10092,SYN-JHS-000101,Grade 10 English,20026,SYN-JHS-COURSE-000002,Grade 10 English,20073,,INST JHS MLA_AY 2023-2024_Annual_Official,20001,SY_2023_JHS_OFFICIAL,68.11,68.11,active,68.11,68.11,,80,80,80,80,
Eric T. Taylor,10099,SYN-JHS-000108,Grade 10 English,20026,SYN-JHS-COURSE-000002,Grade 10 English,20073,,INST JHS MLA_AY 2023-2024_Annual_Official,20001,SY_2023_JHS_OFFICIAL,89.55,89.55,active,89.55,89.55,,93,93,93,93,
Joseph M. Alvarado,10070,SYN-JHS-000066,Grade 10 English,20026,SYN-JHS-COURSE-000002,Grade 10 English,20073,,INST JHS MLA_AY 2023-2024_Annual_Official,20001,SY_2023_JHS_OFFICIAL,81.43,81.43,active,81.43,81.43,,88,88,88,88,
Jane S. Oliver,10098,SYN-JHS-000107,Grade 10 English,20026,SYN-JHS-COURSE-000002,Grade 10 English,20073,,INST JHS MLA_AY 2023-2024_Annual_Official,20001,SY_2023_JHS_OFFICIAL,53.01,53.01,active,53.01,53.01,,73,73,73,73,
Cody D. Williams,10102,SYN-JHS-000111,Grade 10 English,20026,SYN-JHS-COURSE-000002,Grade 10 English,20073,,INST JHS MLA_AY 2023-2024_Annual_Official,20001,SY_2023_JHS_OFFICIAL,72.86,72.86,active,72.86,72.86,,83,83,83,83,
Miranda R. Adams,10061,SYN-JHS-000076,Grade 10 Edukasyon sa Pagpapakatao,20027,SYN-JHS-COURSE-000003,Grade 10 Edukasyon sa Pagpapakatao,20096,,INST JHS MLA_AY 2023-2024_Annual_Official,20001,SY_2023_JHS_OFFICIAL,83.0,83.0,active,83.0,83.0,,89,89,89,89,
Nancy J. Flores,10035,SYN-JHS-000044,Grade 10 Edukasyon sa Pagpapakatao,20027,SYN-JHS-COURSE-000003,Grade 10 Edukasyon sa Pagpapakatao,20096,,INST JHS MLA_AY 2023-2024_Annual_Official,20001,SY_2023_JHS_OFFICIAL,84.5,84.5,active,84.5,84.5,,90,90,90,90,
Kimberly R. Kelly,10068,SYN-JHS-000087,Grade 10 Edukasyon sa Pagpapakatao,20027,SYN-JHS-COURSE-000003,Grade 10 Edukasyon sa Pagpapakatao,20096,,INST JHS MLA_AY 2023-2024_Annual_Official,20001,SY_2023_JHS_OFFICIAL,88.0,88.0,active,88.0,88.0,,92,92,92,92,
Erin J. West,10037,SYN-JHS-000046,Grade 10 Edukasyon sa Pagpapakatao,20027,SYN-JHS-COURSE-000003,Grade 10 Edukasyon sa Pagpapakatao,20096,,INST JHS MLA_AY 2023-2024_Annual_Official,20001,SY_2023_JHS_OFFICIAL,0.0,0.0,active,0.0,0.0,,60,60,60,60,
Marcia J. Hall,10074,SYN-JHS-000090,Grade 10 Edukasyon sa Pagpapakatao,20027,SYN-JHS-COURSE-000003,Grade 10 Edukasyon sa Pagpapakatao,20096,,INST JHS MLA_AY 2023-2024_Annual_Official,20001,SY_2023_JHS_OFFICIAL,79.0,79.0,active,79.0,79.0,,86,86,86,86,
Brian K. Nichols,10048,SYN-JHS-000057,Grade 10 Edukasyon sa Pagpapakatao,20027,SYN-JHS-COURSE-000003,Grade 10 Edukasyon sa Pagpapakatao,20096,,INST JHS MLA_AY 2023-2024_Annual_Official,20001,SY_2023_JHS_OFFICIAL,88.5,88.5,active,88.5,88.5,,92,92,92,92,
Kelly S. Daniels,10059,SYN-JHS-000074,Grade 10 Edukasyon sa Pagpapakatao,20027,SYN-JHS-COURSE-000003,Grade 10 Edukasyon sa Pagpapakatao,20096,,INST JHS MLA_AY 2023-2024_Annual_Official,20001,SY_2023_JHS_OFFICIAL,85.0,85.0,active,85.0,85.0,,90,90,90,90,
Jacob T. Smith,10089,SYN-JHS-000091,Grade 10 Edukasyon sa Pagpapakatao,20027,SYN-JHS-COURSE-000003,Grade 10 Edukasyon sa Pagpapakatao,20096,,INST JHS MLA_AY 2023-2024_Annual_Official,20001,SY_2023_JHS_OFFICIAL,85.0,85.0,active,85.0,85.0,,90,90,90,90,
William R. Snyder,10069,SYN-JHS-000065,Grade 10 Edukasyon sa Pagpapakatao,20027,SYN-JHS-COURSE-000003,Grade 10 Edukasyon sa Pagpapakatao,20096,,INST JHS MLA_AY 2023-2024_Annual_Official,20001,SY_2023_JHS_OFFICIAL,83.0,83.0,active,83.0,83.0,,89,89,89,89,
Haley A. Robinson,10036,SYN-JHS-000045,Grade 10 Edukasyon sa Pagpapakatao,20027,SYN-JHS-COURSE-000003,Grade 10 Edukasyon sa Pagpapakatao,20096,,INST JHS MLA_AY 2023-2024_Annual_Official,20001,SY_2023_JHS_OFFICIAL,85.0,85.0,active,85.0,85.0,,90,90,90,90,
Dawn L. Simmons,10075,SYN-JHS-000092,Grade 10 Edukasyon sa Pagpapakatao,20027,SYN-JHS-COURSE-000003,Grade 10 Edukasyon sa Pagpapakatao,20096,,INST JHS MLA_AY 2023-2024_Annual_Official,20001,SY_2023_JHS_OFFICIAL,83.0,83.0,active,83.0,83.0,,89,89,89,89,
Michelle T. Rogers,10092,SYN-JHS-000101,Grade 10 Edukasyon sa Pagpapakatao,20027,SYN-JHS-COURSE-000003,Grade 10 Edukasyon sa Pagpapakatao,20096,,INST JHS MLA_AY 2023-2024_Annual_Official,20001,SY_2023_JHS_OFFICIAL,82.5,82.5,active,82.5,82.5,,89,89,89,89,
Eric T. Taylor,10099,SYN-JHS-000108,Grade 10 Edukasyon sa Pagpapakatao,20027,SYN-JHS-COURSE-000003,Grade 10 Edukasyon sa Pagpapakatao,20096,,INST JHS MLA_AY 2023-2024_Annual_Official,20001,SY_2023_JHS_OFFICIAL,85.5,85.5,active,85.5,85.5,,90,90,90,90,
Joseph M. Alvarado,10070,SYN-JHS-000066,Grade 10 Edukasyon sa Pagpapakatao,20027,SYN-JHS-COURSE-000003,Grade 10 Edukasyon sa Pagpapakatao,20096,,INST JHS MLA_AY 2023-2024_Annual_Official,20001,SY_2023_JHS_OFFICIAL,88.0,88.0,active,88.0,88.0,,92,92,92,92,
Jane S. Oliver,10098,SYN-JHS-000107,Grade 10 Edukasyon sa Pagpapakatao,20027,SYN-JHS-COURSE-000003,Grade 10 Edukasyon sa Pagpapakatao,20096,,INST JHS MLA_AY 2023-2024_Annual_Official,20001,SY_2023_JHS_OFFICIAL,82.5,82.5,active,82.5,82.5,,89,89,89,89,
Cody D. Williams,10102,SYN-JHS-000111,Grade 10 Edukasyon sa Pagpapakatao,20027,SYN-JHS-COURSE-000003,Grade 10 Edukasyon sa Pagpapakatao,20096,,INST JHS MLA_AY 2023-2024_Annual_Official,20001,SY_2023_JHS_OFFICIAL,86.5,86.5,active,86.5,86.5,,91,91,91,91,
Miranda R. Adams,10061,SYN-JHS-000076,Grade 10 Filipino,20028,SYN-JHS-COURSE-000004,Grade 10 Filipino,20071,,INST JHS MLA_AY 2023-2024_Annual_Official,20001,SY_2023_JHS_OFFICIAL,95.63,95.63,active,95.63,95.63,,97,97,97,97,
Nancy J. Flores,10035,SYN-JHS-000044,Grade 10 Filipino,20028,SYN-JHS-COURSE-000004,Grade 10 Filipino,20071,,INST JHS MLA_AY 2023-2024_Annual_Official,20001,SY_2023_JHS_OFFICIAL,87.74,87.74,active,87.74,87.74,,92,92,92,92,
Kimberly R. Kelly,10068,SYN-JHS-000087,Grade 10 Filipino,20028,SYN-JHS-COURSE-000004,Grade 10 Filipino,20071,,INST JHS MLA_AY 2023-2024_Annual_Official,20001,SY_2023_JHS_OFFICIAL,95.54,95.54,active,95.54,95.54,,97,97,97,97,
Erin J. West,10037,SYN-JHS-000046,Grade 10 Filipino,20028,SYN-JHS-COURSE-000004,Grade 10 Filipino,20071,,INST JHS MLA_AY 2023-2024_Annual_Official,20001,SY_2023_JHS_OFFICIAL,0.0,0.0,active,0.0,0.0,,60,60,60,60,
Marcia J. Hall,10074,SYN-JHS-000090,Grade 10 Filipino,20028,SYN-JHS-COURSE-000004,Grade 10 Filipino,20071,,INST JHS MLA_AY 2023-2024_Annual_Official,20001,SY_2023_JHS_OFFICIAL,75.13,75.13,active,75.13,75.13,,84,84,84,84,
Brian K. Nichols,10048,SYN-JHS-000057,Grade 10 Filipino,20028,SYN-JHS-COURSE-000004,Grade 10 Filipino,20071,,INST JHS MLA_AY 2023-2024_Annual_Official,20001,SY_2023_JHS_OFFICIAL,91.97,91.97,active,91.97,91.97,,94,94,94,94,
Kelly S. Daniels,10059,SYN-JHS-000074,Grade 10 Filipino,20028,SYN-JHS-COURSE-000004,Grade 10 Filipino,20071,,INST JHS MLA_AY 2023-2024_Annual_Official,20001,SY_2023_JHS_OFFICIAL,93.4,93.4,active,93.4,93.4,,95,95,95,95,
Jacob T. Smith,10089,SYN-JHS-000091,Grade 10 Filipino,20028,SYN-JHS-COURSE-000004,Grade 10 Filipino,20071,,INST JHS MLA_AY 2023-2024_Annual_Official,20001,SY_2023_JHS_OFFICIAL,92.6,92.6,active,92.6,92.6,,95,95,95,95,
William R. Snyder,10069,SYN-JHS-000065,Grade 10 Filipino,20028,SYN-JHS-COURSE-000004,Grade 10 Filipino,20071,,INST JHS MLA_AY 2023-2024_Annual_Official,20001,SY_2023_JHS_OFFICIAL,84.64,84.64,active,84.64,84.64,,90,90,90,90,
Haley A. Robinson,10036,SYN-JHS-000045,Grade 10 Filipino,20028,SYN-JHS-COURSE-000004,Grade 10 Filipino,20071,,INST JHS MLA_AY 2023-2024_Annual_Official,20001,SY_2023_JHS_OFFICIAL,94.11,94.11,active,94.11,94.11,,96,96,96,96,
Dawn L. Simmons,10075,SYN-JHS-000092,Grade 10 Filipino,20028,SYN-JHS-COURSE-000004,Grade 10 Filipino,20071,,INST JHS MLA_AY 2023-2024_Annual_Official,20001,SY_2023_JHS_OFFICIAL,90.25,90.25,active,90.25,90.25,,93,93,93,93,
Michelle T. Rogers,10092,SYN-JHS-000101,Grade 10 Filipino,20028,SYN-JHS-COURSE-000004,Grade 10 Filipino,20071,,INST JHS MLA_AY 2023-2024_Annual_Official,20001,SY_2023_JHS_OFFICIAL,87.89,87.89,active,87.89,87.89,,92,92,92,92,
Eric T. Taylor,10099,SYN-JHS-000108,Grade 10 Filipino,20028,SYN-JHS-COURSE-000004,Grade 10 Filipino,20071,,INST JHS MLA_AY 2023-2024_Annual_Official,20001,SY_2023_JHS_OFFICIAL,93.8,93.8,active,93.8,93.8,,96,96,96,96,
Joseph M. Alvarado,10070,SYN-JHS-000066,Grade 10 Filipino,20028,SYN-JHS-COURSE-000004,Grade 10 Filipino,20071,,INST JHS MLA_AY 2023-2024_Annual_Official,20001,SY_2023_JHS_OFFICIAL,90.29,90.29,active,90.29,90.29,,93,93,93,93,
Jane S. Oliver,10098,SYN-JHS-000107,Grade 10 Filipino,20028,SYN-JHS-COURSE-000004,Grade 10 Filipino,20071,,INST JHS MLA_AY 2023-2024_Annual_Official,20001,SY_2023_JHS_OFFICIAL,74.9,74.9,active,74.9,74.9,,84,84,84,84,
Cody D. Williams,10102,SYN-JHS-000111,Grade 10 Filipino,20028,SYN-JHS-COURSE-000004,Grade 10 Filipino,20071,,INST JHS MLA_AY 2023-2024_Annual_Official,20001,SY_2023_JHS_OFFICIAL,87.13,87.13,active,87.13,87.13,,91,91,91,91,
Miranda R. Adams,10061,SYN-JHS-000076,Grade 10 Mathematics,20029,SYN-JHS-COURSE-000006,Grade 10 Mathematics,20070,,INST JHS MLA_AY 2023-2024_Annual_Official,20001,SY_2023_JHS_OFFICIAL,85.71,85.71,active,85.71,85.71,,91,91,91,91,
Nancy J. Flores,10035,SYN-JHS-000044,Grade 10 Mathematics,20029,SYN-JHS-COURSE-000006,Grade 10 Mathematics,20070,,INST JHS MLA_AY 2023-2024_Annual_Official,20001,SY_2023_JHS_OFFICIAL,85.23,85.23,active,85.23,85.23,,90,90,90,90,
Kimberly R. Kelly,10068,SYN-JHS-000087,Grade 10 Mathematics,20029,SYN-JHS-COURSE-000006,Grade 10 Mathematics,20070,,INST JHS MLA_AY 2023-2024_Annual_Official,20001,SY_2023_JHS_OFFICIAL,95.57,95.57,active,95.57,95.57,,97,97,97,97,
Erin J. West,10037,SYN-JHS-000046,Grade 10 Mathematics,20029,SYN-JHS-COURSE-000006,Grade 10 Mathematics,20070,,INST JHS MLA_AY 2023-2024_Annual_Official,20001,SY_2023_JHS_OFFICIAL,0.0,0.0,active,0.0,0.0,,60,60,60,60,
Marcia J. Hall,10074,SYN-JHS-000090,Grade 10 Mathematics,20029,SYN-JHS-COURSE-000006,Grade 10 Mathematics,20070,,INST JHS MLA_AY 2023-2024_Annual_Official,20001,SY_2023_JHS_OFFICIAL,72.06,72.06,active,72.06,72.06,,82,82,82,82,
Brian K. Nichols,10048,SYN-JHS-000057,Grade 10 Mathematics,20029,SYN-JHS-COURSE-000006,Grade 10 Mathematics,20070,,INST JHS MLA_AY 2023-2024_Annual_Official,20001,SY_2023_JHS_OFFICIAL,91.51,91.51,active,91.51,91.51,,94,94,94,94,
Kelly S. Daniels,10059,SYN-JHS-000074,Grade 10 Mathematics,20029,SYN-JHS-COURSE-000006,Grade 10 Mathematics,20070,,INST JHS MLA_AY 2023-2024_Annual_Official,20001,SY_2023_JHS_OFFICIAL,86.95,86.95,active,86.95,86.95,,91,91,91,91,
Jacob T. Smith,10089,SYN-JHS-000091,Grade 10 Mathematics,20029,SYN-JHS-COURSE-000006,Grade 10 Mathematics,20070,,INST JHS MLA_AY 2023-2024_Annual_Official,20001,SY_2023_JHS_OFFICIAL,94.98,94.98,active,94.98,94.98,,96,96,96,96,
William R. Snyder,10069,SYN-JHS-000065,Grade 10 Mathematics,20029,SYN-JHS-COURSE-000006,Grade 10 Mathematics,20070,,INST JHS MLA_AY 2023-2024_Annual_Official,20001,SY_2023_JHS_OFFICIAL,72.69,72.69,active,72.69,72.69,,82,82,82,82,
Haley A. Robinson,10036,SYN-JHS-000045,Grade 10 Mathematics,20029,SYN-JHS-COURSE-000006,Grade 10 Mathematics,20070,,INST JHS MLA_AY 2023-2024_Annual_Official,20001,SY_2023_JHS_OFFICIAL,89.26,89.26,active,89.26,89.26,,93,93,93,93,
Dawn L. Simmons,10075,SYN-JHS-000092,Grade 10 Mathematics,20029,SYN-JHS-COURSE-000006,Grade 10 Mathematics,20070,,INST JHS MLA_AY 2023-2024_Annual_Official,20001,SY_2023_JHS_OFFICIAL,77.37,77.37,active,77.37,77.37,,85,85,85,85,
Michelle T. Rogers,10092,SYN-JHS-000101,Grade 10 Mathematics,20029,SYN-JHS-COURSE-000006,Grade 10 Mathematics,20070,,INST JHS MLA_AY 2023-2024_Annual_Official,20001,SY_2023_JHS_OFFICIAL,73.74,73.74,active,73.74,73.74,,83,83,83,83,
Eric T. Taylor,10099,SYN-JHS-000108,Grade 10 Mathematics,20029,SYN-JHS-COURSE-000006,Grade 10 Mathematics,20070,,INST JHS MLA_AY 2023-2024_Annual_Official,20001,SY_2023_JHS_OFFICIAL,89.91,89.91,active,89.91,89.91,,93,93,93,93,
Joseph M. Alvarado,10070,SYN-JHS-000066,Grade 10 Mathematics,20029,SYN-JHS-COURSE-000006,Grade 10 Mathematics,20070,,INST JHS MLA_AY 2023-2024_Annual_Official,20001,SY_2023_JHS_OFFICIAL,88.79,88.79,active,88.79,88.79,,92,92,92,92,
Jane S. Oliver,10098,SYN-JHS-000107,Grade 10 Mathematics,20029,SYN-JHS-COURSE-000006,Grade 10 Mathematics,20070,,INST JHS MLA_AY 2023-2024_Annual_Official,20001,SY_2023_JHS_OFFICIAL,79.17,79.17,active,79.17,79.17,,86,86,86,86,
Cody D. Williams,10102,SYN-JHS-000111,Grade 10 Mathematics,20029,SYN-JHS-COURSE-000006,Grade 10 Mathematics,20070,,INST JHS MLA_AY 2023-2024_Annual_Official,20001,SY_2023_JHS_OFFICIAL,79.97,79.97,active,79.97,79.97,,87,87,87,87,
Miranda R. Adams,10061,SYN-JHS-000076,Grade 10 Science,20030,SYN-JHS-COURSE-000007,Grade 10 Science,20074,,INST JHS MLA_AY 2023-2024_Annual_Official,20001,SY_2023_JHS_OFFICIAL,79.27,79.27,active,79.27,79.27,,87,87,87,87,
Nancy J. Flores,10035,SYN-JHS-000044,Grade 10 Science,20030,SYN-JHS-COURSE-000007,Grade 10 Science,20074,,INST JHS MLA_AY 2023-2024_Annual_Official,20001,SY_2023_JHS_OFFICIAL,69.8,69.8,active,69.8,69.8,,81,81,81,81,
Kimberly R. Kelly,10068,SYN-JHS-000087,Grade 10 Science,20030,SYN-JHS-COURSE-000007,Grade 10 Science,20074,,INST JHS MLA_AY 2023-2024_Annual_Official,20001,SY_2023_JHS_OFFICIAL,94.33,94.33,active,94.33,94.33,,96,96,96,96,
Erin J. West,10037,SYN-JHS-000046,Grade 10 Science,20030,SYN-JHS-COURSE-000007,Grade 10 Science,20074,,INST JHS MLA_AY 2023-2024_Annual_Official,20001,SY_2023_JHS_OFFICIAL,0.0,0.0,active,0.0,0.0,,60,60,60,60,
Marcia J. Hall,10074,SYN-JHS-000090,Grade 10 Science,20030,SYN-JHS-COURSE-000007,Grade 10 Science,20074,,INST JHS MLA_AY 2023-2024_Annual_Official,20001,SY_2023_JHS_OFFICIAL,75.33,75.33,active,75.33,75.33,,84,84,84,84,
Brian K. Nichols,10048,SYN-JHS-000057,Grade 10 Science,20030,SYN-JHS-COURSE-000007,Grade 10 Science,20074,,INST JHS MLA_AY 2023-2024_Annual_Official,20001,SY_2023_JHS_OFFICIAL,87.07,87.07,active,87.07,87.07,,91,91,91,91,
Kelly S. Daniels,10059,SYN-JHS-000074,Grade 10 Science,20030,SYN-JHS-COURSE-000007,Grade 10 Science,20074,,INST JHS MLA_AY 2023-2024_Annual_Official,20001,SY_2023_JHS_OFFICIAL,83.27,83.27,active,83.27,83.27,,89,89,89,89,
Jacob T. Smith,10089,SYN-JHS-000091,Grade 10 Science,20030,SYN-JHS-COURSE-000007,Grade 10 Science,20074,,INST JHS MLA_AY 2023-2024_Annual_Official,20001,SY_2023_JHS_OFFICIAL,82.6,82.6,active,82.6,82.6,,89,89,89,89,
William R. Snyder,10069,SYN-JHS-000065,Grade 10 Science,20030,SYN-JHS-COURSE-000007,Grade 10 Science,20074,,INST JHS MLA_AY 2023-2024_Annual_Official,20001,SY_2023_JHS_OFFICIAL,68.0,68.0,active,68.0,68.0,,80,80,80,80,
Haley A. Robinson,10036,SYN-JHS-000045,Grade 10 Science,20030,SYN-JHS-COURSE-000007,Grade 10 Science,20074,,INST JHS MLA_AY 2023-2024_Annual_Official,20001,SY_2023_JHS_OFFICIAL,92.6,92.6,active,92.6,92.6,,95,95,95,95,
Dawn L. Simmons,10075,SYN-JHS-000092,Grade 10 Science,20030,SYN-JHS-COURSE-000007,Grade 10 Science,20074,,INST JHS MLA_AY 2023-2024_Annual_Official,20001,SY_2023_JHS_OFFICIAL,70.4,70.4,active,70.4,70.4,,81,81,81,81,
Michelle T. Rogers,10092,SYN-JHS-000101,Grade 10 Science,20030,SYN-JHS-COURSE-000007,Grade 10 Science,20074,,INST JHS MLA_AY 2023-2024_Annual_Official,20001,SY_2023_JHS_OFFICIAL,70.07,70.07,active,70.07,70.07,,81,81,81,81,
Eric T. Taylor,10099,SYN-JHS-000108,Grade 10 Science,20030,SYN-JHS-COURSE-000007,Grade 10 Science,20074,,INST JHS MLA_AY 2023-2024_Annual_Official,20001,SY_2023_JHS_OFFICIAL,88.93,88.93,active,88.93,88.93,,93,93,93,93,
Joseph M. Alvarado,10070,SYN-JHS-000066,Grade 10 Science,20030,SYN-JHS-COURSE-000007,Grade 10 Science,20074,,INST JHS MLA_AY 2023-2024_Annual_Official,20001,SY_2023_JHS_OFFICIAL,82.93,82.93,active,82.93,82.93,,89,89,89,89,
Jane S. Oliver,10098,SYN-JHS-000107,Grade 10 Science,20030,SYN-JHS-COURSE-000007,Grade 10 Science,20074,,INST JHS MLA_AY 2023-2024_Annual_Official,20001,SY_2023_JHS_OFFICIAL,77.93,77.93,active,77.93,77.93,,86,86,86,86,
Cody D. Williams,10102,SYN-JHS-000111,Grade 10 Science,20030,SYN-JHS-COURSE-000007,Grade 10 Science,20074,,INST JHS MLA_AY 2023-2024_Annual_Official,20001,SY_2023_JHS_OFFICIAL,73.93,73.93,active,73.93,73.93,,83,83,83,83,
Miranda R. Adams,10061,SYN-JHS-000076,Grade 10 Technology and Livelihood Education,20031,SYN-JHS-COURSE-000008,Grade 10 Technology and Livelihood Education,20075,,INST JHS MLA_AY 2023-2024_Annual_Official,20001,SY_2023_JHS_OFFICIAL,68.97,68.97,active,68.97,68.97,,80,80,80,80,
Nancy J. Flores,10035,SYN-JHS-000044,Grade 10 Technology and Livelihood Education,20031,SYN-JHS-COURSE-000008,Grade 10 Technology and Livelihood Education,20075,,INST JHS MLA_AY 2023-2024_Annual_Official,20001,SY_2023_JHS_OFFICIAL,71.01,71.01,active,71.01,71.01,,81,81,81,81,
Kimberly R. Kelly,10068,SYN-JHS-000087,Grade 10 Technology and Livelihood Education,20031,SYN-JHS-COURSE-000008,Grade 10 Technology and Livelihood Education,20075,,INST JHS MLA_AY 2023-2024_Annual_Official,20001,SY_2023_JHS_OFFICIAL,91.03,91.03,active,91.03,91.03,,94,94,94,94,
Erin J. West,10037,SYN-JHS-000046,Grade 10 Technology and Livelihood Education,20031,SYN-JHS-COURSE-000008,Grade 10 Technology and Livelihood Education,20075,,INST JHS MLA_AY 2023-2024_Annual_Official,20001,SY_2023_JHS_OFFICIAL,6.0,6.0,active,6.0,6.0,,61,61,61,61,
Marcia J. Hall,10074,SYN-JHS-000090,Grade 10 Technology and Livelihood Education,20031,SYN-JHS-COURSE-000008,Grade 10 Technology and Livelihood Education,20075,,INST JHS MLA_AY 2023-2024_Annual_Official,20001,SY_2023_JHS_OFFICIAL,56.42,56.42,active,56.42,56.42,,74,74,74,74,
Brian K. Nichols,10048,SYN-JHS-000057,Grade 10 Technology and Livelihood Education,20031,SYN-JHS-COURSE-000008,Grade 10 Technology and Livelihood Education,20075,,INST JHS MLA_AY 2023-2024_Annual_Official,20001,SY_2023_JHS_OFFICIAL,76.14,76.14,active,76.14,76.14,,85,85,85,85,
Kelly S. Daniels,10059,SYN-JHS-000074,Grade 10 Technology and Livelihood Education,20031,SYN-JHS-COURSE-000008,Grade 10 Technology and Livelihood Education,20075,,INST JHS MLA_AY 2023-2024_Annual_Official,20001,SY_2023_JHS_OFFICIAL,80.89,80.89,active,80.89,80.89,,88,88,88,88,
Jacob T. Smith,10089,SYN-JHS-000091,Grade 10 Technology and Livelihood Education,20031,SYN-JHS-COURSE-000008,Grade 10 Technology and Livelihood Education,20075,,INST JHS MLA_AY 2023-2024_Annual_Official,20001,SY_2023_JHS_OFFICIAL,80.09,80.09,active,80.09,80.09,,87,87,87,87,
William R. Snyder,10069,SYN-JHS-000065,Grade 10 Technology and Livelihood Education,20031,SYN-JHS-COURSE-000008,Grade 10 Technology and Livelihood Education,20075,,INST JHS MLA_AY 2023-2024_Annual_Official,20001,SY_2023_JHS_OFFICIAL,20.34,20.34,active,20.34,20.34,,65,65,65,65,
Haley A. Robinson,10036,SYN-JHS-000045,Grade 10 Technology and Livelihood Education,20031,SYN-JHS-COURSE-000008,Grade 10 Technology and Livelihood Education,20075,,INST JHS MLA_AY 2023-2024_Annual_Official,20001,SY_2023_JHS_OFFICIAL,75.42,75.42,active,75.42,75.42,,84,84,84,84,
Dawn L. Simmons,10075,SYN-JHS-000092,Grade 10 Technology and Livelihood Education,20031,SYN-JHS-COURSE-000008,Grade 10 Technology and Livelihood Education,20075,,INST JHS MLA_AY 2023-2024_Annual_Official,20001,SY_2023_JHS_OFFICIAL,23.39,23.39,active,23.39,23.39,,65,65,65,65,
Michelle T. Rogers,10092,SYN-JHS-000101,Grade 10 Technology and Livelihood Education,20031,SYN-JHS-COURSE-000008,Grade 10 Technology and Livelihood Education,20075,,INST JHS MLA_AY 2023-2024_Annual_Official,20001,SY_2023_JHS_OFFICIAL,64.72,64.72,active,64.72,64.72,,77,77,77,77,
Eric T. Taylor,10099,SYN-JHS-000108,Grade 10 Technology and Livelihood Education,20031,SYN-JHS-COURSE-000008,Grade 10 Technology and Livelihood Education,20075,,INST JHS MLA_AY 2023-2024_Annual_Official,20001,SY_2023_JHS_OFFICIAL,80.08,80.08,active,80.08,80.08,,87,87,87,87,
Joseph M. Alvarado,10070,SYN-JHS-000066,Grade 10 Technology and Livelihood Education,20031,SYN-JHS-COURSE-000008,Grade 10 Technology and Livelihood Education,20075,,INST JHS MLA_AY 2023-2024_Annual_Official,20001,SY_2023_JHS_OFFICIAL,84.1,84.1,active,84.1,84.1,,90,90,90,90,
Jane S. Oliver,10098,SYN-JHS-000107,Grade 10 Technology and Livelihood Education,20031,SYN-JHS-COURSE-000008,Grade 10 Technology and Livelihood Education,20075,,INST JHS MLA_AY 2023-2024_Annual_Official,20001,SY_2023_JHS_OFFICIAL,26.11,26.11,active,26.11,26.11,,66,66,66,66,
Cody D. Williams,10102,SYN-JHS-000111,Grade 10 Technology and Livelihood Education,20031,SYN-JHS-COURSE-000008,Grade 10 Technology and Livelihood Education,20075,,INST JHS MLA_AY 2023-2024_Annual_Official,20001,SY_2023_JHS_OFFICIAL,15.56,15.56,active,15.56,15.56,,63,63,63,63,
Miranda R. Adams,10061,SYN-JHS-000076,"Grade 10 Music, Arts, PE and Health",20032,SYN-JHS-COURSE-000005,"Grade 10 Music, Arts, PE and Health",20072,,INST JHS MLA_AY 2023-2024_Annual_Official,20001,SY_2023_JHS_OFFICIAL,86.25,86.25,active,86.25,86.25,,91,91,91,91,
Nancy J. Flores,10035,SYN-JHS-000044,"Grade 10 Music, Arts, PE and Health",20032,SYN-JHS-COURSE-000005,"Grade 10 Music, Arts, PE and Health",20072,,INST JHS MLA_AY 2023-2024_Annual_Official,20001,SY_2023_JHS_OFFICIAL,86.85,86.85,active,86.85,86.85,,91,91,91,91,
Kimberly R. Kelly,10068,SYN-JHS-000087,"Grade 10 Music, Arts, PE and Health",20032,SYN-JHS-COURSE-000005,"Grade 10 Music, Arts, PE and Health",20072,,INST JHS MLA_AY 2023-2024_Annual_Official,20001,SY_2023_JHS_OFFICIAL,94.5,94.5,active,94.5,94.5,,96,96,96,96,
Erin J. West,10037,SYN-JHS-000046,"Grade 10 Music, Arts, PE and Health",20032,SYN-JHS-COURSE-000005,"Grade 10 Music, Arts, PE and Health",20072,,INST JHS MLA_AY 2023-2024_Annual_Official,20001,SY_2023_JHS_OFFICIAL,0.0,0.0,active,0.0,0.0,,60,60,60,60,
Marcia J. Hall,10074,SYN-JHS-000090,"Grade 10 Music, Arts, PE and Health",20032,SYN-JHS-COURSE-000005,"Grade 10 Music, Arts, PE and Health",20072,,INST JHS MLA_AY 2023-2024_Annual_Official,20001,SY_2023_JHS_OFFICIAL,62.35,62.35,active,62.35,62.35,,76,76,76,76,
Brian K. Nichols,10048,SYN-JHS-000057,"Grade 10 Music, Arts, PE and Health",20032,SYN-JHS-COURSE-000005,"Grade 10 Music, Arts, PE and Health",20072,,INST JHS MLA_AY 2023-2024_Annual_Official,20001,SY_2023_JHS_OFFICIAL,87.75,87.75,active,87.75,87.75,,92,92,92,92,
Kelly S. Daniels,10059,SYN-JHS-000074,"Grade 10 Music, Arts, PE and Health",20032,SYN-JHS-COURSE-000005,"Grade 10 Music, Arts, PE and Health",20072,,INST JHS MLA_AY 2023-2024_Annual_Official,20001,SY_2023_JHS_OFFICIAL,81.6,81.6,active,81.6,81.6,,88,88,88,88,
Jacob T. Smith,10089,SYN-JHS-000091,"Grade 10 Music, Arts, PE and Health",20032,SYN-JHS-COURSE-000005,"Grade 10 Music, Arts, PE and Health",20072,,INST JHS MLA_AY 2023-2024_Annual_Official,20001,SY_2023_JHS_OFFICIAL,83.45,83.45,active,83.45,83.45,,89,89,89,89,
William R. Snyder,10069,SYN-JHS-000065,"Grade 10 Music, Arts, PE and Health",20032,SYN-JHS-COURSE-000005,"Grade 10 Music, Arts, PE and Health",20072,,INST JHS MLA_AY 2023-2024_Annual_Official,20001,SY_2023_JHS_OFFICIAL,66.45,66.45,active,66.45,66.45,,79,79,79,79,
Haley A. Robinson,10036,SYN-JHS-000045,"Grade 10 Music, Arts, PE and Health",20032,SYN-JHS-COURSE-000005,"Grade 10 Music, Arts, PE and Health",20072,,INST JHS MLA_AY 2023-2024_Annual_Official,20001,SY_2023_JHS_OFFICIAL,84.95,84.95,active,84.95,84.95,,90,90,90,90,
Dawn L. Simmons,10075,SYN-JHS-000092,"Grade 10 Music, Arts, PE and Health",20032,SYN-JHS-COURSE-000005,"Grade 10 Music, Arts, PE and Health",20072,,INST JHS MLA_AY 2023-2024_Annual_Official,20001,SY_2023_JHS_OFFICIAL,77.45,77.45,active,77.45,77.45,,85,85,85,85,
Michelle T. Rogers,10092,SYN-JHS-000101,"Grade 10 Music, Arts, PE and Health",20032,SYN-JHS-COURSE-000005,"Grade 10 Music, Arts, PE and Health",20072,,INST JHS MLA_AY 2023-2024_Annual_Official,20001,SY_2023_JHS_OFFICIAL,82.8,82.8,active,82.8,82.8,,89,89,89,89,
Eric T. Taylor,10099,SYN-JHS-000108,"Grade 10 Music, Arts, PE and Health",20032,SYN-JHS-COURSE-000005,"Grade 10 Music, Arts, PE and Health",20072,,INST JHS MLA_AY 2023-2024_Annual_Official,20001,SY_2023_JHS_OFFICIAL,92.9,92.9,active,92.9,92.9,,95,95,95,95,
Joseph M. Alvarado,10070,SYN-JHS-000066,"Grade 10 Music, Arts, PE and Health",20032,SYN-JHS-COURSE-000005,"Grade 10 Music, Arts, PE and Health",20072,,INST JHS MLA_AY 2023-2024_Annual_Official,20001,SY_2023_JHS_OFFICIAL,85.0,85.0,active,85.0,85.0,,90,90,90,90,
Jane S. Oliver,10098,SYN-JHS-000107,"Grade 10 Music, Arts, PE and Health",20032,SYN-JHS-COURSE-000005,"Grade 10 Music, Arts, PE and Health",20072,,INST JHS MLA_AY 2023-2024_Annual_Official,20001,SY_2023_JHS_OFFICIAL,70.0,70.0,active,70.0,70.0,,81,81,81,81,
Cody D. Williams,10102,SYN-JHS-000111,"Grade 10 Music, Arts, PE and Health",20032,SYN-JHS-COURSE-000005,"Grade 10 Music, Arts, PE and Health",20072,,INST JHS MLA_AY 2023-2024_Annual_Official,20001,SY_2023_JHS_OFFICIAL,66.75,66.75,active,66.75,66.75,,79,79,79,79,
James G. Hall,10034,SYN-JHS-000042,Grade 9 Technology and Livelihood Education,20033,SYN-JHS-COURSE-000025,Grade 9 Technology and Livelihood Education,20099,,INST JHS MLA_AY 2023-2024_Annual_Official,20001,SY_2023_JHS_OFFICIAL,94.15,94.15,active,94.15,94.15,,96,96,96,96,
Kimberly D. Williams,10042,SYN-JHS-000052,Grade 9 Technology and Livelihood Education,20033,SYN-JHS-COURSE-000025,Grade 9 Technology and Livelihood Education,20099,,INST JHS MLA_AY 2023-2024_Annual_Official,20001,SY_2023_JHS_OFFICIAL,86.4,86.4,active,86.4,86.4,,91,91,91,91,
Pamela S. Davenport,10094,SYN-JHS-000103,Grade 9 Technology and Livelihood Education,20033,SYN-JHS-COURSE-000025,Grade 9 Technology and Livelihood Education,20099,,INST JHS MLA_AY 2023-2024_Annual_Official,20001,SY_2023_JHS_OFFICIAL,84.37,84.37,active,84.37,84.37,,90,90,90,90,
Nicholas J. Mercer,10082,SYN-JHS-000063,Grade 9 Technology and Livelihood Education,20033,SYN-JHS-COURSE-000025,Grade 9 Technology and Livelihood Education,20099,,INST JHS MLA_AY 2023-2024_Annual_Official,20001,SY_2023_JHS_OFFICIAL,85.78,85.78,active,85.78,85.78,,91,91,91,91,
John B. Baldwin,10054,SYN-JHS-000069,Grade 9 Technology and Livelihood Education,20033,SYN-JHS-COURSE-000025,Grade 9 Technology and Livelihood Education,20099,,INST JHS MLA_AY 2023-2024_Annual_Official,20001,SY_2023_JHS_OFFICIAL,84.15,84.15,active,84.15,84.15,,90,90,90,90,
Amanda M. Chan,10057,SYN-JHS-000072,Grade 9 Technology and Livelihood Education,20033,SYN-JHS-COURSE-000025,Grade 9 Technology and Livelihood Education,20099,,INST JHS MLA_AY 2023-2024_Annual_Official,20001,SY_2023_JHS_OFFICIAL,78.65,78.65,active,78.65,78.65,,86,86,86,86,
Terri V. Ortiz,10046,SYN-JHS-000055,Grade 9 Technology and Livelihood Education,20033,SYN-JHS-COURSE-000025,Grade 9 Technology and Livelihood Education,20099,,INST JHS MLA_AY 2023-2024_Annual_Official,20001,SY_2023_JHS_OFFICIAL,89.2,89.2,active,89.2,89.2,,93,93,93,93,
Tara L. Diaz,10056,SYN-JHS-000071,Grade 9 Technology and Livelihood Education,20033,SYN-JHS-COURSE-000025,Grade 9 Technology and Livelihood Education,20099,,INST JHS MLA_AY 2023-2024_Annual_Official,20001,SY_2023_JHS_OFFICIAL,73.97,73.97,active,73.97,73.97,,83,83,83,83,
Randy B. Shelton,10077,SYN-JHS-000094,Grade 9 Technology and Livelihood Education,20033,SYN-JHS-COURSE-000025,Grade 9 Technology and Livelihood Education,20099,,INST JHS MLA_AY 2023-2024_Annual_Official,20001,SY_2023_JHS_OFFICIAL,86.0,86.0,active,86.0,86.0,,91,91,91,91,
Derrick C. Hancock,10100,SYN-JHS-000109,Grade 9 Technology and Livelihood Education,20033,SYN-JHS-COURSE-000025,Grade 9 Technology and Livelihood Education,20099,,INST JHS MLA_AY 2023-2024_Annual_Official,20001,SY_2023_JHS_OFFICIAL,95.2,95.2,active,95.2,95.2,,97,97,97,97,
Rebecca T. Castro,10043,SYN-JHS-000050,Grade 9 Technology and Livelihood Education,20033,SYN-JHS-COURSE-000025,Grade 9 Technology and Livelihood Education,20099,,INST JHS MLA_AY 2023-2024_Annual_Official,20001,SY_2023_JHS_OFFICIAL,94.0,94.0,active,94.0,94.0,,96,96,96,96,
Dorothy T. Fernandez,10079,SYN-JHS-000096,Grade 9 Technology and Livelihood Education,20033,SYN-JHS-COURSE-000025,Grade 9 Technology and Livelihood Education,20099,,INST JHS MLA_AY 2023-2024_Annual_Official,20001,SY_2023_JHS_OFFICIAL,92.4,92.4,active,92.4,92.4,,95,95,95,95,
April L. Harris,10081,SYN-JHS-000062,Grade 9 Technology and Livelihood Education,20033,SYN-JHS-COURSE-000025,Grade 9 Technology and Livelihood Education,20099,,INST JHS MLA_AY 2023-2024_Annual_Official,20001,SY_2023_JHS_OFFICIAL,83.17,83.17,active,83.17,83.17,,89,89,89,89,
Ashley G. Robles,10096,SYN-JHS-000105,Grade 9 Technology and Livelihood Education,20033,SYN-JHS-COURSE-000025,Grade 9 Technology and Livelihood Education,20099,,INST JHS MLA_AY 2023-2024_Annual_Official,20001,SY_2023_JHS_OFFICIAL,89.2,89.2,active,89.2,89.2,,93,93,93,93,
Philip R. Evans,10066,SYN-JHS-000084,Grade 9 Technology and Livelihood Education,20033,SYN-JHS-COURSE-000025,Grade 9 Technology and Livelihood Education,20099,,INST JHS MLA_AY 2023-2024_Annual_Official,20001,SY_2023_JHS_OFFICIAL,96.0,96.0,active,96.0,96.0,,97,97,97,97,
Jimmy A. Wolf,10097,SYN-JHS-000106,Grade 9 Technology and Livelihood Education,20033,SYN-JHS-COURSE-000025,Grade 9 Technology and Livelihood Education,20099,,INST JHS MLA_AY 2023-2024_Annual_Official,20001,SY_2023_JHS_OFFICIAL,89.2,89.2,active,89.2,89.2,,93,93,93,93,
William A. Ruiz,10044,SYN-JHS-000053,Grade 9 Technology and Livelihood Education,20033,SYN-JHS-COURSE-000025,Grade 9 Technology and Livelihood Education,20099,,INST JHS MLA_AY 2023-2024_Annual_Official,20001,SY_2023_JHS_OFFICIAL,93.35,93.35,active,93.35,93.35,,95,95,95,95,
Christian A. Williams,10060,SYN-JHS-000075,Grade 9 Technology and Livelihood Education,20033,SYN-JHS-COURSE-000025,Grade 9 Technology and Livelihood Education,20099,,INST JHS MLA_AY 2023-2024_Annual_Official,20001,SY_2023_JHS_OFFICIAL,93.2,93.2,active,93.2,93.2,,95,95,95,95,
Larry E. Cohen,10045,SYN-JHS-000054,Grade 9 Technology and Livelihood Education,20033,SYN-JHS-COURSE-000025,Grade 9 Technology and Livelihood Education,20099,,INST JHS MLA_AY 2023-2024_Annual_Official,20001,SY_2023_JHS_OFFICIAL,89.75,89.75,active,89.75,89.75,,93,93,93,93,
Andrew J. Becker,10051,SYN-JHS-000058,Grade 9 Technology and Livelihood Education,20033,SYN-JHS-COURSE-000025,Grade 9 Technology and Livelihood Education,20099,,INST JHS MLA_AY 2023-2024_Annual_Official,20001,SY_2023_JHS_OFFICIAL,90.46,90.46,active,90.46,90.46,,94,94,94,94,
Diana J. Smith,10086,SYN-JHS-000079,Grade 9 Technology and Livelihood Education,20033,SYN-JHS-COURSE-000025,Grade 9 Technology and Livelihood Education,20099,,INST JHS MLA_AY 2023-2024_Annual_Official,20001,SY_2023_JHS_OFFICIAL,76.37,76.37,active,76.37,76.37,,85,85,85,85,
Carl T. Hill,10039,SYN-JHS-000047,Grade 9 Technology and Livelihood Education,20033,SYN-JHS-COURSE-000025,Grade 9 Technology and Livelihood Education,20099,,INST JHS MLA_AY 2023-2024_Annual_Official,20001,SY_2023_JHS_OFFICIAL,0.0,0.0,active,0.0,0.0,,60,60,60,60,
